{
    "parts": [
        {
            "id": 1,
            "title": "PART 1: Words Children Use",
            "types": [
                {
                    "id": "word",
                    "sections": [
                        {
                            "id": "col_1",
                            "page": 1
                        },
                        {
                            "id": "col_2",
                            "page": 2
                        },
                        {
                            "id": "col_3",
                            "page": 3
                        },
                        {
                            "id": "col_4",
                            "page": 4
                        }
                    ],
                    "text": "Children understand many more words than they say. We are particularly interested in the words your child SAYS. Please mark the words you have heard your child use. If your child uses a different pronunciation of a word (for example, \"raffe\" instead of \"giraffe\" or \"sketti\" for \"spaghetti\"), mark it anyway. This is only a sample of words; your child may know many other words not on this list.",
                    "title": "Vocabulary Checklist",
                    "type": "checkbox"
                }
            ]
        },
        {
            "id": 2,
            "title": "PART 2: Sentences and Grammar",
            "types": [
                {
                    "id": "combine",
                    "title": "",
                    "type": "radiobutton",
                    "page": 5
                },
                {
                    "id": "complexity",
                    "text": "For each pair of sentences below, please mark the one that sounds MOST like the way your child talks at the moment. If your child is saying sentences even more complicated than the two provided, mark the second one.",
                    "title": "Complexity",
                    "type": "radiobutton",
                    "page": 6
                },
                {
                	"id": "usage",
                	"title": "Using Language",
                	"type": "radiobutton",
                    "page": 7
                },
                {
                    "id": "combination_examples",
                    "title": "Examples",
                    "text": "Please list three of the longest sentences you have heard your child say recently.",
                    "type": "textbox",
                    "page": 8
                }
            ]
        }
    ]
}
