{
    "parts": [
        {
            "id": 1,
            "title": "PARTIE 1: MOTS QU'EMPLOIENT LES ENFANTS",
            "types": [
                {
                    "id": "word",
                    "sections": [
                        {
                            "id": "sounds",
                            "title": "1. EFFETS SONORES ET SONS D'ANIMAUX",
                            "page": 1
                        },
                        {
                            "id": "animals",
                            "title": "2. ANIMAUX (réels ou jouets)",
                            "page": 2
                        },
                        {
                            "id": "vehicles",
                            "title": "3. VÉHICULES (réels ou jouets)",
                            "page": 3
                        },
                        {
                            "id": "toys",
                            "title": "4. JOUETS",
                            "page": 4
                        },
                        {
                            "id": "food_drink",
                            "title": "5. NOURRITURE ET BOISSONS",
                            "page": 5
                        },
                        {
                            "id": "clothing",
                            "title": "6. VÊTEMENTS",
                            "page": 6
                        },
                        {
                            "footnote": "* ou tout autre mot utilisé dans votre famille",
                            "id": "body_parts",
                            "title": "7. PARTIES DU CORPS",
                            "page": 7
                        },
                        {
                            "id": "household",
                            "title": "8. PETITS ARTICLES MÉNAGERS",
                            "page": 8
                        },
                        {
                            "id": "furniture_rooms",
                            "title": "9. MEUBLES ET PIÈCES",
                            "page": 9
                        },
                        {
                            "id": "outside",
                            "title": "10. CHOSES DE L'EXTÉRIEUR",
                            "page": 10
                        },
                        {
                            "id": "places",
                            "title": "11. ENDROITS OÙ ALLER",
                            "footnote": "* ou tout autre mot utilisé dans votre famille",
                            "page": 11
                        },
                        {
                            "id": "people",
                            "title": "12. GENS",
                            "footnote": "* ou tout autre mot utilisé dans votre famille",
                            "page": 12
                        },
                        {
                            "id": "games_routines",
                            "title": "13. JEUX ET ROUTINES",
                            "page": 13
                        },
                        {
                            "id": "action_words",
                            "title": "14. VERBES",
                            "text": "Les enfants utilisent habituellement des verbes pour s'exprimer. Ils peuvent dire, par exemple, \"chanter\", \"chantons\", \"chantes\". Veuillez noircir le cercle correspondant à un verbe si votre enfant utilise au moins une des conjugaisons du verbe.",
                            "page": 14
                        },
                        {
                            "id": "descriptive_words",
                            "title": "15. MOTS DESCRIPTIFS",
                            "text": "Plusieurs mots de cette catégorie existent dans la forme masculine ou féminine (par ex., vieux, vielle). Veuillez noircir le cercle si votre enfant utilise l'une ou l'autre de ces formes.",
                            "page": 15
                        },
                        {
                            "id": "time_words",
                            "title": "16. MOTS POUR PARLER DU TEMPS",
                            "page": 16
                        },
                        {
                            "id": "pronouns",
                            "title": "17. PRONOMS",
                            "page": 17
                        },
                        {
                            "id": "question_words",
                            "title": "18. MOTS D'INTERROGATION",
                            "page": 18
                        },
                        {
                            "id": "locations",
                            "title": "19. PRÉPOSITIONS ET TERMES LOCATIFS",
                            "page": 19
                        },
                        {
                            "id": "quantifiers",
                            "title": "20. QUANTIFICATEURS ET ARTICLES",
                            "text": "Plusieurs mots de cette catégorie existent dans la forme masculine ou féminine (par ex., tout, toute). Veuillez noircir le cercle si votre enfant utilise l'une ou l'autre de ces formes.",
                            "page": 20
                        },
                        {
                            "id": "connecting_words",
                            "title": "21. CONJONCTIONS",
                            "page": 21
                        }
                    ],
                    "text": "Les enfants comprennent bien plus de mots qu'ils n'en produisent. Nous sommes particulièrement intéressés aux mots que produit votre enfant. Lisez la liste et indiquez les mots que vous avez entendu votre enfant utiliser. Dans les cas où plus d'un mot est présenté, veuillez encercler le mot utilisé le plus souvent par votre enfant. Si votre enfant utilise une prononciation différente pour un mot, par exemple \"wawal\" pour \"cheval\" ou \"ghetti\" pour \"spaghetti\", ce mot est accepté. Souvenez-vous que cet inventaire est un \"catalogue\" de tous les mots utilisés par une foule d'enfants divers. Ne vous inquiétez pas si votre enfant n'en connaît que quelques-uns en ce moment. Veuillez sélectionner la case pour chaque mot qu'utilise votre enfant.",
                    "title": "A. VOCABULAIRE",
                    "type": "checkbox"
                },
                {
                    "id": "usage",
                    "title": "B. COMMENT LES ENFANTS UTILISENT LES MOTS",
                    "type": "radiobutton",
                    "page": 22
                }
            ]
        },
        {
            "id": 2,
            "title": "PARTIE 2: ÉNONÇÉS ET GRAMMAIRE",
            "types": [
                {
                    "id": "word_forms",
                    "title": "A. FORMES GRAMMATICALES",
                    "text": "Vous trouverez ci-dessous une liste de différentes terminaisons de verbes. Veuillez indiquer lesquelles votre enfant utilise. Si votre enfant n'emploie pas le verbe donné en exemple mais utilise ces terminaisons avec d'autres verbes, veuillez sélectionner la case tout de même. Par exemple, si votre enfant ne dit pas \"aime\" mais dit \"mange\", vous devez sélectionner la case pour le mot \"aime\".",
                    "sections": [
                        {
                            "id": "word_forms_prese",
                            "title": "",
                            "type": "checkbox",
                            "text": "Pour parler de choses se déroulant au présent, quelle forme utilise-t-il?",
                            "page": 23
                        },
                        {
                            "id": "word_forms_futur",
                            "title": "",
                            "type": "checkbox",
                            "text": "Pour parler de choses futures, quelle forme utilise-t-il?",
                            "page": 24
                        },
                        {
                            "id": "word_forms_suced",
                            "title": "",
                            "type": "checkbox",
                            "text": "Pour parler de choses passées, quelle forme utilise-t-il?",
                            "page": 25
                        },
                        {
                            "id": "word_forms_orden",
                            "title": "",
                            "type": "checkbox",
                            "text": "Pour donner des ordres, quelle forme utilise-t-il?",
                            "page": 26
                        },
                        {
                            "id": "verb_endings",
                            "title": "Auxiliaire",
                            "type": "checkbox",
                            "text": "Quelles formes de ces verbes votre enfant utilise-t-il?",
                            "page": 27
                        },
                        {
                            "id": "adjectives",
                            "title": "Adjectif",
                            "type": "radiobutton",
                            "text": "Votre enfant utilise-t-il la forme masculine et féminine d'un même adjectif (par ex., gros/grosse, beau/belle)",
                            "page": 28
                        }
                    ]
                },
                {
                    "id": "combine",
                    "title": "",
                    "type": "radiobutton",
                    "page": 29
                },
                {
                    "id": "combination_examples",
                    "title": "B. EXEMPLES",
                    "text": "Écrivez trois phrases parmi les plus longues que votre enfant a produites dernièrement.",
                    "type": "textbox",
                    "page": 30
                },
                {
                    "id": "complexity",
                    "title": "C. COMPLEXITÉ DES PHRASES",
                    "type": "radiobutton",
                    "text": "Pour chacune des paires d'énoncés qui suivent, veuillez indiquer laquelle ressemble LE PLUS à ce que votre enfant peut produire présentement. Si votre enfant utilise des phrases plus longues ou plus compliquées que celles qui sont proposées, choisissez la deuxième. S'il utilise des phrases plus simples, choisissez la première. Veuillez-vous assurer qu'une des deux phrases est choisie pour chaque item.",
                    "page": 31
                },
                {
                    "id": "pronoun_usage",
                    "title": "",
                    "type": "radiobutton",
                    "text": "Des enfants qui sont au même stade de développement ont parfois des façons différentes d'exprimer la même idée. Pour chacune des paires phrases qui suivent, choisissez celle qui ressemble LE PLUS à la façon dont votre enfant exprimerait cette idée. Dans les phrases avec \"Simon\", substituez le nom de votre enfant.",
                    "page": 32
                }
            ]
        }
    ]
}
