{
    "parts": [
        {
            "id": 1,
            "title": "חלק 1: מילים באוצר המילים של ילדים",
            "types": [
                {
                    "text": "ילדים מבינים מילים רבות יותר ממה שהם אומרים. להלן רשימה של מילים טיפוסיות באוצר המילים של ילדים. נא לסמן ברשימה את המילים שהילד כבר אומר. נא לסמן גם מילים משובשות שהילד עדיין לא הוגה נכון (לדוגמא, \"תתה\" במקום \"סבתא\" או \"רפה\" במקום \"ג'ירפה\"). אין אף ילד שאומר את כל המילים המופיעות ברשימה. אין כל סיבה לדאגה אם ילדך אומר רק חלק קטן מהמילים המופיעות ברשימה. ",
					"id": "word",
                    "title": "רשימת אוצר מילים",
                    "type": "checkbox",
                    "sections": [
                        {
                            "id": "sounds",
                            "title": "1. קולות (קולות בעלי חיים ומכשירים)",
                            "page": 1
                        },
                        {
                            "id": "animals",
                            "title": "שמות של בעלי חיים אמיתיים, צעצועים או תמונות",
                            "page": 2
                        },
                        {
                            "id": "vehicles",
                            "title": "3. כלי תחבורה (אמיתי, צעצוע או תמונה)",
                            "page": 3
                        },
                        {
                            "id": "toys",
                            "title": "4. צעצועים",
                            "page": 4
                        },
                        {
                            "id": "food_drink",
                            "title": "5. מאכלים ומשקאות",
                            "page": 5
                        },
                        {
                            "id": "clothing",
                            "title": "6. בגדים",
                            "page": 6
                        },
                        {
                            "footnote": "* או מילה שאתם אומרים במשפחה שלכם",
                            "id": "body_parts",
                            "title": "7. חלקי גוף",
                            "page": 7
                        },
                        {
                            "id": "household",
                            "title": "8. בבית",
                            "footnote": "* או מילה שאתם אומרים במשפחה שלכם",
                            "page": 8
                        },
                        {
                            "id": "furniture_rooms",
                            "title": "9. רהיטים וחדרים",
                            "page": 9
                        },
                        {
                            "id": "outside",
                            "title": "10. בחוץ",
                            "page": 10
                        },
                        {
                            "id": "places",
                            "title": "11. מקומות",
                            "footnote": "* או מילה שאתם אומרים במשפחה שלכם",
                            "page": 11
                        },
                        {
                            "id": "people",
                            "title": "12. אנשים",
                            "footnote": "* או מילה שאתם אומרים במשפחה שלכם",
                            "page": 12
                        },
                        {
                            "id": "games_routines",
                            "title": "13. מצבים ואירועים",
                            "page": 13
                        },
                        {
                            "id": "action_words",
                            "title": "14. מילות פעולה",
							"text": "ילדים מתארים פעולות בצורות שונות. ברשימה זו מופיעים פעלים. נא לסמן את הפעלים באוצר המילים של הילד גם אם הוא אומר אותם בצורה אחרת. למשל, יש לסמן \"לחפש\" גם כאשר הילד אומר \"פסתי\" (חיפשתי) או \"מחפש\". יש לסמן \"לרוץ\" גם אם הילד אומר \"אצים\" במקום \"רצים\" או \"רצתי\".",
                            "page": 14
                        },
                        {
                            "id": "descriptive_words",
                            "title": "15. מילות תאור",
                            "page": 15
                        },
                        {
                            "id": "time_words",
                            "title": "16. מילים הקשורות לזמן",
                            "page": 16
                        },
                        {
                            "id": "pronouns",
                            "title": "17. כינויים",
                            "page": 17
                        },
                        {
                            "id": "question_words",
                            "title": "18. מילות שאלה",
                            "page": 18
                        },
                        {
                            "id": "locations",
                            "title": "19. מילות יחס/ מקום",
                            "page": 19
                        },
                        {
                            "id": "quantifiers",
                            "title": "20. כמויות",
                            "page": 20
                        }
                    ]
                }
            ]
        
        },
        {
            "id": 2,
            "title": "שימוש במילים",
            "types": [
                {
                    "id": "usage",
                    "title": "א. כיצד ילדים משתמשים במילים",
                    "type": "radiobutton",
                    "page": 21
                },{      
                    "id": "complexity",
                    "text": "לפניך דוגמאות של דברים שילדים אומרים במצבים שונים. מתחת לכל שאלה סמן את מספר התשובה הדומה ביותר לדיבור של ילדך.",
                    "title": "ב. מבנה המשפט",
                    "type": "radiobutton",
                    "page": 22
                }
            ]
        }
    ]
}
