{
    "parts": [
        {
            "id": 1,
            "title": "חלק 1: מילים ראשונות",
            "types": [
                {
                    "text": "לפני שילדים מתחילים לדבר, הם מראים סימנים של הבנת מילים או משפטים פשוטים. נא לסמן מה שילדך כבר עושה.",                  
					"type": "radiobutton",
                    "id": "first_signs",
                    "title": "סימנים ראשונים של הבנה",
                    "page": 1
                },{
                    "text": "נא לסמן מה שילדך כבר מבין.",
					"type": "checkbox",
                    "id": "phrases",
                    "title": "הבנת משפטים",
                    "page": 2
                },
                {
                    "id": "starting_to_talk",
                    "type": "radiobutton",
                    "title": "תחילת הדיבור",
                    "page": 3
                },
                {
                    "text": "להלן רשימה של מילים טיפוסיות באוצר מילים של ילדים. נא לסמן ברשימה את המילים שהילד כבר מבין ואת המילים שהילד כבר מבין וגם אומר. מילים שהילד אינו מבין ואינו אומר נא לא לסמן כלל. נא לסמן גם מילים משובשות שהילד עדיין לא הוגה נכון (לדוגמא, \"דור\" ל\"כדור\" או \"טוטו\" ל\"קוקו\").",
					"id": "word",
                    "title": "רשימת אוצר מילים",
                    "sections": [
                        {
                            "id": "sounds",
                            "title": "1. קולות (קולות בעלי חיים ומכשירים)",
                            "page": 4
                        },
                        {
                            "id": "animals",
                            "title": "2. שמות בעלי חיים אמיתיים, צעצועים או תמונות",
                            "page": 5
                        },
                        {
                            "id": "vehicles",
                            "title": "3. כלי תחבורה (אמיתי, צעצוע או תמונה)",
                            "page": 6
                        },
                        {
                            "id": "toys",
                            "title": "4. צעצועים",
                            "page": 7
                        },
                        {
                            "id": "food_drink",
                            "title": "5. מאכלים ומשקאות",
                            "page": 8
                        },
                        {
                            "id": "clothing",
                            "title": "6. בגדים",
                            "page": 9
                        },
                        {
                            "id": "body_parts",
                            "title": "7. חלקי גוף",
                            "page": 10
                        },
                        {
                            "id": "household",
                            "title": "8. בבית",
                            "footnote": "* או מילה שאתם אומרים במשפחה שלכם",
                            "page": 11
                        },
                        {
                            "id": "furniture_rooms",
                            "title": "9. רהיטים וחדרים",
                            "page": 12
                        },
                        {
                            "id": "outside",
                            "title": "10. בחוץ ומקומות",
                            "footnote": "* או מילה שאתם אומרים במשפחה שלכם",
                            "page": 13
                        },
                        {
                            "id": "people",
                            "title": "11. אנשים",
                            "footnote": "* או מילה שאתם אומרים במשפחה שלכם",
                            "page": 14
                        },
                        {
                            "id": "games_routines",
                            "title": "12. מצבים ואירועים",
                            "page": 15
                        },
                        {
                            "id": "action_words",
                            "title": "13. מילות פעולה",
							"text": "ילדים מתארים פעולות בצורות שונות. ברשימה זו מופיעים פעלים. נא לסמן את הפעלים באוצר המילים של הילד גם אם הוא אומר אותם בצורה אחרת. למשל, יש לסמן \"לחפש\" גם כאשר הילד אומר \"פסתי\" (חיפשתי) או \"מחפש\". יש לסמן \"לרוץ\" גם אם הילד אומר \"אצים\" במקום \"רצים\" או \"רצתי\".",
                            "page": 16
                        },
                        {
                            "id": "descriptive_words",
                            "title": "14. מילות תאור",
                            "page": 17
                        },
                        {
                            "id": "time_words",
                            "title": "15. מילים הקשורות לזמן",
                            "page": 18
                        },
                        {
                            "id": "pronouns",
                            "title": "16. כינויים",
                            "page": 19
                        },
                        {
                            "id": "question_words",
                            "title": "17. מילות שאלה",
                            "page": 20
                        },
                        {
                            "id": "locations",
                            "title": "18. מילות יחס/ מקום",
                            "page": 21
                        }
                    ],
                    "type": "modified_checkbox"
                }
            ]
        },
        {
            "id": 2,
            "title": "פעולות ומחוות",
            "types": [
                {
                    "type": "radiobutton",
                    "id": "gestures",
                    "sections": [

                        {
                            "text": "ילדים עושים תנועות גוף (מחוות/ ג'סטות) כדי להסביר ללא מילים מה הם רוצים או על מה הם חושבים. נא לסמן משפטים המתארים את התנועות שהילד שלכם עושה.",
                            "id": "gestures_first",
                            "title": "תנועות גוף (מחוות/ ג'סטות)",
                            "page": 22
                        },
                        {
                            "text": "נא לסמן משחקים שילדכם יודע",
                            "id": "gestures_games",
                            "title": "משחקים",
                            "page": 23
                        },
                        {
                            "text": "נא לסמן את הדברים שילדכם מנסה לעשות",
                            "id": "gestures_objects",
                            "title": "פעולות בעזרת חפצים או צעצועים",
                            "page": 24
                        },
                        {
                            "text": "נא לסמן פעולות שילדכם עושה.",
                            "id": "gestures_parent",
                            "title": "פעולות שקשורות למשחק \"כאילו אבא ואמא\"",
                            "page": 25
                        },
                        {
                            "text": "נא לסמן פעולות שילדכם עושה",
                            "id": "gestures_adult",
                            "title": "חיקוי פעולות שמבוגרים עושים (בעזרת חפצים אמיתיים או צעצועים)",
                            "page": 26
                        }

                    ]
                }
            ]
        }
    ]
}
