[
    {
        "title" : "Total Produced",
        "category" : "word",
        "measure" : "produces",
        "order" : 1
    },
    {
        "title" : "How Children Use Words",
        "category" : "usage",
        "measure" : "sometimes;often",
        "order" : 2
    },
    {
        "title" : "Word Endings 1",
        "category" : "word_endings_1",
        "measure" : "produces",
        "order" : 3
    },
    {
        "title" : "Word Forms 1 Nouns",
        "category" : "word_forms_nouns_1",
        "measure" : "produces",
        "order" : 4
    },
    {
        "title" : "Word Forms 1 Verbs",
        "category" : "word_forms_verbs_1",
        "measure" : "produces",
        "order" : 5
    },
    {
        "title" : "Word Forms 2 Nouns",
        "category" : "word_endings_nouns_2",
        "measure" : "produces",
        "order" : 6
    },
    {
        "title" : "Word Forms 2 Verbs",
        "category" : "word_endings_verbs_2",
        "measure" : "produces",
        "order" : 7
    },
    {
        "title" : "Combining",
        "category" : "combine",
        "measure" : "sometimes;often",
        "order" : 8
    },
    {
        "title" : "Complexity",
        "category" : "complex",
        "measure" : "complex",
        "order" : 9
    }
]