[
{
        "title" : "Total Understood",
        "category" : "word",
        "measure" : "understands;produces",
        "order" : 1,
        "scores" : [
             {
                  "key" : "understands",
                  "value" : 1
             },
             {
               "key" : "produces",
               "value" : 1
          }
        ]
    },
{
        "title" : "Total Produced",
        "category" : "word",
        "measure" : "produces",
        "order" : 2,
        "scores" : [
             {
                  "key" : "produces",
                  "value" : 1
             }
        ]
    },
{
        "title" : "First Gestures",
        "category" : "gestures_first",
        "measure" : "sometimes;often",
        "order" : 3,
        "scores" : [{
                  "key" : "sometimes",
                  "value" : 1
               },{
                  "key" : "often",
                  "value" : 2
               }]
    },
{
        "title" : "Game Gestures",
        "category" : "gestures_games",
        "measure" : "yes",
        "order" : 4,
        "scores" : [
             {
                  "key" : "yes",
                  "value" : 1
             }
        ]
    },
{
        "title" : "Object Gestures",
        "category" : "gestures_objects",
        "measure" : "yes",
        "order" : 5,
        "scores" : [
             {
                  "key" : "yes",
                  "value" : 1
             }
        ]
    },
{
        "title" : "Parent Gestures",
        "category" : "gestures_parent",
        "measure" : "yes",
        "order" : 6,
        "scores" : [
             {
                  "key" : "yes",
                  "value" : 1
             }
        ]
    },
{
        "title" : "Adult Gestures",
        "category" : "gestures_adult",
        "measure" : "yes",
        "order" : 7,
        "scores" : [
             {
                  "key" : "yes",
                  "value" : 1
             }
        ]
    },
{
        "title" : "Total Gestures",
        "category" : "gestures_first;gestures_games;gestures_objects;gestures_parent;gestures_adult",
        "measure" : "sometimes;often;yes",
        "order" : 8,
        "scores" : [{
                  "key" : "sometimes",
                  "value" : 1
               },{
                  "key" : "often",
                  "value" : 2
               },{
                  "key" : "yes",
                  "value" : 1
               }]
    }
]