[
{
        "title" : "Total Produced",
        "category" : "word",
        "measure" : "produces",
        "order" : 1,
        "scores" : [
             {
                  "key" : "produces",
                  "value" : 1
             }
        ]
    },
{
        "title" : "Morphological Marker",
        "category" : "morphological_marker",
        "measure" : "sometimes;often",
        "order" : 2,
        "scores" : [{
                  "key" : "sometimes",
                  "value" : 1
               },{
                  "key" : "often",
                  "value" : 2
               }]
    },
{
        "title" : "Complexity",
        "category" : "complexity",
        "measure" : "1;2",
        "order" : 3,
        "scores" : [{
                  "key" : "1",
                  "value" : 1
               },{
                  "key" : "2",
                  "value" : 2
               }]
    },
{
        "title" : "Grammaticality",
        "category" : "grammaticality",
        "measure" : "1;2",
        "order" : 4,
        "scores" : [{
                  "key" : "1",
                  "value" : 1
               },{
                  "key" : "2",
                  "value" : 2
               }]
    },
{
        "title" : "Total Grammar",
        "category" : "morphological_marker;complexity;grammaticality",
        "measure" : "sometimes;often;1;2",
        "order" : 5,
        "scores" : [{
                  "key" : "sometimes",
                  "value" : 1
               },{
                  "key" : "often",
                  "value" : 2
               },{
                  "key" : "1",
                  "value" : 1
               },{
                  "key" : "2",
                  "value" : 2
               }]  
    }
]