[
    {
        "title" : "Comprension temprana",
        "category" : "first_signs",
        "measure" : "yes",
        "order" : 1
    },
    {
        "title" : "Primeras frases",
        "category" : "phrases",
        "measure" : "understands",
        "order" : 2
    },
    {
        "title" : "Maneras de Habla: Imitación",
        "category" : "imitation",
        "measure" : "sometimes;often",
        "order" : 3
    },
    {
        "title" : "Maneras de Hablar: Nombrar",
        "category" : "label",
        "measure" : "sometimes;often",
        "order" : 4
    },
    {
        "title" : "Palabras que comprende",
        "category" : "word",
        "measure" : "understands;produces",
        "order" : 5
    },
    {
        "title" : "Palabras que dice",
        "category" : "word",
        "measure" : "produces",
        "order" : 6
    },
    {
        "title" : "Primeros Gestos",
        "category" : "gestures_first",
        "measure" : "sometimes;often",
        "order" : 7
    },
    {
        "title" : "Juegos con Adultos y Rutinas",
        "category" : "gestures_games",
        "measure" : "yes",
        "order" : 8
    },
    {
        "title" : "Gestos Tempranos",
        "category" : "gestures_first;gestures_games",
        "measure" : "sometimes;often;yes",
        "order" : 13
    },
    {
        "title" : "Acciones con Objetos",
        "category" : "gestures_objects",
        "measure" : "yes",
        "order" : 10
    },
    {
        "title" : "Jugar a Ser Adulto",
        "category" : "gestures_adult",
        "measure" : "yes",
        "order" : 11
    },
    {
        "title" : "Imitacion de Otros Tipos de Actividades de Adultos",
        "category" : "gestures_parent",
        "measure" : "yes",
        "order" : 12
    },
    {
        "title" : "Gestos Tardios",
        "category" : "gestures_parent;gestures_adult;gestures_objects",
        "measure" : "yes",
        "order" : 14
    },
    {
        "title" : "Total de Gestos",
        "category" : "gestures_parent;gestures_adult;gestures_objects;gestures_first;gestures_games",
        "measure" : "sometimes;often;yes",
        "order" : 15
    }
]