{
    "parts": [
        {
            "id": 1,
            "title": "PART 1: Words Children Use",
            "types": [
                {
                    "id": "word",
                    "sections": [
                        {
                            "id": "sounds",
                            "title": "1. Sound Effects And Animal Sounds",
                            "page": 1
                        },
                        {
                            "id": "animals",
                            "title": "2. Animals (Real Or Toy)",
                            "page": 2
                        },
                        {
                            "id": "vehicles",
                            "title": "3. Vehicles (Real Or Toy)",
                            "page": 3
                        },
                        {
                            "id": "toys",
                            "title": "4. Toys",
                            "page": 4
                        },
                        {
                            "id": "food_drink",
                            "title": "5. Food And Drink",
                            "page": 5
                        },
                        {
                            "id": "clothing",
                            "title": "6. Clothing",
                            "page": 6
                        },
                        {
                            "footnote": "* or word used in your family",
                            "id": "body_parts",
                            "title": "7. Body Parts",
                            "page": 7
                        },
                        {
                            "id": "household",
                            "title": "8. Small Household Items",
                            "footnote": "* or word used in your family",
                            "page": 8
                        },
                        {
                            "id": "furniture_rooms",
                            "title": "9. Furniture And Rooms",
                            "page": 9
                        },
                        {
                            "id": "outside",
                            "title": "10. Outside Things",
                            "page": 10
                        },
                        {
                            "id": "places",
                            "title": "11. Places to Go",
                            "footnote": "* or word used in your family",
                            "page": 11
                        },
                        {
                            "id": "people",
                            "title": "12. People",
                            "footnote": "* or word used in your family",
                            "page": 12
                        },
                        {
                            "id": "games_routines",
                            "title": "13. Games And Routines",
                            "page": 13
                        },
                        {
                            "id": "action_words",
                            "title": "14. Action Words",
                            "page": 14
                        },
                        {
                            "id": "descriptive_words",
                            "title": "15. Descriptive Words",
                            "page": 15
                        },
                        {
                            "id": "time_words",
                            "title": "16. Words about Time",
                            "page": 16
                        },
                        {
                            "id": "pronouns",
                            "title": "17. Pronouns",
                            "page": 17
                        },
                        {
                            "id": "question_words",
                            "title": "18. Question Words",
                            "page": 18
                        },
                        {
                            "id": "locations",
                            "title": "19. Prepositions and Locations",
                            "page": 19
                        },
                        {
                            "id": "quantifiers",
                            "title": "20. Quantifiers And Articles",
                            "page": 20
                        },
                        {
                            "id": "helping_verbs",
                            "title": "21. Helping Verbs",
                            "page": 21
                        },
                        {
                            "id": "connecting_words",
                            "title": "22. Connecting Words",
                            "page": 22
                        }
                    ],
                    "text": "Children understand many more words than they say. We are particularly interested in the words your child both understands and SAYS. Please go through the list and mark the words you have heard your child SAY on their own. If your child uses a different pronunciation of a word (for example, \"raffe\" instead of \"giraffe\" or \"sketti\" for \"spaghetti\") or says a different word that has a similar meaning as the word listed here (e.g., \"nana\" for \"grandma\"), go ahead and mark it. Remember that this is a \"catalogue\" of all the words that are used by many different children. Don't worry if your child only says a few of these right now.",
                    "title": "A: Vocabulary Checklist",
                    "type": "checkbox"
                },
                {
                    "id": "usage",
                    "title": "How children use words",
                    "type": "radiobutton",
                    "page": 23
                }
            ]
        },
        {
            "id": 2,
            "title": "PART 2: Sentences and Grammar",
            "types": [
                {
                    "id": "ending",
                    "title": "Word endings / Part 1",
                    "type": "radiobutton",
                    "page": 24
                },
                {
                    "id": "word_form",
                    "sections": [
                        {
                            "id": "word_forms_nouns",
                            "title": "Nouns",
                            "page": 25
                        },
                        {
                            "id": "word_forms_verbs",
                            "title": "Verbs",
                            "page": 26
                        }
                    ],
                    "text": "Following are some other words children learn. Please mark any of these words that your child uses.",
                    "title": "B. Word forms",
                    "type": "checkbox"
                },
                {
                    "id": "word_ending",
                    "sections": [
                        {
                            "id": "word_endings_nouns",
                            "title": "Nouns",
                            "page": 27
                        },
                        {
                            "id": "word_endings_verbs",
                            "title": "Verbs",
                            "page": 28
                        }
                    ],
                    "text": "Young children often place the wrong endings on words. For example, a child might say \"Auntie goed home\". Mistakes like this are often a sign of progress in language. In the following lists, please mark all the mistakes of this kind you have heard your child make recently.",
                    "title": "C. Word Endings / Part 2",
                    "type": "checkbox"
                },
                {
                    "id": "combine",
                    "title": "",
                    "type": "radiobutton",
                    "page": 29
                },
                {
                    "id": "combination_examples",
                    "title": "D. Examples",
                    "text": "Please list three of the longest sentences you have heard your child say recently.",
                    "type": "textbox",
                    "page": 30
                },
                {
                    "id": "complexity",
                    "text": "In each of the following pairs, please mark the one that sounds MOST like the way your child talks right now. If your child is saying sentences even longer or more complicated than the two provided, just pick the second one.",
                    "title": "E. Complexity",
                    "type": "radiobutton",
                    "page": 31
                }
            ]
        }
    ]
}
