{
    "parts": [
        {
            "id": 1,
            "title": "PART 1: Early Words",
            "types": [
                {
                    "text": "Before children begin to speak, they show signs of understanding language by responding to familiar words and phrases. Below are some common examples. Does your child do any of these?",
                    "type": "radiobutton",
                    "id": "first_signs",
                    "title": "First signs of understanding",
                    "page": 1
                },
                {
                    "text": "In the list below, please mark the phrases that your child seems to understand",
                    "type": "checkbox",
                    "id": "phrases",
                    "title": "Phrases",
                    "page": 2
                },
                {
                    "id": "starting_to_talk",
                    "type": "radiobutton",
                    "title": "Starting to talk",
                    "page": 3
                },
                {
                    "text": "The following is a list of typical words in young children's vocabularies. For words your child UNDERSTANDS but does not yet say, place a mark in the first column (\"understands\"). For words that your child both understands and also SAYS, place a mark in the second column (\"understands and says\"). You only need to mark one column. If your child uses a different pronunciation of a word (for example, \"raffe\" for \"giraffe\" or \"sketti\" for \"spagetti\") or knows a different word that has a similar meaning as the word listed here (e.g., \"nana\" for \"grandma\"), go ahead and mark it.  Remember, this is a \"catalogue\" of words that are used by many different children. Don't worry if your child knows only a few right now.",
                    "id": "word",
                    "title": "Vocabulary checklist",
                    "sections": [
                        {
                            "id": "sounds",
                            "title": "1. Sound Effects And Animal Sounds",
                            "page": 4
                        },
                        {
                            "id": "animals",
                            "title": "2. Animals (Real Or Toy)",
                            "page": 5
                        },
                        {
                            "id": "vehicles",
                            "title": "3. Vehicles (Real Or Toy)",
                            "page": 6
                        },
                        {
                            "id": "toys",
                            "title": "4. Toys",
                            "page": 7
                        },
                        {
                            "id": "food_drink",
                            "title": "5. Food And Drink",
                            "page": 8
                        },
                        {
                            "id": "clothing",
                            "title": "6. Clothing",
                            "page": 9
                        },
                        {
                            "id": "body_parts",
                            "title": "7. Body Parts",
                            "page": 10
                        },
                        {
                            "id": "household",
                            "title": "8. Small Household Items",
                            "footnote": "* or word used in your family",
                            "page": 11
                        },
                        {
                            "id": "furniture_rooms",
                            "title": "9. Furniture And Rooms",
                            "page": 12
                        },
                        {
                            "id": "outside",
                            "title": "10. Outside Things And Places to Go",
                            "footnote": "* or word used in your family",
                            "page": 13
                        },
                        {
                            "id": "people",
                            "title": "11. People",
                            "footnote": "* or word used in your family",
                            "page": 14
                        },
                        {
                            "id": "games_routines",
                            "title": "12. Games And Routines",
                            "page": 15
                        },
                        {
                            "id": "action_words",
                            "title": "13. Action Words",
                            "page": 16
                        },
                        {
                            "id": "descriptive_words",
                            "title": "14. Descriptive Words",
                            "page": 17
                        },
                        {
                            "id": "time_words",
                            "title": "15. Words about Time",
                            "page": 18
                        },
                        {
                            "id": "pronouns",
                            "title": "16. Pronouns",
                            "page": 19
                        },
                        {
                            "id": "question_words",
                            "title": "17. Question Words",
                            "page": 20
                        },
                        {
                            "id": "locations",
                            "title": "18. Prepositions And Locations",
                            "page": 21
                        },
                        {
                            "id": "quantifiers",
                            "title": "19. Quantifiers And Articles",
                            "page": 22
                        }
                    ],
                    "type": "modified_checkbox"
                }
            ]
        },
        {
            "id": 2,
            "title": "Actions and Gestures",
            "types": [
                {
                    "type": "radiobutton",
                    "id": "gestures",
                    "sections": [

                        {
                            "text": "When infants are learning to communicate, they often use gestures to make their wishes known. For each item below, mark the line that describes your child's actions right now.",
                            "id": "gestures_first",
                            "title": "First communicative gestures",
                            "page": 23
                        },
                        {
                            "text": "Does your child do any of the following?",
                            "id": "gestures_games",
                            "title": "Games and routines",
                            "page": 24
                        },
                        {
                            "text": "Does your child do or try to do any of the following?",
                            "id": "gestures_objects",
                            "title": "Actions with objects",
                            "page": 25
                        },
                        {
                            "text": "Here are some things that young children sometimes do with stuffed animals or dolls. Please mark the actions that you hae seen your child do.",
                            "id": "gestures_parent",
                            "title": "Pretending to be a parent",
                            "page": 26
                        },
                        {
                            "text": "Does your child do or try to do any of the following?",
                            "id": "gestures_adult",
                            "title": "Imitating other adult actions (using real or toy implements)",
                            "page": 27
                        }

                    ]
                }
            ]
        }
    ]
}
