title,percentile,age,raw_score,raw_score_boy,raw_score_girl
Primeras frases,99,8,9999,26,26
Primeras frases,95,8,9999,24,25
Primeras frases,90,8,9999,21,22
Primeras frases,85,8,9999,18,20
Primeras frases,80,8,9999,15,18
Primeras frases,75,8,9999,13,16
Primeras frases,70,8,9999,12,14
Primeras frases,65,8,9999,12,13
Primeras frases,60,8,9999,11,11
Primeras frases,55,8,9999,10,11
Primeras frases,50,8,9999,8,11
Primeras frases,45,8,9999,8,11
Primeras frases,40,8,9999,7,10
Primeras frases,35,8,9999,7,9
Primeras frases,30,8,9999,6,7
Primeras frases,25,8,9999,6,6
Primeras frases,20,8,9999,5,6
Primeras frases,15,8,9999,4,5
Primeras frases,10,8,9999,3,4
Primeras frases,5,8,9999,2,3
Primeras frases,0,8,9999,0,0
Primeras frases,99,9,9999,26,27
Primeras frases,95,9,9999,25,26
Primeras frases,90,9,9999,23,24
Primeras frases,85,9,9999,20,22
Primeras frases,80,9,9999,18,20
Primeras frases,75,9,9999,15,18
Primeras frases,70,9,9999,14,17
Primeras frases,65,9,9999,14,15
Primeras frases,60,9,9999,13,14
Primeras frases,55,9,9999,12,13
Primeras frases,50,9,9999,10,13
Primeras frases,45,9,9999,10,13
Primeras frases,40,9,9999,9,11
Primeras frases,35,9,9999,9,10
Primeras frases,30,9,9999,8,9
Primeras frases,25,9,9999,7,8
Primeras frases,20,9,9999,6,7
Primeras frases,15,9,9999,5,6
Primeras frases,10,9,9999,4,5
Primeras frases,5,9,9999,3,3
Primeras frases,0,9,9999,0,0
Primeras frases,99,10,9999,27,27
Primeras frases,95,10,9999,26,26
Primeras frases,90,10,9999,24,25
Primeras frases,85,10,9999,22,23
Primeras frases,80,10,9999,20,22
Primeras frases,75,10,9999,18,20
Primeras frases,70,10,9999,17,19
Primeras frases,65,10,9999,16,17
Primeras frases,60,10,9999,16,16
Primeras frases,55,10,9999,14,15
Primeras frases,50,10,9999,13,15
Primeras frases,45,10,9999,12,14
Primeras frases,40,10,9999,11,13
Primeras frases,35,10,9999,10,12
Primeras frases,30,10,9999,10,11
Primeras frases,25,10,9999,9,9
Primeras frases,20,10,9999,8,9
Primeras frases,15,10,9999,7,7
Primeras frases,10,10,9999,5,6
Primeras frases,5,10,9999,3,4
Primeras frases,0,10,9999,0,0
Primeras frases,99,11,9999,27,27
Primeras frases,95,11,9999,26,27
Primeras frases,90,11,9999,25,26
Primeras frases,85,11,9999,23,24
Primeras frases,80,11,9999,22,23
Primeras frases,75,11,9999,21,22
Primeras frases,70,11,9999,20,21
Primeras frases,65,11,9999,19,19
Primeras frases,60,11,9999,18,18
Primeras frases,55,11,9999,17,17
Primeras frases,50,11,9999,15,17
Primeras frases,45,11,9999,14,16
Primeras frases,40,11,9999,13,15
Primeras frases,35,11,9999,12,14
Primeras frases,30,11,9999,11,12
Primeras frases,25,11,9999,10,11
Primeras frases,20,11,9999,9,10
Primeras frases,15,11,9999,8,9
Primeras frases,10,11,9999,6,7
Primeras frases,5,11,9999,4,5
Primeras frases,0,11,9999,0,0
Primeras frases,99,12,9999,27,27
Primeras frases,95,12,9999,27,27
Primeras frases,90,12,9999,26,26
Primeras frases,85,12,9999,24,25
Primeras frases,80,12,9999,24,25
Primeras frases,75,12,9999,23,24
Primeras frases,70,12,9999,22,22
Primeras frases,65,12,9999,21,21
Primeras frases,60,12,9999,20,20
Primeras frases,55,12,9999,19,19
Primeras frases,50,12,9999,18,18
Primeras frases,45,12,9999,16,18
Primeras frases,40,12,9999,15,17
Primeras frases,35,12,9999,14,16
Primeras frases,30,12,9999,13,14
Primeras frases,25,12,9999,12,13
Primeras frases,20,12,9999,11,12
Primeras frases,15,12,9999,10,10
Primeras frases,10,12,9999,8,8
Primeras frases,5,12,9999,5,6
Primeras frases,0,12,9999,0,0
Primeras frases,99,13,9999,27,28
Primeras frases,95,13,9999,27,27
Primeras frases,90,13,9999,27,27
Primeras frases,85,13,9999,26,26
Primeras frases,80,13,9999,25,26
Primeras frases,75,13,9999,24,25
Primeras frases,70,13,9999,24,24
Primeras frases,65,13,9999,23,23
Primeras frases,60,13,9999,22,22
Primeras frases,55,13,9999,21,21
Primeras frases,50,13,9999,20,20
Primeras frases,45,13,9999,18,20
Primeras frases,40,13,9999,18,19
Primeras frases,35,13,9999,16,17
Primeras frases,30,13,9999,16,16
Primeras frases,25,13,9999,14,15
Primeras frases,20,13,9999,13,14
Primeras frases,15,13,9999,11,12
Primeras frases,10,13,9999,9,10
Primeras frases,5,13,9999,6,7
Primeras frases,0,13,9999,0,0
Primeras frases,99,14,9999,28,28
Primeras frases,95,14,9999,27,28
Primeras frases,90,14,9999,27,27
Primeras frases,85,14,9999,26,27
Primeras frases,80,14,9999,26,26
Primeras frases,75,14,9999,26,26
Primeras frases,70,14,9999,25,25
Primeras frases,65,14,9999,24,24
Primeras frases,60,14,9999,24,23
Primeras frases,55,14,9999,22,23
Primeras frases,50,14,9999,22,22
Primeras frases,45,14,9999,20,21
Primeras frases,40,14,9999,20,20
Primeras frases,35,14,9999,18,19
Primeras frases,30,14,9999,18,18
Primeras frases,25,14,9999,16,17
Primeras frases,20,14,9999,15,15
Primeras frases,15,14,9999,13,14
Primeras frases,10,14,9999,11,12
Primeras frases,5,14,9999,8,9
Primeras frases,0,14,9999,0,0
Primeras frases,99,15,9999,28,28
Primeras frases,95,15,9999,28,28
Primeras frases,90,15,9999,28,28
Primeras frases,85,15,9999,27,27
Primeras frases,80,15,9999,27,27
Primeras frases,75,15,9999,27,27
Primeras frases,70,15,9999,26,26
Primeras frases,65,15,9999,25,25
Primeras frases,60,15,9999,25,25
Primeras frases,55,15,9999,24,24
Primeras frases,50,15,9999,23,23
Primeras frases,45,15,9999,22,22
Primeras frases,40,15,9999,21,22
Primeras frases,35,15,9999,20,21
Primeras frases,30,15,9999,19,20
Primeras frases,25,15,9999,18,18
Primeras frases,20,15,9999,17,17
Primeras frases,15,15,9999,15,16
Primeras frases,10,15,9999,12,14
Primeras frases,5,15,9999,9,10
Primeras frases,0,15,9999,0,0
Primeras frases,99,16,9999,28,28
Primeras frases,95,16,9999,28,28
Primeras frases,90,16,9999,28,28
Primeras frases,85,16,9999,28,28
Primeras frases,80,16,9999,27,28
Primeras frases,75,16,9999,27,27
Primeras frases,70,16,9999,27,27
Primeras frases,65,16,9999,26,26
Primeras frases,60,16,9999,26,26
Primeras frases,55,16,9999,25,25
Primeras frases,50,16,9999,25,24
Primeras frases,45,16,9999,23,24
Primeras frases,40,16,9999,23,23
Primeras frases,35,16,9999,22,22
Primeras frases,30,16,9999,21,21
Primeras frases,25,16,9999,20,20
Primeras frases,20,16,9999,19,19
Primeras frases,15,16,9999,17,18
Primeras frases,10,16,9999,14,15
Primeras frases,5,16,9999,11,12
Primeras frases,0,16,9999,0,0
Primeras frases,99,17,9999,28,28
Primeras frases,95,17,9999,28,28
Primeras frases,90,17,9999,28,28
Primeras frases,85,17,9999,28,28
Primeras frases,80,17,9999,28,28
Primeras frases,75,17,9999,28,28
Primeras frases,70,17,9999,28,27
Primeras frases,65,17,9999,27,27
Primeras frases,60,17,9999,27,27
Primeras frases,55,17,9999,26,26
Primeras frases,50,17,9999,26,25
Primeras frases,45,17,9999,25,25
Primeras frases,40,17,9999,24,24
Primeras frases,35,17,9999,23,23
Primeras frases,30,17,9999,23,22
Primeras frases,25,17,9999,21,22
Primeras frases,20,17,9999,21,20
Primeras frases,15,17,9999,19,19
Primeras frases,10,17,9999,16,17
Primeras frases,5,17,9999,13,14
Primeras frases,0,17,9999,0,0
Primeras frases,99,18,9999,28,28
Primeras frases,95,18,9999,28,28
Primeras frases,90,18,9999,28,28
Primeras frases,85,18,9999,28,28
Primeras frases,80,18,9999,28,28
Primeras frases,75,18,9999,28,28
Primeras frases,70,18,9999,28,28
Primeras frases,65,18,9999,28,27
Primeras frases,60,18,9999,27,27
Primeras frases,55,18,9999,27,27
Primeras frases,50,18,9999,27,26
Primeras frases,45,18,9999,26,25
Primeras frases,40,18,9999,25,25
Primeras frases,35,18,9999,24,24
Primeras frases,30,18,9999,24,24
Primeras frases,25,18,9999,23,23
Primeras frases,20,18,9999,22,22
Primeras frases,15,18,9999,20,21
Primeras frases,10,18,9999,17,19
Primeras frases,5,18,9999,15,15
Primeras frases,0,18,9999,0,0
Palabras que comprende,99,8,170,106,219
Palabras que comprende,95,8,145,101,187
Palabras que comprende,90,8,127,112,144
Palabras que comprende,85,8,109,91,137
Palabras que comprende,80,8,91,82,114
Palabras que comprende,75,8,81,78,90
Palabras que comprende,70,8,73,66,80
Palabras que comprende,65,8,61,53,68
Palabras que comprende,60,8,50,44,53
Palabras que comprende,55,8,41,37,41
Palabras que comprende,50,8,36,32,35
Palabras que comprende,45,8,30,27,31
Palabras que comprende,40,8,25,21,29
Palabras que comprende,35,8,20,16,25
Palabras que comprende,30,8,15,13,21
Palabras que comprende,25,8,12,11,17
Palabras que comprende,20,8,10,7,11
Palabras que comprende,15,8,7,5,9
Palabras que comprende,10,8,4,3,4
Palabras que comprende,5,8,1,1,1
Palabras que comprende,0,8,0,0,0
Palabras que comprende,99,9,227,156,256
Palabras que comprende,95,9,175,140,215
Palabras que comprende,90,9,150,136,164
Palabras que comprende,85,9,128,112,154
Palabras que comprende,80,9,108,99,130
Palabras que comprende,75,9,96,93,105
Palabras que comprende,70,9,87,79,93
Palabras que comprende,65,9,73,65,81
Palabras que comprende,60,9,61,55,64
Palabras que comprende,55,9,51,46,51
Palabras que comprende,50,9,45,41,44
Palabras que comprende,45,9,38,35,39
Palabras que comprende,40,9,32,28,36
Palabras que comprende,35,9,26,21,31
Palabras que comprende,30,9,20,18,26
Palabras que comprende,25,9,16,15,22
Palabras que comprende,20,9,13,10,14
Palabras que comprende,15,9,9,7,12
Palabras que comprende,10,9,6,4,6
Palabras que comprende,5,9,1,1,2
Palabras que comprende,0,9,0,0,0
Palabras que comprende,99,10,282,215,290
Palabras que comprende,95,10,206,185,242
Palabras que comprende,90,10,174,162,186
Palabras que comprende,85,10,149,136,171
Palabras que comprende,80,10,127,119,148
Palabras que comprende,75,10,113,109,122
Palabras que comprende,70,10,101,94,109
Palabras que comprende,65,10,87,79,95
Palabras que comprende,60,10,74,68,78
Palabras que comprende,55,10,63,58,64
Palabras que comprende,50,10,56,52,55
Palabras que comprende,45,10,48,45,49
Palabras que comprende,40,10,41,37,45
Palabras que comprende,35,10,34,29,39
Palabras que comprende,30,10,26,24,32
Palabras que comprende,25,10,22,20,27
Palabras que comprende,20,10,18,14,19
Palabras que comprende,15,10,13,10,16
Palabras que comprende,10,10,8,6,8
Palabras que comprende,5,10,2,2,2
Palabras que comprende,0,10,0,0,0
Palabras que comprende,99,11,329,273,321
Palabras que comprende,95,11,237,232,269
Palabras que comprende,90,11,199,191,209
Palabras que comprende,85,11,171,162,189
Palabras que comprende,80,11,148,141,167
Palabras que comprende,75,11,132,128,140
Palabras que comprende,70,11,118,111,126
Palabras que comprende,65,11,103,95,111
Palabras que comprende,60,11,90,84,93
Palabras que comprende,55,11,78,73,79
Palabras que comprende,50,11,70,66,69
Palabras que comprende,45,11,60,57,61
Palabras que comprende,40,11,52,48,55
Palabras que comprende,35,11,44,39,48
Palabras que comprende,30,11,35,33,40
Palabras que comprende,25,11,29,27,35
Palabras que comprende,20,11,23,20,26
Palabras que comprende,15,11,17,14,20
Palabras que comprende,10,11,11,9,12
Palabras que comprende,5,11,4,3,3
Palabras que comprende,0,11,0,0,0
Palabras que comprende,99,12,364,324,346
Palabras que comprende,95,12,268,278,294
Palabras que comprende,90,12,225,220,232
Palabras que comprende,85,12,194,190,207
Palabras que comprende,80,12,171,165,187
Palabras que comprende,75,12,153,148,159
Palabras que comprende,70,12,136,130,144
Palabras que comprende,65,12,121,113,129
Palabras que comprende,60,12,107,102,111
Palabras que comprende,55,12,96,90,96
Palabras que comprende,50,12,86,83,84
Palabras que comprende,45,12,76,72,75
Palabras que comprende,40,12,66,63,67
Palabras que comprende,35,12,56,52,59
Palabras que comprende,30,12,46,44,50
Palabras que comprende,25,12,38,36,44
Palabras que comprende,20,12,31,27,34
Palabras que comprende,15,12,24,20,27
Palabras que comprende,10,12,16,13,16
Palabras que comprende,5,12,5,5,5
Palabras que comprende,0,12,0,0,0
Palabras que comprende,99,13,388,362,367
Palabras que comprende,95,13,296,319,316
Palabras que comprende,90,13,250,249,254
Palabras que comprende,85,13,218,219,225
Palabras que comprende,80,13,194,190,207
Palabras que comprende,75,13,174,169,179
Palabras que comprende,70,13,155,150,164
Palabras que comprende,65,13,141,133,148
Palabras que comprende,60,13,127,123,130
Palabras que comprende,55,13,115,110,116
Palabras que comprende,50,13,105,102,103
Palabras que comprende,45,13,93,91,92
Palabras que comprende,40,13,83,81,82
Palabras que comprende,35,13,72,68,71
Palabras que comprende,30,13,59,59,61
Palabras que comprende,25,13,49,49,55
Palabras que comprende,20,13,41,37,44
Palabras que comprende,15,13,32,28,34
Palabras que comprende,10,13,22,18,23
Palabras que comprende,5,13,9,8,8
Palabras que comprende,0,13,0,0,0
Palabras que comprende,99,14,404,388,383
Palabras que comprende,95,14,322,351,336
Palabras que comprende,90,14,275,277,275
Palabras que comprende,85,14,242,247,243
Palabras que comprende,80,14,218,216,228
Palabras que comprende,75,14,197,192,200
Palabras que comprende,70,14,175,172,184
Palabras que comprende,65,14,162,156,168
Palabras que comprende,60,14,148,146,151
Palabras que comprende,55,14,138,132,138
Palabras que comprende,50,14,126,125,123
Palabras que comprende,45,14,114,112,111
Palabras que comprende,40,14,102,102,99
Palabras que comprende,35,14,90,89,87
Palabras que comprende,30,14,76,77,75
Palabras que comprende,25,14,64,65,68
Palabras que comprende,20,14,54,50,58
Palabras que comprende,15,14,43,39,44
Palabras que comprende,10,14,31,26,31
Palabras que comprende,5,14,13,12,12
Palabras que comprende,0,14,0,0,0
Palabras que comprende,99,15,414,404,396
Palabras que comprende,95,15,344,376,354
Palabras que comprende,90,15,298,302,296
Palabras que comprende,85,15,265,275,261
Palabras que comprende,80,15,242,242,248
Palabras que comprende,75,15,220,215,222
Palabras que comprende,70,15,197,195,206
Palabras que comprende,65,15,185,179,190
Palabras que comprende,60,15,171,171,174
Palabras que comprende,55,15,162,157,163
Palabras que comprende,50,15,149,151,147
Palabras que comprende,45,15,138,137,132
Palabras que comprende,40,15,125,127,118
Palabras que comprende,35,15,112,114,104
Palabras que comprende,30,15,96,99,91
Palabras que comprende,25,15,82,84,84
Palabras que comprende,20,15,70,66,75
Palabras que comprende,15,15,57,54,57
Palabras que comprende,10,15,43,36,43
Palabras que comprende,5,15,20,19,17
Palabras que comprende,0,15,0,0,0
Palabras que comprende,99,16,420,415,405
Palabras que comprende,95,16,362,393,368
Palabras que comprende,90,16,318,325,314
Palabras que comprende,85,16,287,300,278
Palabras que comprende,80,16,265,268,268
Palabras que comprende,75,16,243,238,243
Palabras que comprende,70,16,218,218,227
Palabras que comprende,65,16,208,204,211
Palabras que comprende,60,16,195,197,198
Palabras que comprende,55,16,188,184,188
Palabras que comprende,50,16,175,179,172
Palabras que comprende,45,16,163,164,156
Palabras que comprende,40,16,151,155,139
Palabras que comprende,35,16,137,142,123
Palabras que comprende,30,16,120,126,109
Palabras que comprende,25,16,103,108,102
Palabras que comprende,20,16,90,87,95
Palabras que comprende,15,16,75,74,72
Palabras que comprende,10,16,59,50,58
Palabras que comprende,5,16,31,29,26
Palabras que comprende,0,16,0,0,0
Palabras que comprende,99,17,424,421,412
Palabras que comprende,95,17,377,405,380
Palabras que comprende,90,17,337,345,331
Palabras que comprende,85,17,308,323,294
Palabras que comprende,80,17,287,291,286
Palabras que comprende,75,17,265,260,263
Palabras que comprende,70,17,240,241,248
Palabras que comprende,65,17,231,229,233
Palabras que comprende,60,17,220,224,222
Palabras que comprende,55,17,215,212,215
Palabras que comprende,50,17,201,208,198
Palabras que comprende,45,17,191,193,182
Palabras que comprende,40,17,178,186,162
Palabras que comprende,35,17,165,174,145
Palabras que comprende,30,17,147,156,130
Palabras que comprende,25,17,128,137,123
Palabras que comprende,20,17,114,112,119
Palabras que comprende,15,17,97,99,91
Palabras que comprende,10,17,79,68,77
Palabras que comprende,5,17,47,43,37
Palabras que comprende,0,17,0,0,0
Palabras que comprende,99,18,426,424,417
Palabras que comprende,95,18,389,414,390
Palabras que comprende,90,18,353,362,346
Palabras que comprende,85,18,326,343,310
Palabras que comprende,80,18,307,313,304
Palabras que comprende,75,18,286,282,283
Palabras que comprende,70,18,261,263,269
Palabras que comprende,65,18,254,254,255
Palabras que comprende,60,18,245,250,246
Palabras que comprende,55,18,242,240,242
Palabras que comprende,50,18,228,237,225
Palabras que comprende,45,18,219,223,208
Palabras que comprende,40,18,207,218,186
Palabras que comprende,35,18,195,208,168
Palabras que comprende,30,18,177,189,152
Palabras que comprende,25,18,157,168,147
Palabras que comprende,20,18,141,142,146
Palabras que comprende,15,18,123,129,112
Palabras que comprende,10,18,104,92,101
Palabras que comprende,5,18,69,64,54
Palabras que comprende,0,18,0,0,0
Palabras que dice,99,8,30,20,26
Palabras que dice,95,8,14,12,17
Palabras que dice,90,8,7,7,9
Palabras que dice,85,8,5,5,6
Palabras que dice,80,8,5,3,5
Palabras que dice,75,8,4,3,5
Palabras que dice,70,8,3,2,4
Palabras que dice,65,8,2,2,3
Palabras que dice,60,8,2,2,2
Palabras que dice,55,8,2,0,2
Palabras que dice,50,8,0,0,0
Palabras que dice,45,8,0,0,0
Palabras que dice,40,8,0,0,0
Palabras que dice,35,8,0,0,0
Palabras que dice,30,8,0,0,0
Palabras que dice,25,8,0,0,0
Palabras que dice,20,8,0,0,0
Palabras que dice,15,8,0,0,0
Palabras que dice,10,8,0,0,0
Palabras que dice,5,8,0,0,0
Palabras que dice,0,8,0,0,0
Palabras que dice,99,9,42,30,34
Palabras que dice,95,9,20,18,23
Palabras que dice,90,9,10,9,13
Palabras que dice,85,9,8,7,8
Palabras que dice,80,9,6,5,7
Palabras que dice,75,9,5,4,6
Palabras que dice,70,9,4,3,5
Palabras que dice,65,9,3,2,4
Palabras que dice,60,9,2,2,3
Palabras que dice,55,9,2,1,2
Palabras que dice,50,9,0,0,1
Palabras que dice,45,9,0,0,1
Palabras que dice,40,9,0,0,0
Palabras que dice,35,9,0,0,0
Palabras que dice,30,9,0,0,0
Palabras que dice,25,9,0,0,0
Palabras que dice,20,9,0,0,0
Palabras que dice,15,9,0,0,0
Palabras que dice,10,9,0,0,0
Palabras que dice,5,9,0,0,0
Palabras que dice,0,9,0,0,0
Palabras que dice,99,10,59,43,45
Palabras que dice,95,10,27,26,32
Palabras que dice,90,10,15,13,18
Palabras que dice,85,10,11,9,12
Palabras que dice,80,10,9,6,10
Palabras que dice,75,10,7,5,8
Palabras que dice,70,10,5,4,7
Palabras que dice,65,10,4,3,5
Palabras que dice,60,10,3,3,4
Palabras que dice,55,10,3,1,3
Palabras que dice,50,10,1,1,1
Palabras que dice,45,10,1,1,1
Palabras que dice,40,10,0,0,0
Palabras que dice,35,10,0,0,0
Palabras que dice,30,10,0,0,0
Palabras que dice,25,10,0,0,0
Palabras que dice,20,10,0,0,0
Palabras que dice,15,10,0,0,0
Palabras que dice,10,10,0,0,0
Palabras que dice,5,10,0,0,0
Palabras que dice,0,10,0,0,0
Palabras que dice,99,11,80,61,58
Palabras que dice,95,11,38,38,43
Palabras que dice,90,11,21,18,25
Palabras que dice,85,11,15,13,17
Palabras que dice,80,11,12,9,13
Palabras que dice,75,11,9,7,11
Palabras que dice,70,11,7,5,9
Palabras que dice,65,11,6,5,7
Palabras que dice,60,11,5,4,6
Palabras que dice,55,11,4,1,5
Palabras que dice,50,11,1,1,2
Palabras que dice,45,11,1,1,2
Palabras que dice,40,11,0,0,1
Palabras que dice,35,11,0,0,1
Palabras que dice,30,11,0,0,0
Palabras que dice,25,11,0,0,0
Palabras que dice,20,11,0,0,0
Palabras que dice,15,11,0,0,0
Palabras que dice,10,11,0,0,0
Palabras que dice,5,11,0,0,0
Palabras que dice,0,11,0,0,0
Palabras que dice,99,12,106,85,74
Palabras que dice,95,12,51,55,57
Palabras que dice,90,12,29,25,35
Palabras que dice,85,12,21,18,24
Palabras que dice,80,12,16,13,18
Palabras que dice,75,12,12,10,15
Palabras que dice,70,12,10,8,12
Palabras que dice,65,12,8,6,9
Palabras que dice,60,12,6,5,8
Palabras que dice,55,12,6,2,6
Palabras que dice,50,12,2,2,3
Palabras que dice,45,12,2,2,3
Palabras que dice,40,12,1,1,1
Palabras que dice,35,12,1,0,1
Palabras que dice,30,12,0,0,1
Palabras que dice,25,12,0,0,1
Palabras que dice,20,12,0,0,0
Palabras que dice,15,12,0,0,0
Palabras que dice,10,12,0,0,0
Palabras que dice,5,12,0,0,0
Palabras que dice,0,12,0,0,0
Palabras que dice,99,13,138,116,94
Palabras que dice,95,13,69,77,76
Palabras que dice,90,13,41,35,49
Palabras que dice,85,13,28,25,35
Palabras que dice,80,13,22,18,25
Palabras que dice,75,13,16,14,19
Palabras que dice,70,13,13,11,16
Palabras que dice,65,13,10,9,13
Palabras que dice,60,13,9,7,11
Palabras que dice,55,13,8,4,9
Palabras que dice,50,13,4,3,5
Palabras que dice,45,13,3,3,4
Palabras que dice,40,13,2,1,3
Palabras que dice,35,13,2,1,2
Palabras que dice,30,13,1,1,2
Palabras que dice,25,13,0,0,1
Palabras que dice,20,13,0,0,1
Palabras que dice,15,13,0,0,0
Palabras que dice,10,13,0,0,0
Palabras que dice,5,13,0,0,0
Palabras que dice,0,13,0,0,0
Palabras que dice,99,14,175,154,117
Palabras que dice,95,14,91,106,99
Palabras que dice,90,14,56,48,67
Palabras que dice,85,14,39,35,49
Palabras que dice,80,14,29,25,34
Palabras que dice,75,14,21,18,25
Palabras que dice,70,14,18,15,21
Palabras que dice,65,14,14,12,17
Palabras que dice,60,14,12,9,14
Palabras que dice,55,14,10,7,12
Palabras que dice,50,14,7,6,9
Palabras que dice,45,14,6,5,7
Palabras que dice,40,14,4,3,5
Palabras que dice,35,14,3,2,4
Palabras que dice,30,14,1,1,3
Palabras que dice,25,14,1,1,3
Palabras que dice,20,14,1,1,1
Palabras que dice,15,14,0,1,0
Palabras que dice,10,14,0,0,0
Palabras que dice,5,14,0,0,0
Palabras que dice,0,14,0,0,0
Palabras que dice,99,15,214,195,143
Palabras que dice,95,15,118,141,126
Palabras que dice,90,15,77,65,91
Palabras que dice,85,15,53,47,68
Palabras que dice,80,15,39,34,46
Palabras que dice,75,15,28,25,33
Palabras que dice,70,15,24,20,28
Palabras que dice,65,15,19,16,23
Palabras que dice,60,15,16,13,20
Palabras que dice,55,15,14,11,17
Palabras que dice,50,15,11,9,14
Palabras que dice,45,15,10,8,12
Palabras que dice,40,15,8,5,10
Palabras que dice,35,15,6,4,8
Palabras que dice,30,15,3,3,6
Palabras que dice,25,15,3,2,6
Palabras que dice,20,15,2,2,3
Palabras que dice,15,15,1,1,1
Palabras que dice,10,15,0,0,0
Palabras que dice,5,15,0,0,0
Palabras que dice,0,15,0,0,0
Palabras que dice,99,16,253,238,172
Palabras que dice,95,16,150,181,158
Palabras que dice,90,16,102,86,119
Palabras que dice,85,16,70,64,92
Palabras que dice,80,16,52,47,62
Palabras que dice,75,16,37,34,43
Palabras que dice,70,16,32,28,36
Palabras que dice,65,16,25,22,31
Palabras que dice,60,16,21,17,27
Palabras que dice,55,16,19,18,24
Palabras que dice,50,16,19,16,23
Palabras que dice,45,16,16,14,20
Palabras que dice,40,16,15,9,19
Palabras que dice,35,16,12,8,15
Palabras que dice,30,16,8,7,12
Palabras que dice,25,16,6,5,11
Palabras que dice,20,16,5,4,7
Palabras que dice,15,16,2,2,2
Palabras que dice,10,16,0,0,1
Palabras que dice,5,16,0,0,0
Palabras que dice,0,16,0,0,0
Palabras que dice,99,17,289,280,203
Palabras que dice,95,17,185,224,192
Palabras que dice,90,17,132,112,153
Palabras que dice,85,17,93,85,123
Palabras que dice,80,17,68,63,82
Palabras que dice,75,17,48,45,56
Palabras que dice,70,17,42,37,48
Palabras que dice,65,17,40,29,41
Palabras que dice,60,17,39,29,36
Palabras que dice,55,17,33,28,35
Palabras que dice,50,17,31,27,34
Palabras que dice,45,17,27,24,33
Palabras que dice,40,17,30,17,32
Palabras que dice,35,17,24,15,29
Palabras que dice,30,17,20,15,24
Palabras que dice,25,17,15,10,22
Palabras que dice,20,17,11,8,15
Palabras que dice,15,17,5,5,4
Palabras que dice,10,17,1,1,2
Palabras que dice,5,17,0,0,0
Palabras que dice,0,17,0,0,0
Palabras que dice,99,18,321,316,234
Palabras que dice,95,18,222,266,227
Palabras que dice,90,18,167,143,191
Palabras que dice,85,18,120,111,158
Palabras que dice,80,18,89,84,106
Palabras que dice,75,18,62,60,72
Palabras que dice,70,18,56,51,62
Palabras que dice,65,18,55,49,60
Palabras que dice,60,18,54,46,58
Palabras que dice,55,18,53,46,58
Palabras que dice,50,18,51,44,57
Palabras que dice,45,18,44,39,48
Palabras que dice,40,18,43,32,46
Palabras que dice,35,18,41,30,44
Palabras que dice,30,18,40,26,43
Palabras que dice,25,18,33,22,42
Palabras que dice,20,18,24,17,33
Palabras que dice,15,18,11,11,8
Palabras que dice,10,18,2,1,3
Palabras que dice,5,18,0,0,0
Palabras que dice,0,18,0,0,0
Gestos Tempranos,99,8,19,17,19
Gestos Tempranos,95,8,17,15,18
Gestos Tempranos,90,8,13,14,15
Gestos Tempranos,85,8,13,13,13
Gestos Tempranos,80,8,12,12,13
Gestos Tempranos,75,8,12,12,12
Gestos Tempranos,70,8,11,11,12
Gestos Tempranos,65,8,11,11,11
Gestos Tempranos,60,8,10,10,11
Gestos Tempranos,55,8,10,9,11
Gestos Tempranos,50,8,10,9,10
Gestos Tempranos,45,8,9,9,9
Gestos Tempranos,40,8,8,8,9
Gestos Tempranos,35,8,8,7,8
Gestos Tempranos,30,8,7,7,8
Gestos Tempranos,25,8,7,7,7
Gestos Tempranos,20,8,6,5,7
Gestos Tempranos,15,8,5,5,6
Gestos Tempranos,10,8,4,4,5
Gestos Tempranos,5,8,2,2,2
Gestos Tempranos,0,8,0,0,0
Gestos Tempranos,99,9,19,18,19
Gestos Tempranos,95,9,17,16,19
Gestos Tempranos,90,9,15,15,16
Gestos Tempranos,85,9,14,14,14
Gestos Tempranos,80,9,13,13,14
Gestos Tempranos,75,9,13,13,13
Gestos Tempranos,70,9,12,12,13
Gestos Tempranos,65,9,12,12,12
Gestos Tempranos,60,9,11,11,12
Gestos Tempranos,55,9,11,10,12
Gestos Tempranos,50,9,11,10,11
Gestos Tempranos,45,9,10,10,10
Gestos Tempranos,40,9,9,9,10
Gestos Tempranos,35,9,9,8,9
Gestos Tempranos,30,9,8,8,8
Gestos Tempranos,25,9,8,7,8
Gestos Tempranos,20,9,7,6,7
Gestos Tempranos,15,9,6,6,7
Gestos Tempranos,10,9,5,4,5
Gestos Tempranos,5,9,3,3,3
Gestos Tempranos,0,9,0,0,0
Gestos Tempranos,99,10,20,19,19
Gestos Tempranos,95,10,18,17,19
Gestos Tempranos,90,10,16,16,17
Gestos Tempranos,85,10,15,15,16
Gestos Tempranos,80,10,15,14,15
Gestos Tempranos,75,10,14,14,14
Gestos Tempranos,70,10,13,13,14
Gestos Tempranos,65,10,13,13,13
Gestos Tempranos,60,10,12,12,13
Gestos Tempranos,55,10,12,11,12
Gestos Tempranos,50,10,12,11,12
Gestos Tempranos,45,10,11,10,11
Gestos Tempranos,40,10,10,10,11
Gestos Tempranos,35,10,10,9,10
Gestos Tempranos,30,10,9,9,9
Gestos Tempranos,25,10,9,8,9
Gestos Tempranos,20,10,8,7,8
Gestos Tempranos,15,10,7,7,7
Gestos Tempranos,10,10,6,5,6
Gestos Tempranos,5,10,4,4,4
Gestos Tempranos,0,10,0,0,0
Gestos Tempranos,99,11,20,19,20
Gestos Tempranos,95,11,19,18,19
Gestos Tempranos,90,11,17,17,18
Gestos Tempranos,85,11,16,16,17
Gestos Tempranos,80,11,15,15,16
Gestos Tempranos,75,11,15,15,15
Gestos Tempranos,70,11,14,14,15
Gestos Tempranos,65,11,14,14,14
Gestos Tempranos,60,11,13,13,14
Gestos Tempranos,55,11,13,12,13
Gestos Tempranos,50,11,12,12,13
Gestos Tempranos,45,11,12,11,12
Gestos Tempranos,40,11,11,11,12
Gestos Tempranos,35,11,11,10,11
Gestos Tempranos,30,11,10,9,10
Gestos Tempranos,25,11,9,9,10
Gestos Tempranos,20,11,9,8,9
Gestos Tempranos,15,11,8,7,8
Gestos Tempranos,10,11,7,6,7
Gestos Tempranos,5,11,4,4,5
Gestos Tempranos,0,11,0,0,0
Gestos Tempranos,99,12,20,20,20
Gestos Tempranos,95,12,19,19,20
Gestos Tempranos,90,12,18,18,19
Gestos Tempranos,85,12,17,17,18
Gestos Tempranos,80,12,16,16,17
Gestos Tempranos,75,12,16,15,16
Gestos Tempranos,70,12,15,15,15
Gestos Tempranos,65,12,15,15,15
Gestos Tempranos,60,12,14,14,15
Gestos Tempranos,55,12,14,13,14
Gestos Tempranos,50,12,13,13,14
Gestos Tempranos,45,12,13,12,13
Gestos Tempranos,40,12,12,12,13
Gestos Tempranos,35,12,12,11,12
Gestos Tempranos,30,12,11,10,11
Gestos Tempranos,25,12,10,10,11
Gestos Tempranos,20,12,10,9,10
Gestos Tempranos,15,12,9,8,9
Gestos Tempranos,10,12,8,7,8
Gestos Tempranos,5,12,5,5,6
Gestos Tempranos,0,12,0,0,0
Gestos Tempranos,99,13,20,20,20
Gestos Tempranos,95,13,20,19,20
Gestos Tempranos,90,13,19,18,19
Gestos Tempranos,85,13,18,17,19
Gestos Tempranos,80,13,17,17,18
Gestos Tempranos,75,13,16,16,17
Gestos Tempranos,70,13,16,16,16
Gestos Tempranos,65,13,16,15,16
Gestos Tempranos,60,13,15,15,16
Gestos Tempranos,55,13,15,14,15
Gestos Tempranos,50,13,14,14,15
Gestos Tempranos,45,13,14,13,14
Gestos Tempranos,40,13,13,12,14
Gestos Tempranos,35,13,13,12,13
Gestos Tempranos,30,13,12,11,12
Gestos Tempranos,25,13,11,11,12
Gestos Tempranos,20,13,11,10,11
Gestos Tempranos,15,13,9,9,10
Gestos Tempranos,10,13,9,8,9
Gestos Tempranos,5,13,6,6,7
Gestos Tempranos,0,13,0,0,0
Gestos Tempranos,99,14,21,20,21
Gestos Tempranos,95,14,20,20,20
Gestos Tempranos,90,14,20,19,20
Gestos Tempranos,85,14,18,18,19
Gestos Tempranos,80,14,18,18,18
Gestos Tempranos,75,14,17,17,18
Gestos Tempranos,70,14,17,16,17
Gestos Tempranos,65,14,16,16,17
Gestos Tempranos,60,14,16,16,16
Gestos Tempranos,55,14,16,15,16
Gestos Tempranos,50,14,15,15,15
Gestos Tempranos,45,14,15,14,15
Gestos Tempranos,40,14,14,13,14
Gestos Tempranos,35,14,13,13,14
Gestos Tempranos,30,14,13,12,13
Gestos Tempranos,25,14,12,11,13
Gestos Tempranos,20,14,11,11,12
Gestos Tempranos,15,14,10,10,11
Gestos Tempranos,10,14,10,9,10
Gestos Tempranos,5,14,8,7,8
Gestos Tempranos,0,14,0,0,0
Gestos Tempranos,99,15,21,21,21
Gestos Tempranos,95,15,21,20,21
Gestos Tempranos,90,15,20,19,20
Gestos Tempranos,85,15,19,19,20
Gestos Tempranos,80,15,19,18,19
Gestos Tempranos,75,15,18,18,18
Gestos Tempranos,70,15,18,17,18
Gestos Tempranos,65,15,17,17,18
Gestos Tempranos,60,15,17,17,17
Gestos Tempranos,55,15,16,16,16
Gestos Tempranos,50,15,16,16,16
Gestos Tempranos,45,15,15,15,16
Gestos Tempranos,40,15,15,14,15
Gestos Tempranos,35,15,14,14,15
Gestos Tempranos,30,15,14,13,14
Gestos Tempranos,25,15,13,12,14
Gestos Tempranos,20,15,12,12,13
Gestos Tempranos,15,15,11,11,12
Gestos Tempranos,10,15,11,10,11
Gestos Tempranos,5,15,9,8,9
Gestos Tempranos,0,15,0,0,0
Gestos Tempranos,99,16,21,21,21
Gestos Tempranos,95,16,21,21,21
Gestos Tempranos,90,16,21,20,21
Gestos Tempranos,85,16,20,19,20
Gestos Tempranos,80,16,19,19,19
Gestos Tempranos,75,16,18,18,19
Gestos Tempranos,70,16,18,18,18
Gestos Tempranos,65,16,18,18,18
Gestos Tempranos,60,16,17,17,18
Gestos Tempranos,55,16,17,17,17
Gestos Tempranos,50,16,17,16,17
Gestos Tempranos,45,16,16,16,16
Gestos Tempranos,40,16,16,15,16
Gestos Tempranos,35,16,15,14,15
Gestos Tempranos,30,16,14,14,15
Gestos Tempranos,25,16,14,13,15
Gestos Tempranos,20,16,13,13,14
Gestos Tempranos,15,16,12,12,13
Gestos Tempranos,10,16,12,11,12
Gestos Tempranos,5,16,10,10,10
Gestos Tempranos,0,16,0,0,0
Gestos Tempranos,99,17,21,21,21
Gestos Tempranos,95,17,21,21,21
Gestos Tempranos,90,17,21,20,21
Gestos Tempranos,85,17,20,20,21
Gestos Tempranos,80,17,20,19,20
Gestos Tempranos,75,17,19,19,19
Gestos Tempranos,70,17,19,18,19
Gestos Tempranos,65,17,18,18,19
Gestos Tempranos,60,17,18,18,19
Gestos Tempranos,55,17,18,17,18
Gestos Tempranos,50,17,17,17,17
Gestos Tempranos,45,17,17,16,17
Gestos Tempranos,40,17,16,16,17
Gestos Tempranos,35,17,16,15,16
Gestos Tempranos,30,17,15,15,16
Gestos Tempranos,25,17,15,14,16
Gestos Tempranos,20,17,14,14,15
Gestos Tempranos,15,17,13,13,14
Gestos Tempranos,10,17,13,12,13
Gestos Tempranos,5,17,12,11,11
Gestos Tempranos,0,17,0,0,0
Gestos Tempranos,99,18,21,21,21
Gestos Tempranos,95,18,21,21,21
Gestos Tempranos,90,18,21,21,21
Gestos Tempranos,85,18,20,20,21
Gestos Tempranos,80,18,20,20,20
Gestos Tempranos,75,18,19,19,20
Gestos Tempranos,70,18,19,19,19
Gestos Tempranos,65,18,19,19,19
Gestos Tempranos,60,18,19,19,19
Gestos Tempranos,55,18,18,18,18
Gestos Tempranos,50,18,18,18,18
Gestos Tempranos,45,18,17,17,18
Gestos Tempranos,40,18,17,16,17
Gestos Tempranos,35,18,17,16,17
Gestos Tempranos,30,18,16,15,17
Gestos Tempranos,25,18,16,15,16
Gestos Tempranos,20,18,15,15,15
Gestos Tempranos,15,18,14,14,15
Gestos Tempranos,10,18,14,14,14
Gestos Tempranos,5,18,13,12,12
Gestos Tempranos,0,18,0,0,0
Gestos Tardios,99,8,37,17,19
Gestos Tardios,95,8,31,15,18
Gestos Tardios,90,8,25,13,14
Gestos Tardios,85,8,24,10,12
Gestos Tardios,80,8,22,9,11
Gestos Tardios,75,8,20,8,8
Gestos Tardios,70,8,18,6,7
Gestos Tardios,65,8,16,5,6
Gestos Tardios,60,8,15,4,5
Gestos Tardios,55,8,14,3,4
Gestos Tardios,50,8,13,2,3
Gestos Tardios,45,8,12,1,2
Gestos Tardios,40,8,11,1,1
Gestos Tardios,35,8,11,0,1
Gestos Tardios,30,8,9,0,0
Gestos Tardios,25,8,8,0,0
Gestos Tardios,20,8,7,0,0
Gestos Tardios,15,8,6,0,0
Gestos Tardios,10,8,5,0,0
Gestos Tardios,5,8,2,0,0
Gestos Tardios,0,8,0,0,0
Gestos Tardios,99,9,43,21,23
Gestos Tardios,95,9,35,18,21
Gestos Tardios,90,9,29,15,17
Gestos Tardios,85,9,27,13,14
Gestos Tardios,80,9,25,12,13
Gestos Tardios,75,9,23,11,11
Gestos Tardios,70,9,21,9,10
Gestos Tardios,65,9,19,7,9
Gestos Tardios,60,9,18,6,7
Gestos Tardios,55,9,16,5,7
Gestos Tardios,50,9,15,5,6
Gestos Tardios,45,9,14,4,5
Gestos Tardios,40,9,14,3,4
Gestos Tardios,35,9,13,2,3
Gestos Tardios,30,9,11,2,3
Gestos Tardios,25,9,10,2,2
Gestos Tardios,20,9,9,1,1
Gestos Tardios,15,9,8,0,0
Gestos Tardios,10,9,6,0,0
Gestos Tardios,5,9,3,0,0
Gestos Tardios,0,9,0,0,0
Gestos Tardios,99,10,47,25,27
Gestos Tardios,95,10,39,21,25
Gestos Tardios,90,10,33,18,20
Gestos Tardios,85,10,31,15,17
Gestos Tardios,80,10,29,15,16
Gestos Tardios,75,10,27,13,14
Gestos Tardios,70,10,24,11,13
Gestos Tardios,65,10,23,10,12
Gestos Tardios,60,10,21,9,10
Gestos Tardios,55,10,20,8,10
Gestos Tardios,50,10,18,7,9
Gestos Tardios,45,10,17,6,8
Gestos Tardios,40,10,16,5,7
Gestos Tardios,35,10,15,5,6
Gestos Tardios,30,10,14,4,5
Gestos Tardios,25,10,12,4,5
Gestos Tardios,20,10,11,3,4
Gestos Tardios,15,10,9,2,2
Gestos Tardios,10,10,7,2,2
Gestos Tardios,5,10,4,1,0
Gestos Tardios,0,10,0,0,0
Gestos Tardios,99,11,51,29,31
Gestos Tardios,95,11,43,24,28
Gestos Tardios,90,11,38,21,23
Gestos Tardios,85,11,36,18,21
Gestos Tardios,80,11,33,17,19
Gestos Tardios,75,11,31,16,17
Gestos Tardios,70,11,28,14,16
Gestos Tardios,65,11,26,12,15
Gestos Tardios,60,11,24,11,13
Gestos Tardios,55,11,23,11,13
Gestos Tardios,50,11,22,10,11
Gestos Tardios,45,11,20,9,11
Gestos Tardios,40,11,19,8,9
Gestos Tardios,35,11,18,7,9
Gestos Tardios,30,11,16,6,8
Gestos Tardios,25,11,15,6,7
Gestos Tardios,20,11,13,5,6
Gestos Tardios,15,11,12,4,4
Gestos Tardios,10,11,9,3,3
Gestos Tardios,5,11,5,2,2
Gestos Tardios,0,11,0,0,0
Gestos Tardios,99,12,55,33,34
Gestos Tardios,95,12,47,27,31
Gestos Tardios,90,12,42,23,26
Gestos Tardios,85,12,39,21,24
Gestos Tardios,80,12,37,20,22
Gestos Tardios,75,12,34,18,20
Gestos Tardios,70,12,32,17,18
Gestos Tardios,65,12,30,15,17
Gestos Tardios,60,12,28,14,16
Gestos Tardios,55,12,27,13,15
Gestos Tardios,50,12,25,12,14
Gestos Tardios,45,12,24,11,13
Gestos Tardios,40,12,23,10,12
Gestos Tardios,35,12,21,9,11
Gestos Tardios,30,12,19,9,10
Gestos Tardios,25,12,18,8,9
Gestos Tardios,20,12,16,7,8
Gestos Tardios,15,12,14,6,6
Gestos Tardios,10,12,11,5,5
Gestos Tardios,5,12,7,4,4
Gestos Tardios,0,12,0,0,0
Gestos Tardios,99,13,57,35,37
Gestos Tardios,95,13,50,30,34
Gestos Tardios,90,13,46,26,29
Gestos Tardios,85,13,43,24,27
Gestos Tardios,80,13,40,22,25
Gestos Tardios,75,13,38,21,23
Gestos Tardios,70,13,36,19,21
Gestos Tardios,65,13,34,18,20
Gestos Tardios,60,13,32,17,19
Gestos Tardios,55,13,30,16,18
Gestos Tardios,50,13,29,15,17
Gestos Tardios,45,13,28,14,16
Gestos Tardios,40,13,26,13,15
Gestos Tardios,35,13,25,12,14
Gestos Tardios,30,13,23,11,13
Gestos Tardios,25,13,21,10,12
Gestos Tardios,20,13,19,9,10
Gestos Tardios,15,13,17,8,8
Gestos Tardios,10,13,14,6,7
Gestos Tardios,5,13,10,5,5
Gestos Tardios,0,13,0,0,0
Gestos Tardios,99,14,59,38,39
Gestos Tardios,95,14,53,33,36
Gestos Tardios,90,14,49,29,32
Gestos Tardios,85,14,46,27,30
Gestos Tardios,80,14,44,25,28
Gestos Tardios,75,14,42,24,26
Gestos Tardios,70,14,40,22,24
Gestos Tardios,65,14,38,20,23
Gestos Tardios,60,14,36,19,22
Gestos Tardios,55,14,34,18,21
Gestos Tardios,50,14,33,17,20
Gestos Tardios,45,14,31,16,19
Gestos Tardios,40,14,30,15,17
Gestos Tardios,35,14,28,14,17
Gestos Tardios,30,14,27,13,15
Gestos Tardios,25,14,24,12,14
Gestos Tardios,20,14,22,11,12
Gestos Tardios,15,14,21,10,10
Gestos Tardios,10,14,17,8,9
Gestos Tardios,5,14,13,6,7
Gestos Tardios,0,14,0,0,0
Gestos Tardios,99,15,61,39,40
Gestos Tardios,95,15,55,35,38
Gestos Tardios,90,15,52,32,34
Gestos Tardios,85,15,49,30,33
Gestos Tardios,80,15,47,28,30
Gestos Tardios,75,15,45,26,29
Gestos Tardios,70,15,44,25,27
Gestos Tardios,65,15,41,23,26
Gestos Tardios,60,15,40,22,25
Gestos Tardios,55,15,38,21,24
Gestos Tardios,50,15,37,20,22
Gestos Tardios,45,15,35,19,22
Gestos Tardios,40,15,34,18,20
Gestos Tardios,35,15,32,16,19
Gestos Tardios,30,15,30,16,18
Gestos Tardios,25,15,28,14,16
Gestos Tardios,20,15,26,13,14
Gestos Tardios,15,15,24,12,12
Gestos Tardios,10,15,21,9,11
Gestos Tardios,5,15,17,7,9
Gestos Tardios,0,15,0,0,0
Gestos Tardios,99,16,62,41,42
Gestos Tardios,95,16,57,37,40
Gestos Tardios,90,16,55,34,36
Gestos Tardios,85,16,52,32,35
Gestos Tardios,80,16,50,30,33
Gestos Tardios,75,16,48,29,32
Gestos Tardios,70,16,47,27,30
Gestos Tardios,65,16,45,26,29
Gestos Tardios,60,16,43,25,28
Gestos Tardios,55,16,42,23,27
Gestos Tardios,50,16,40,22,25
Gestos Tardios,45,16,39,21,25
Gestos Tardios,40,16,37,20,23
Gestos Tardios,35,16,36,19,22
Gestos Tardios,30,16,34,18,20
Gestos Tardios,25,16,32,16,19
Gestos Tardios,20,16,30,15,17
Gestos Tardios,15,16,28,13,14
Gestos Tardios,10,16,25,11,13
Gestos Tardios,5,16,22,9,10
Gestos Tardios,0,16,0,0,0
Gestos Tardios,99,17,63,42,42
Gestos Tardios,95,17,59,38,41
Gestos Tardios,90,17,57,36,38
Gestos Tardios,85,17,54,34,37
Gestos Tardios,80,17,53,33,36
Gestos Tardios,75,17,51,31,34
Gestos Tardios,70,17,50,30,33
Gestos Tardios,65,17,48,28,32
Gestos Tardios,60,17,47,27,31
Gestos Tardios,55,17,45,26,29
Gestos Tardios,50,17,44,25,28
Gestos Tardios,45,17,43,24,27
Gestos Tardios,40,17,41,23,26
Gestos Tardios,35,17,39,21,24
Gestos Tardios,30,17,38,20,23
Gestos Tardios,25,17,36,18,21
Gestos Tardios,20,17,34,17,19
Gestos Tardios,15,17,32,15,17
Gestos Tardios,10,17,29,13,15
Gestos Tardios,5,17,27,10,12
Gestos Tardios,0,17,0,0,0
Gestos Tardios,99,18,64,42,43
Gestos Tardios,95,18,60,39,42
Gestos Tardios,90,18,59,37,39
Gestos Tardios,85,18,56,36,39
Gestos Tardios,80,18,55,35,39
Gestos Tardios,75,18,53,34,37
Gestos Tardios,70,18,52,33,36
Gestos Tardios,65,18,51,31,35
Gestos Tardios,60,18,50,30,34
Gestos Tardios,55,18,48,29,32
Gestos Tardios,50,18,47,27,31
Gestos Tardios,45,18,46,26,30
Gestos Tardios,40,18,44,25,28
Gestos Tardios,35,18,43,23,27
Gestos Tardios,30,18,42,23,25
Gestos Tardios,25,18,39,21,23
Gestos Tardios,20,18,38,19,21
Gestos Tardios,15,18,36,17,19
Gestos Tardios,10,18,33,14,17
Gestos Tardios,5,18,32,11,14
Gestos Tardios,0,18,0,0,0
Total de Gestos,99,8,37,34,35
Total de Gestos,95,8,31,28,32
Total de Gestos,90,8,25,26,27
Total de Gestos,85,8,24,22,24
Total de Gestos,80,8,22,21,22
Total de Gestos,75,8,20,20,20
Total de Gestos,70,8,18,18,18
Total de Gestos,65,8,16,15,17
Total de Gestos,60,8,15,14,15
Total de Gestos,55,8,14,13,14
Total de Gestos,50,8,13,13,13
Total de Gestos,45,8,12,12,12
Total de Gestos,40,8,11,11,12
Total de Gestos,35,8,11,10,11
Total de Gestos,30,8,9,8,10
Total de Gestos,25,8,8,7,9
Total de Gestos,20,8,7,7,8
Total de Gestos,15,8,6,6,6
Total de Gestos,10,8,5,4,5
Total de Gestos,5,8,2,3,0
Total de Gestos,0,8,0,0,0
Total de Gestos,99,9,43,38,41
Total de Gestos,95,9,35,33,37
Total de Gestos,90,9,29,30,32
Total de Gestos,85,9,27,26,28
Total de Gestos,80,9,25,24,26
Total de Gestos,75,9,23,23,24
Total de Gestos,70,9,21,21,22
Total de Gestos,65,9,19,18,20
Total de Gestos,60,9,18,17,19
Total de Gestos,55,9,16,16,17
Total de Gestos,50,9,15,15,16
Total de Gestos,45,9,14,15,15
Total de Gestos,40,9,14,13,15
Total de Gestos,35,9,13,12,14
Total de Gestos,30,9,11,10,12
Total de Gestos,25,9,10,9,11
Total de Gestos,20,9,9,8,10
Total de Gestos,15,9,8,7,8
Total de Gestos,10,9,6,5,6
Total de Gestos,5,9,3,4,2
Total de Gestos,0,9,0,0,0
Total de Gestos,99,10,47,42,46
Total de Gestos,95,10,39,37,42
Total de Gestos,90,10,33,33,36
Total de Gestos,85,10,31,29,33
Total de Gestos,80,10,29,28,30
Total de Gestos,75,10,27,27,28
Total de Gestos,70,10,24,24,26
Total de Gestos,65,10,23,21,23
Total de Gestos,60,10,21,20,22
Total de Gestos,55,10,20,18,21
Total de Gestos,50,10,18,18,19
Total de Gestos,45,10,17,17,18
Total de Gestos,40,10,16,16,18
Total de Gestos,35,10,15,14,16
Total de Gestos,30,10,14,12,15
Total de Gestos,25,10,12,11,13
Total de Gestos,20,10,11,10,12
Total de Gestos,15,10,9,9,10
Total de Gestos,10,10,7,7,8
Total de Gestos,5,10,4,5,5
Total de Gestos,0,10,0,0,0
Total de Gestos,99,11,51,46,51
Total de Gestos,95,11,43,41,46
Total de Gestos,90,11,38,37,40
Total de Gestos,85,11,36,33,37
Total de Gestos,80,11,33,31,34
Total de Gestos,75,11,31,30,32
Total de Gestos,70,11,28,27,30
Total de Gestos,65,11,26,25,27
Total de Gestos,60,11,24,23,26
Total de Gestos,55,11,23,22,25
Total de Gestos,50,11,22,21,22
Total de Gestos,45,11,20,20,21
Total de Gestos,40,11,19,19,21
Total de Gestos,35,11,18,17,19
Total de Gestos,30,11,16,15,18
Total de Gestos,25,11,15,13,16
Total de Gestos,20,11,13,12,15
Total de Gestos,15,11,12,11,12
Total de Gestos,10,11,9,9,10
Total de Gestos,5,11,5,6,8
Total de Gestos,0,11,0,0,0
Total de Gestos,99,12,55,49,54
Total de Gestos,95,12,47,44,50
Total de Gestos,90,12,42,40,44
Total de Gestos,85,12,39,37,41
Total de Gestos,80,12,37,35,39
Total de Gestos,75,12,34,34,36
Total de Gestos,70,12,32,31,34
Total de Gestos,65,12,30,29,31
Total de Gestos,60,12,28,27,30
Total de Gestos,55,12,27,25,28
Total de Gestos,50,12,25,25,26
Total de Gestos,45,12,24,23,25
Total de Gestos,40,12,23,22,24
Total de Gestos,35,12,21,20,23
Total de Gestos,30,12,19,18,21
Total de Gestos,25,12,18,16,19
Total de Gestos,20,12,16,15,17
Total de Gestos,15,12,14,13,15
Total de Gestos,10,12,11,11,12
Total de Gestos,5,12,7,8,11
Total de Gestos,0,12,0,0,0
Total de Gestos,99,13,57,52,57
Total de Gestos,95,13,50,48,53
Total de Gestos,90,13,46,43,48
Total de Gestos,85,13,43,40,45
Total de Gestos,80,13,40,39,43
Total de Gestos,75,13,38,37,40
Total de Gestos,70,13,36,35,38
Total de Gestos,65,13,34,33,35
Total de Gestos,60,13,32,31,34
Total de Gestos,55,13,30,29,32
Total de Gestos,50,13,29,28,30
Total de Gestos,45,13,28,26,29
Total de Gestos,40,13,26,25,28
Total de Gestos,35,13,25,24,27
Total de Gestos,30,13,23,21,24
Total de Gestos,25,13,21,20,22
Total de Gestos,20,13,19,18,21
Total de Gestos,15,13,17,16,18
Total de Gestos,10,13,14,14,15
Total de Gestos,5,13,10,10,13
Total de Gestos,0,13,0,0,0
Total de Gestos,99,14,59,54,59
Total de Gestos,95,14,53,51,56
Total de Gestos,90,14,49,46,51
Total de Gestos,85,14,46,44,49
Total de Gestos,80,14,44,42,47
Total de Gestos,75,14,42,41,44
Total de Gestos,70,14,40,38,42
Total de Gestos,65,14,38,37,39
Total de Gestos,60,14,36,35,38
Total de Gestos,55,14,34,33,37
Total de Gestos,50,14,33,32,34
Total de Gestos,45,14,31,30,33
Total de Gestos,40,14,30,29,32
Total de Gestos,35,14,28,27,30
Total de Gestos,30,14,27,25,28
Total de Gestos,25,14,24,23,26
Total de Gestos,20,14,22,21,24
Total de Gestos,15,14,21,19,22
Total de Gestos,10,14,17,17,19
Total de Gestos,5,14,13,12,16
Total de Gestos,0,14,0,0,0
Total de Gestos,99,15,61,57,61
Total de Gestos,95,15,55,54,58
Total de Gestos,90,15,52,49,54
Total de Gestos,85,15,49,47,52
Total de Gestos,80,15,47,45,50
Total de Gestos,75,15,45,44,47
Total de Gestos,70,15,44,42,46
Total de Gestos,65,15,41,40,43
Total de Gestos,60,15,40,38,42
Total de Gestos,55,15,38,37,40
Total de Gestos,50,15,37,35,38
Total de Gestos,45,15,35,33,37
Total de Gestos,40,15,34,32,36
Total de Gestos,35,15,32,31,34
Total de Gestos,30,15,30,29,32
Total de Gestos,25,15,28,27,30
Total de Gestos,20,15,26,25,28
Total de Gestos,15,15,24,23,26
Total de Gestos,10,15,21,20,22
Total de Gestos,5,15,17,15,19
Total de Gestos,0,15,0,0,0
Total de Gestos,99,16,62,58,62
Total de Gestos,95,16,57,56,60
Total de Gestos,90,16,55,52,56
Total de Gestos,85,16,52,49,54
Total de Gestos,80,16,50,48,53
Total de Gestos,75,16,48,47,50
Total de Gestos,70,16,47,45,49
Total de Gestos,65,16,45,44,47
Total de Gestos,60,16,43,42,45
Total de Gestos,55,16,42,40,44
Total de Gestos,50,16,40,39,42
Total de Gestos,45,16,39,37,41
Total de Gestos,40,16,37,36,39
Total de Gestos,35,16,36,35,38
Total de Gestos,30,16,34,33,36
Total de Gestos,25,16,32,31,33
Total de Gestos,20,16,30,29,31
Total de Gestos,15,16,28,27,30
Total de Gestos,10,16,25,24,27
Total de Gestos,5,16,22,19,22
Total de Gestos,0,16,0,0,0
Total de Gestos,99,17,63,60,63
Total de Gestos,95,17,59,58,61
Total de Gestos,90,17,57,54,58
Total de Gestos,85,17,54,52,57
Total de Gestos,80,17,53,51,55
Total de Gestos,75,17,51,50,53
Total de Gestos,70,17,50,48,52
Total de Gestos,65,17,48,47,50
Total de Gestos,60,17,47,45,48
Total de Gestos,55,17,45,44,47
Total de Gestos,50,17,44,42,46
Total de Gestos,45,17,43,40,44
Total de Gestos,40,17,41,39,43
Total de Gestos,35,17,39,38,42
Total de Gestos,30,17,38,37,40
Total de Gestos,25,17,36,35,37
Total de Gestos,20,17,34,33,35
Total de Gestos,15,17,32,31,34
Total de Gestos,10,17,29,28,31
Total de Gestos,5,17,27,23,24
Total de Gestos,0,17,0,0,0
Total de Gestos,99,18,64,61,64
Total de Gestos,95,18,60,59,62
Total de Gestos,90,18,59,56,59
Total de Gestos,85,18,56,54,58
Total de Gestos,80,18,55,53,57
Total de Gestos,75,18,53,52,55
Total de Gestos,70,18,52,50,54
Total de Gestos,65,18,51,50,52
Total de Gestos,60,18,50,48,51
Total de Gestos,55,18,48,47,51
Total de Gestos,50,18,47,46,49
Total de Gestos,45,18,46,43,48
Total de Gestos,40,18,44,43,46
Total de Gestos,35,18,43,42,45
Total de Gestos,30,18,42,41,43
Total de Gestos,25,18,39,39,41
Total de Gestos,20,18,38,37,39
Total de Gestos,15,18,36,35,38
Total de Gestos,10,18,33,33,35
Total de Gestos,5,18,32,27,27
Total de Gestos,0,18,0,0,0
