itemID,item,item_type,category,choices,definition,uni_lemma,gloss,complexity_category
item_1,au,word,sounds,understands; produces,au/ai (pijn),ouch,ouch,
item_2,beh beh,word,sounds,understands; produces,beh beh (schaap),baa baa,baa baa,
item_3,beu,word,sounds,understands; produces,beu/boe/meu/moeh (koe),moo,moo,
item_4,blub,word,sounds,understands; produces,blub blub (vis),,blub,
item_5,grrr,word,sounds,understands; produces,grrr (grommen),,grrr,
item_6,hallo,word,sounds,understands; produces,hallo (telefoon),,hello,
item_7,ieaa,word,sounds,understands; produces,ie-aa ie-aa (ezel),,hee-haw,
item_8,juujuu,word,sounds,understands; produces,juu juu/huu huu (paard),,neigh,
item_9,knor,word,sounds,understands; produces,knor knor/ngr ngr (varken),,oink,
item_10,kukelukuu,word,sounds,understands; produces,kukelukuu (haan),cockadoodledoo,cockadoodledoo,
item_11,kwak kwak,word,sounds,understands; produces,kwak kwak (eend),quack quack,quack quack,
item_12,miauw,word,sounds,understands; produces,miauw/mauw (poes),meow,meow,
item_13,mjam mjam,word,sounds,understands; produces,mjam mjam (lekker),yum yum,yum yum,
item_14,oh ooh,word,sounds,understands; produces,oh ooh (verbazing),,uh oh,
item_15,piep,word,sounds,understands; produces,piep piep (muis),,squeek,
item_16,ssss,word,sounds,understands; produces,ssss (slang),,ssss,
item_17,tiktak,word,sounds,understands; produces,tik tak (klok),,tick tock,
item_18,tjoek(e) tjoek,word,sounds,understands; produces,tjoek(e) tjoek (trein),choo choo,choo choo,
item_19,tuuta,word,sounds,understands; produces,tuuta tuuta (ziekwagen/ziekenauto/brandweer/politieauto),,tuuta tuuta,
item_20,vroem,word,sounds,understands; produces,vroem/broem (auto),,vroom,
item_21,waf waf,word,sounds,understands; produces,waf waf (hond),woof woof,woof woof,
item_21a,sounds_textbox,word,sounds,no; yes,"Als u opmerkingen of aanvullingen hebt, mag u die hier noteren.",,,
item_22,aap,word,animals,understands; produces,aap,monkey,monkey,
item_23,beer,word,animals,understands; produces,beer,bear,bear,
item_24,bij,word,animals,understands; produces,bij,bee,bee,
item_25,dier,word,animals,understands; produces,dier/beest,animal,animal,
item_26,eekhoorn,word,animals,understands; produces,eekhoorn,squirrel,squirrel,
item_27,eend,word,animals,understands; produces,eend,duck,duck,
item_28,egel,word,animals,understands; produces,egel,,hedgehog,
item_29,ezel,word,animals,understands; produces,ezel,donkey,donkey,
item_30,geit,word,animals,understands; produces,geit,,goat,
item_31,giraf,word,animals,understands; produces,giraf,giraffe,giraffe,
item_32,haan,word,animals,understands; produces,haan,,rooster,
item_33,hamster,word,animals,understands; produces,hamster/cavia,,ginaepig,
item_34,hert,word,animals,understands; produces,hert/Bambi,deer,deer,
item_35,hond,word,animals,understands; produces,hond(je),dog,dog,
item_36,kat,word,animals,understands; produces,kat/poes(je),cat,cat,
item_37,kikker,word,animals,understands; produces,kikker,frog,frog,
item_38,kip,word,animals,understands; produces,kip,chicken,chicken,
item_39,koe,word,animals,understands; produces,koe,cow,cow,
item_40,konijn,word,animals,understands; produces,konijn(tje),bunny,rabbit,
item_41,krokodil,word,animals,understands; produces,krokodil,,alligator,
item_42,lam,word,animals,understands; produces,lam(metje),lamb,lamb,
item_43,leeuw,word,animals,understands; produces,leeuw,lion,lion,
item_44,luipaard,word,animals,understands; produces,luipaard,,leopard,
item_45,mier,word,animals,understands; produces,mier,ant,ant,
item_46,mug/vlieg,word,animals,understands; produces,mug/vlieg,,mosquito,
item_47,muis,word,animals,understands; produces,muis,mouse,mouse,
item_48,olifant,word,animals,understands; produces,olifant,elephant,elephant,
item_49,paard,word,animals,understands; produces,paard,horse,horse,
item_50,panter,word,animals,understands; produces,panter,,panther,
item_51,papegaai,word,animals,understands; produces,papegaai,,parrot,
item_52,pinguin,word,animals,understands; produces,pinguin/Pingu,penguin,penguin,
item_53,pony,word,animals,understands; produces,pony,,pony,
item_54,rups,word,animals,understands; produces,rups,,caterpillar,
item_55,schaap,word,animals,understands; produces,schaap,,scheep,
item_56,schildpad,word,animals,understands; produces,schildpad,turtle,turtle,
item_57,slang,word,animals,understands; produces,slang,,snake,
item_58,spin,word,animals,understands; produces,spin,spider,spider,
item_59,teddybeer,word,animals,understands; produces,teddybeer,teddybear,teddybear,
item_60,tijger,word,animals,understands; produces,tijger,tiger,tiger,
item_61,uil,word,animals,understands; produces,uil,owl,owl,
item_62,varken,word,animals,understands; produces,varken,pig,pig,
item_63,vis,word,animals,understands; produces,vis,fish (animal),fish,
item_64,vlinder,word,animals,understands; produces,vlinder,butterfly,butterfly,
item_65,vogel,word,animals,understands; produces,vogel,bird,bird,
item_66,vos,word,animals,understands; produces,vos,,fox,
item_67,wolf,word,animals,understands; produces,wolf,wolf,wolf,
item_68,zebra,word,animals,understands; produces,zebra,,zebra,
item_68a,animals_textbox,word,animals,no; yes,"Als u opmerkingen of aanvullingen hebt, mag u die hier noteren.",,,
item_69,auto,word,vehicles,understands; produces,auto,car,car,
item_70,boot,word,vehicles,understands; produces,boot,boat,boat,
item_71,brandweerwagen,word,vehicles,understands; produces,brandweerwagen/brandweerauto,firetruck,firetruck,
item_72,brommer,word,vehicles,understands; produces,brommer/bromfiets/moto(r)/motorfiets,motorcycle,motorbike,
item_73,buggy,word,vehicles,understands; produces,buggy/koets/kinderwagen,stroller,stroller,
item_74,bulldozer,word,vehicles,understands; produces,bulldozer,,bulldozer,
item_75,bus,word,vehicles,understands; produces,bus,,bus,
item_76,fiets,word,vehicles,understands; produces,fiets,bicycle,bike,
item_77,helicopter,word,vehicles,understands; produces,helicopter,helicopter,helicopter,
item_78,kraan,word,vehicles,understands; produces,kraan (op bouwerf)/hijskraan,,crane,
item_79,slee,word,vehicles,understands; produces,slee,,sled,
item_80,tractor,word,vehicles,understands; produces,tractor,tractor,tractor,
item_81,tram,word,vehicles,understands; produces,tram,,tram,
item_82,trein,word,vehicles,understands; produces,trein,train,train,
item_83,vliegtuig,word,vehicles,understands; produces,vliegtuig,airplane,airplane,
item_84,vrachtwagen,word,vehicles,understands; produces,vrachtwagen/camion/vrachtauto,truck,camion,
item_85,ziekenwagen,word,vehicles,understands; produces,ziekenwagen/ambulance/ziekenauto,,ambulance,
item_85a,vehicles_textbox,word,vehicles,no; yes,"Als u opmerkingen of aanvullingen hebt, mag u die hier noteren.",,,
item_86,bal,word,toys,understands; produces,bal,ball,ball,
item_87,ballon,word,toys,understands; produces,ballon,balloon,air balloon,
item_88,blokken,word,toys,understands; produces,blokken,,blocks,
item_89,boek,word,toys,understands; produces,boek,book,book,
item_90,cadeau,word,toys,understands; produces,cadeau(tje),present,present,
item_91,klei,word,toys,understands; produces,klei/plasticine,,play dough,
item_92,kleurpotloden,word,toys,understands; produces,kleurpotloden,,crayons,
item_93,kralen,word,toys,understands; produces,kralen/parels,,beads,
item_94,krijt,word,toys,understands; produces,krijt,,chalk,
item_95,lijm,word,toys,understands; produces,lijm,,glue,
item_96,pen,word,toys,understands; produces,pen/stylo,pen/pencil,pencil,
item_97,pop,word,toys,understands; produces,pop,doll,baby doll,
item_98,potlood,word,toys,understands; produces,potlood,pencil,pencil,
item_99,puzzel,word,toys,understands; produces,puzzel,,puzzle,
item_100,schuim,word,toys,understands; produces,schuim/zeepbellen/bellenblaas*,,bubbles,
item_101,speelgoed,word,toys,understands; produces,speelgoed(je),toy (object),toy,
item_102,spel,word,toys,understands; produces,spel(letje),,game,
item_103,verhaal,word,toys,understands; produces,verhaal,,story,
item_104,vingerverf,word,toys,understands; produces,vingerverf,,finger paint,
item_104a,toys_textbox,word,toys,no; yes,"Voor het item met een *, als uw kind iets anders zegt, kunt u het hier invullen. Als u verdere opmerkingen of aanvullingen hebt, mag u die hier noteren.",,,
item_105,aardappel,word,food_drink,understands; produces,aardappel/patatjes,,potato,
item_106,aardbei,word,food_drink,understands; produces,aardbei(en),,strawberry,
item_107,appel,word,food_drink,understands; produces,appel,apple,apple,
item_108,appelmoes,word,food_drink,understands; produces,appelmoes,,applesauce,
item_109,sinaasappel,word,food_drink,understands; produces,appelsien/sinaasappel,orange (food),orange (fruit),
item_110,banaan,word,food_drink,understands; produces,banaan,banana,banana,
item_111,beschuit,word,food_drink,understands; produces,beschuit(je)/cracotje/crackertje,,cracker,
item_112,boontjes,word,food_drink,understands; produces,boontjes,,green beans,
item_113,boter,word,food_drink,understands; produces,boter,,butter,
item_114,boterham,word,food_drink,understands; produces,boterham,,sandwich,
item_115,brood,word,food_drink,understands; produces,brood,bread,bread,
item_116,cake,word,food_drink,understands; produces,cake,cake,cake,
item_117,chips,word,food_drink,understands; produces,chips,,chips,
item_118,choco,word,food_drink,understands; produces,choco,,nutella,
item_119,chocolade,word,food_drink,understands; produces,chocolade,,chocolate,
item_120,chocomousse,word,food_drink,understands; produces,chocomousse,,chocolate mousse,
item_121,limonade*,word,food_drink,understands; produces,cola/limonade*,,lemonade,
item_122,cornflakes,word,food_drink,understands; produces,cornflakes/muesli,cereal,cereal,
item_123,drankje,word,food_drink,understands; produces,drankje/drinken/blikje*,drink,drink,
item_124,druif,word,food_drink,understands; produces,druif,grapes,grapes,
item_125,ei,word,food_drink,understands; produces,ei,egg,egg,
item_126,erwtjes,word,food_drink,understands; produces,erwtjes,,pea,
item_127,eten,word,food_drink,understands; produces,eten,food,food,
item_128,frietjes,word,food_drink,understands; produces,frieten/frietjes,,french fries,
item_129,fristi,word,food_drink,understands; produces,Fristi/Jogidrink,, yoghurt drink,
item_130,sap,word,food_drink,understands; produces,fruisap/sap,juice,juice,
item_131,jam,word,food_drink,understands; produces,gelei/confituur/jam,,marmalade,
item_132,hagelslag,word,food_drink,understands; produces,hagelslag/muisjes*,,sprinkels,
item_133,hamburger,word,food_drink,understands; produces,hamburger,,hamburger,
item_134,ijs,word,food_drink,understands; produces,ijs/crème/ijsje,ice cream,ice cream,
item_135,ijslolly,word,food_drink,understands; produces,ijslolly/frisco,popsicle,popsicle,
item_136,kaas,word,food_drink,understands; produces,kaas,cheese,cheese,
item_137,kauwgom,word,food_drink,understands; produces,kauwgom*,,chewing gum,
item_138,kip,word,food_drink,understands; produces,kip,chicken (food),chicken,
item_139,koekje,word,food_drink,understands; produces,koekje,cookie,cookie,
item_140,koffie,word,food_drink,understands; produces,koffie/thee,coffee,coffee,
item_141,komkommer,word,food_drink,understands; produces,komkommer,,cucumber,
item_142,kroketjes,word,food_drink,understands; produces,kroketjes/gebakken aardappeltjes,,fried potatoes,
item_143,lolly,word,food_drink,understands; produces,lolly/lekstok,lollipop,lollipop,
item_144,melk,word,food_drink,understands; produces,melk,milk,milk,
item_145,meloen,word,food_drink,understands; produces,meloen,,melon,
item_146,nootjes,word,food_drink,understands; produces,nootjes,,nuts,
item_147,pannenkoek,word,food_drink,understands; produces,pannenkoek,,pancake,
item_148,pap,word,food_drink,understands; produces,pap,atole,porridge,
item_149,peer,word,food_drink,understands; produces,peer,,pear,
item_150,danoontje,word,food_drink,understands; produces,Petit Gervais (platte kaas)/Danoontje,,pudding type,
item_151,pizza,word,food_drink,understands; produces,pizza,,pizza,
item_152,popcorn,word,food_drink,understands; produces,popcorn,,popcorn,
item_153,pudding,word,food_drink,understands; produces,pudding,,pudding,
item_154,puree,word,food_drink,understands; produces,puree,,mashed potatoes,
item_155,rijst,word,food_drink,understands; produces,rijst,rice,rice,
item_156,rozijntjes,word,food_drink,understands; produces,rozijntjes,,raisins,
item_157,sandwich,word,food_drink,understands; produces,sandwich/pislolet/broodje/kadetje,,sandwich,
item_158,saus,word,food_drink,understands; produces,saus,,sauce,
item_159,snoep,word,food_drink,understands; produces,snoep(je),candy,sweet candy,
item_160,soep,word,food_drink,understands; produces,soep,soup,soup,
item_161,spaghetti,word,food_drink,understands; produces,spaghetti,,spaghetti,
item_162,stokbrood,word,food_drink,understands; produces,stokbrood,,baguette,
item_163,suiker,word,food_drink,understands; produces,suiker,,sugar,
item_164,taart,word,food_drink,understands; produces,taart,pie,pie,
item_165,toast,word,food_drink,understands; produces,toast/geroosterd brood,,toast,
item_166,vis,word,food_drink,understands; produces,vis,,fish (food),
item_167,vitamientjes,word,food_drink,understands; produces,vitamientjes,,vitamin,
item_168,vlees,word,food_drink,understands; produces,vlees,,meat,
item_169,water,word,food_drink,understands; produces,water,water (beverage),water,
item_170,worst,word,food_drink,understands; produces,worst,,sausage,
item_171,wortel,word,food_drink,understands; produces,wortel(tjes),,carrot,
item_172,yoghurt,word,food_drink,understands; produces,yoghurt/platte kaas/kaas*,,yogurt,
item_173,zout,word,food_drink,understands; produces,zout,,salt,
item_173a,food_drink_textbox,word,food_drink,no; yes,"Voor de items met een *, als uw kind iets anders zegt, kunt u het hier invullen. Als u verdere opmerkingen of aanvullingen hebt, mag u die hier noteren.",,,
item_174,ketting,word,clothing,understands; produces,(hals)ketting,necklace,necklace,
item_175,handschoenen,word,clothing,understands; produces,handschoenen/wanten,,gloves,
item_176,hemd,word,clothing,understands; produces,hemd/bloes,shirt,shirt,
item_177,hoed,word,clothing,understands; produces,hoed,hat,hat,
item_178,jas,word,clothing,understands; produces,jas,,coat,
item_179,jeans,word,clothing,understands; produces,jeans(broek)/spijkerbroek,,jeans,
item_180,jurkje,word,clothing,understands; produces,kleedje/jurkje,dress,dress,
item_181,knoop,word,clothing,understands; produces,knoop,button,button,
item_182,sok,word,clothing,understands; produces,kous/sok,sock,sock,
item_183,maillot,word,clothing,understands; produces,kousebroek/collants/maillot,tights,tights,
item_184,laarsjes,word,clothing,understands; produces,laarsjes/botjes,boots,boots,
item_185,broek,word,clothing,understands; produces,(lange)broek,pants,pants,
item_186,luier,word,clothing,understands; produces,luier/pamper,diaper,diaper,
item_187,muts,word,clothing,understands; produces,muts,hat,hat,
item_188,onderbroek,word,clothing,understands; produces,onderbroek(je)/slipje/broekje,underpants,underpants,
item_189,onderhemd,word,clothing,understands; produces,onderhemd(je),top,top,
item_190,pantoffels,word,clothing,understands; produces,pantoffels/slofjes,,slipper,
item_191,pet,word,clothing,understands; produces,pet,,cap,
item_192,pyjama,word,clothing,understands; produces,pyjama/slaapkleed/nachtjapon,pajamas,pajamas,
item_193,riem,word,clothing,understands; produces,riem,,belt,
item_194,rits,word,clothing,understands; produces,rits*,zipper,zipper,
item_195,schoen,word,clothing,understands; produces,schoen,shoe,shoe,
item_196,short,word,clothing,understands; produces,short/korte broek,shorts,shorts,
item_197,sjaal,word,clothing,understands; produces,sjaal/das,,scarf,
item_198,slabbetje,word,clothing,understands; produces,slabbertje/bavet,bib,bib,
item_199,trui,word,clothing,understands; produces,trui/sweater/pull,sweater,sweater,
item_200,tshirt,word,clothing,understands; produces,T-shirt,t-shirt,t-shirt,
item_201,tut,word,clothing,understands; produces,tut(je)/(fop)speen,pacifier,pacifier,
item_202,zwembroek,word,clothing,understands; produces,zwembroek/zwempak/badpak*,,swimwear,
item_202a,clothing_textbox,word,clothing,no; yes,"Voor de items met een *, als uw kind iets anders zegt, kunt u het hier invullen. Als u verdere opmerkingen of aanvullingen hebt, mag u die hier noteren.",,,
item_203,arm,word,body_parts,understands; produces,arm,arm,arm,
item_204,been,word,body_parts,understands; produces,been,leg,legs,
item_205,billen,word,body_parts,understands; produces,billen/poep,,buttocks,
item_206,borst,word,body_parts,understands; produces,borst,breast,breast,
item_207,buik,word,body_parts,understands; produces,buik,tummy,belly,
item_208,duim,word,body_parts,understands; produces,duim,tumb,tumb,
item_209,enkel,word,body_parts,understands; produces,enkel,,ankle,
item_210,gezicht,word,body_parts,understands; produces,gezicht,face,face,
item_211,haar,word,body_parts,understands; produces,haar,hair,hair,
item_212,hand,word,body_parts,understands; produces,hand,hand,hand,
item_213,hoofd,word,body_parts,understands; produces,hoofd,head,head,
item_214,kin,word,body_parts,understands; produces,kin,chin,chin,
item_215,knie,word,body_parts,understands; produces,knie,knee,knee,
item_216,lippen,word,body_parts,understands; produces,lippen,,lips,
item_217,mond,word,body_parts,understands; produces,mond,mouth,mouth,
item_218,nagel,word,body_parts,understands; produces,nagel,,finger nail,
item_219,navel,word,body_parts,understands; produces,navel,belly button,belly button,
item_220,nek,word,body_parts,understands; produces,nek/hals,,neck,
item_221,neus,word,body_parts,understands; produces,neus,nose,nose,
item_222,oog,word,body_parts,understands; produces,oog,eye,eyes,
item_223,oor,word,body_parts,understands; produces,oor,ear,ear,
item_224,piemel,word,body_parts,understands; produces,piemel/plasser*,penis,penis,
item_225,rug,word,body_parts,understands; produces,rug,,back,
item_226,schouder,word,body_parts,understands; produces,schouder,,shoulder,
item_227,tanden,word,body_parts,understands; produces,tanden,tooth,teeth,
item_228,teen,word,body_parts,understands; produces,teen,,toe,
item_229,tong,word,body_parts,understands; produces,tong,tongue,tongue,
item_230,vagina,word,body_parts,understands; produces,vagina/spleetje*,vagina,vagina,
item_231,vinger,word,body_parts,understands; produces,vinger,finger,finger,
item_232,voeten,word,body_parts,understands; produces,voeten,foot,feet,
item_233,wang,word,body_parts,understands; produces,wang/kaak,cheek,cachete,
item_233a,body_parts_textbox,word,body_parts,no; yes,"Voor de items met een *, als uw kind iets anders zegt, kunt u het hier invullen. Als u verdere opmerkingen of aanvullingen hebt, mag u die hier noteren.",,,
item_234,bord,word,household,understands; produces,bord,plate,dish,
item_235,bezem,word,household,understands; produces,borstel/bezem/veger,broom,broom,
item_236,bril,word,household,understands; produces,bril,glass,glasses,
item_237,camera,word,household,understands; produces,camera/fototoestel,,camera,
item_238,computer,word,household,understands; produces,computer,,computer,
item_239,deken,word,household,understands; produces,deken/dekbed,blanket,blanket,
item_240,doos,word,household,understands; produces,doos,box,box,
item_241,dweil,word,household,understands; produces,dweil,,mop,
item_242,emmer,word,household,understands; produces,emmer,,bucket,
item_243,fles,word,household,understands; produces,fles,bottle,bottle,
item_244,foto,word,household,understands; produces,foto,photo,photo,
item_245,geld,word,household,understands; produces,geld/centen/centjes,money,money,
item_246,glas,word,household,understands; produces,glas,,glass,
item_247,hamer,word,household,understands; produces,hamer,hammer,hammer,
item_248,handdoek,word,household,understands; produces,handdoek,towel,towel,
item_249,kam,word,household,understands; produces,kam/borstel,comb (object),hair comb,
item_250,kan,word,household,understands; produces,kan,,jug,
item_251,kom,word,household,understands; produces,kom/schaal,,bowl,
item_252,krant,word,household,understands; produces,krant,,newspaper,
item_253,kussen,word,household,understands; produces,kussen,pillow,pillow,
item_254,lamp,word,household,understands; produces,lamp/licht,,lamp,
item_255,lepel,word,household,understands; produces,lepel,spoon,spoon,
item_256,mand,word,household,understands; produces,mand(je)/korf,,basket,
item_257,medicijn,word,household,understands; produces,"medicijn(en) (siroop, pilletje, drankje)/medicament",medicine,medicine,
item_258,mes,word,household,understands; produces,mes,knife,knife,
item_259,nagel,word,household,understands; produces,nagel,,nail,
item_260,plakband,word,household,understands; produces,plakband/tape,,tape,
item_261,plant,word,household,understands; produces,plant,plant,plant,
item_262,portemonnee,word,household,understands; produces,portemonnee/portefeuille,,wallet,
item_263,pot,word,household,understands; produces,pot,,pot,
item_264,radio,word,household,understands; produces,radio,radio,radio,
item_265,rommel,word,household,understands; produces,rommel,,mess,
item_266,schaar,word,household,understands; produces,schaar,scissors,pair of scissors,
item_267,schilderij,word,household,understands; produces,schilderij,painting,painting,
item_268,servet,word,household,understands; produces,servet,,napkin,
item_269,shampoo,word,household,understands; produces,shampoo,,shampoo,
item_270,sleutel,word,household,understands; produces,steutel(s),keys,key,
item_271,spaarpot,word,household,understands; produces,spaarpot/spaarvarken*,, piggy bank,
item_272,stofzuiger,word,household,understands; produces,stofzuiger,vacuum,vacuum cleaner,
item_273,tandenborstel,word,household,understands; produces,tandenborstel,toothbrush,toothbrush,
item_274,kop,word,household,understands; produces,tas/kop(je)/beker,cup,cup,
item_275,tekening,word,household,understands; produces,tekening/prent,picture,picture,
item_276,telefoon,word,household,understands; produces,telefoon,telephone,phone,
item_277,horloge,word,household,understands; produces,uurwerk/klok/horloge,watch (object),watch,
item_278,video,word,household,understands; produces,video,,video,
item_279,vork,word,household,understands; produces,vork,fork,fork,
item_280,vuilbak,word,household,understands; produces,vuilbak/vuilnisemmer,trash,garbage can,
item_281,vuilnis,word,household,understands; produces,vuilnis/afval,,garbage,
item_282,vuur,word,household,understands; produces,vuur,,fire,
item_283,washandje,word,household,understands; produces,washandje*,, wash cloth,
item_284,zakdoek,word,household,understands; produces,zakdoek (papier),,handkerchief,
item_285,zeep,word,household,understands; produces,zeep,soap,soap,
item_285a,household_textbox,word,household,no; yes,"Voor de items met een *, als uw kind iets anders zegt, kunt u het hier invullen. Als u verdere opmerkingen of aanvullingen hebt, mag u die hier noteren.",,,
item_286,box,word,furniture_rooms,understands; produces,(baby)box/park,,playpen,
item_287,bad,word,furniture_rooms,understands; produces,bad,bathtub,tub,
item_288,badkamer,word,furniture_rooms,understands; produces,badkamer,bathroom,bath,
item_289,bed,word,furniture_rooms,understands; produces,bed,bed,bed,
item_290,deur,word,furniture_rooms,understands; produces,deur,door,gate,
item_291,douche,word,furniture_rooms,understands; produces,douche,shower,shower,
item_292,droogtrommel,word,furniture_rooms,understands; produces,droogkast/droogtrommel,,tumble dryer,
item_293,garage,word,furniture_rooms,understands; produces,garage,garage,garage,
item_294,gootsteen,word,furniture_rooms,understands; produces,gootsteen/afwasbak,sink,sink,
item_295,kachel,word,furniture_rooms,understands; produces,kachel/open haard*,,fireplace,
item_296,kamer,word,furniture_rooms,understands; produces,kamer,,room,
item_297,kast,word,furniture_rooms,understands; produces,kast,closet,closet,
item_298,kelder,word,furniture_rooms,understands; produces,kelder,,basement,
item_299,keuken,word,furniture_rooms,understands; produces,keuken,kitchen,kitchen room,
item_300,kinderstoel,word,furniture_rooms,understands; produces,kinderstoel,,high chair,
item_301,koelkast,word,furniture_rooms,understands; produces,koelkast/frigo/ijskast/diepvries,refrigerator,refrigerator,
item_302,lade,word,furniture_rooms,understands; produces,lade/schuif,drawer,drawer,
item_303,oven,word,furniture_rooms,understands; produces,oven,oven,oven,
item_304,potje,word,furniture_rooms,understands; produces,potje,potty,potty,
item_305,schommelstoel,word,furniture_rooms,understands; produces,schommelstoel,,rocking chair,
item_306,slaapkamer,word,furniture_rooms,understands; produces,slaapkamer,bedroom,bedroom,
item_307,spiegel,word,furniture_rooms,understands; produces,spiegel,mirror,mirror,
item_308,stoel,word,furniture_rooms,understands; produces,stoel,chair,chair,
item_309,tafel,word,furniture_rooms,understands; produces,tafel,table,table top,
item_310,terras,word,furniture_rooms,understands; produces,terras,,terrace,
item_311,trap,word,furniture_rooms,understands; produces,trap(pen),stairs,stairs,
item_312,televisie,word,furniture_rooms,understands; produces,TV/televisie,tv,television,
item_313,raam,word,furniture_rooms,understands; produces,venster/raam,window,window,
item_314,balkon,word,furniture_rooms,understands; produces,veranda/balkon,,balcony,
item_315,toilet,word,furniture_rooms,understands; produces,W.C./toilet,,toilet,
item_316,wasmachine,word,furniture_rooms,understands; produces,wasmachine,,washing machine,
item_317,wieg,word,furniture_rooms,understands; produces,wieg,crib,crib,
item_318,woonkamer,word,furniture_rooms,understands; produces,woonkamer/living/huiskamer,living room,living room,
item_319,bank,word,furniture_rooms,understands; produces,zetel/divan/sofa/bank,couch,sofa,
item_319a,furniture_rooms_textbox,word,furniture_rooms,no; yes,"Voor het item met een *, als uw kind iets anders zegt, kunt u het hier invullen. Als u verdere opmerkingen of aanvullingen hebt, mag u die hier noteren.",,,
item_320,bloem,word,outside,understands; produces,bloem,flower,flower,
item_321,boom,word,outside,understands; produces,boom,tree,tree,
item_322,dak,word,outside,understands; produces,dak,roof,ceiling,
item_323,gieter,word,outside,understands; produces,gieter,watering can,watering can,
item_324,glijbaan,word,outside,understands; produces,glijbaan/schuifaf,slide (object),slide,
item_325,gras,word,outside,understands; produces,gras,,grass,
item_326,grasmaaier,word,outside,understands; produces,grasmachine/grasmaaier,,lawn mower,
item_327,ladder,word,outside,understands; produces,ladder,,ladder,
item_328,lucht,word,outside,understands; produces,lucht/hemel,sky,sky,
item_329,maan,word,outside,understands; produces,maan,moon,moon,
item_330,regen,word,outside,understands; produces,regen,rain,rain,
item_331,schommel,word,outside,understands; produces,schommel,swing (object),swing,
item_332,schop,word,outside,understands; produces,schop/schup/schepje,,shovel,
item_333,sneeuw,word,outside,understands; produces,sneeuw,snow,snow,
item_334,sneeuwman,word,outside,understands; produces,sneeuwman/sneeuwpop,,snowman,
item_335,steen,word,outside,understands; produces,steen/kei/kiezelsteen,rock (object),stone,
item_336,ster,word,outside,understands; produces,ster,star,star,
item_337,stoep,word,outside,understands; produces,stoep/trottoir,,sidewalk,
item_338,stok,word,outside,understands; produces,stok,,stick,
item_339,straat,word,outside,understands; produces,straat,street,street,
item_340,tuinslang,word,outside,understands; produces,tuinslang/waterslang,,hose,
item_341,vlag,word,outside,understands; produces,vlag,,flag,
item_342,water,word,outside,understands; produces,water,,water,
item_343,wind,word,outside,understands; produces,wind,,wind,
item_344,wolk,word,outside,understands; produces,wolk,cloud,cloud,
item_345,zandbak,word,outside,understands; produces,zandbak,,sandpit,
item_346,zon,word,outside,understands; produces,zon,sun,sun,
item_347,zwembad,word,outside,understands; produces,zwembad,pool,pool,
item_347a,outside_textbox,word,outside,no; yes,"Als u opmerkingen of aanvullingen hebt, mag u die hier noteren.",,,
item_348,bakker,word,places,understands; produces,bakker,,bakery,
item_349,boerderij,word,places,understands; produces,boerderij,,farm,
item_350,bos,word,places,understands; produces,bos,,forest,
item_351,buiten,word,places,understands; produces,buiten,,outside,
item_352,camping,word,places,understands; produces,camping,,camping,
item_353,circus,word,places,understands; produces,circus,,circus,
item_354,kinderdagverblijf,word,places,understands; produces,crèche/kinderdagverblijf*,,daycare,
item_355,dierentuin,word,places,understands; produces,dierentuin/zoo,,zoo,
item_356,feest,word,places,understands; produces,feest(je),,party,
item_357,film,word,places,understands; produces,film,,movie theater,
item_358,werk,word,places,understands; produces,het werk van ...,,work,
item_359,huis,word,places,understands; produces,huis,,house,
item_360,kerk,word,places,understands; produces,kerk,,church,
item_361,park,word,places,understands; produces,park,,park,
item_362,picknick,word,places,understands; produces,picknick,,picnic,
item_363,school,word,places,understands; produces,school,,school,
item_364,slager,word,places,understands; produces,slager,,butcher,
item_365,speeltuin,word,places,understands; produces,speeltuin,,playground,
item_366,tankstation,word,places,understands; produces,tankstation/pompstation,,gas station,
item_367,thuis,word,places,understands; produces,thuis,,home,
item_368,tuin,word,places,understands; produces,tuin,,garden,
item_369,winkel,word,places,understands; produces,winkel,,store,
item_370,zee,word,places,understands; produces,zee/strand,,beach,
item_370a,places_textbox,word,places,no; yes,"Voor het item met een *, als uw kind iets anders zegt, kunt u het hier invullen. Als u verdere opmerkingen of aanvullingen hebt, mag u die hier noteren.",,,
item_371,baby,word,people,understands; produces,baby,baby,baby,
item_372,babysitter,word,people,understands; produces,babysitter,babysitter,babysitter,
item_373,brandweerman,word,people,understands; produces,brandweerman,,fireman,
item_374,broer,word,people,understands; produces,broer(tje),brother,brother,
item_375,clown,word,people,understands; produces,clown/Pippo,,clown,
item_376,cowboy,word,people,understands; produces,cowboy,,cowboy,
item_377,dokter,word,people,understands; produces,dokter,,doctor,
item_378,persoon,word,people,understands; produces,een persoon,person,person,
item_379,jongen,word,people,understands; produces,jongen,boy,boy,
item_380,meester,word,people,understands; produces,juf(frouw)/meester,teacher,teacher,
item_381,kind,word,people,understands; produces,kind(je),,child,
item_382,mama,word,people,understands; produces,mama*,mommy,mommy,
item_383,meisje,word,people,understands; produces,meisje,girl,girl,
item_384,meneer,word,people,understands; produces,meneer,man,man,
item_385,mensen,word,people,understands; produces,mensen,,people,
item_386,mevrouw,word,people,understands; produces,mevrouw,woman,woman,
item_387,naambabysitter,word,people,understands; produces,naam van babysitter,,babysitter's name,
item_388,naamhuisdier,word,people,understands; produces,naam van huisdier,,pet's name,
item_389,naamkind,word,people,understands; produces,naam van kind,child's own name,child's own name,
item_390,oma,word,people,understands; produces,oma*,grandma,grandmother,
item_391,oom,word,people,understands; produces,oom/nonkel,uncle,uncle,
item_392,opa,word,people,understands; produces,opa*,grandpa,grandfather,
item_393,papa,word,people,understands; produces,papa*,daddy,daddy,
item_394,politie,word,people,understands; produces,politie/agent,police,police,
item_395,postbode,word,people,understands; produces,postbode,,mailman,
item_396,tante,word,people,understands; produces,tante,aunt,aunt,
item_397,verpleegster,word,people,understands; produces,verpleegster/zuster,,nurse,
item_398,vriend,word,people,understands; produces,vriend/vriendin,,friend,
item_399,zus,word,people,understands; produces,zus(je),sister,sister,
item_399a,people_textbox,word,people,no; yes,"Voor de items met een *, als uw kind iets anders zegt, kunt u het hier invullen. Als u verdere opmerkingen of aanvullingen hebt, mag u die hier noteren.",,,
item_400,alstublieft,word,games_routines,understands; produces,alstublieft,please,please,
item_401,bellen,word,games_routines,understands; produces,bellen/telefoneren,,to call,
item_402,daaag,word,games_routines,understands; produces,dada doen/daaag,bye,bye bye,
item_403,danku,word,games_routines,understands; produces,dank u/dank u wel,thank you,thank you,
item_404,gaanslapen,word,games_routines,understands; produces,dodo doen/gaan slapen/slapie slapie doen,,going to sleep,
item_405,etensavonds,word,games_routines,understands; produces,eten 's avonds,,diner,
item_406,hallo,word,games_routines,understands; produces,hallo/hoi,hi,hi,
item_407,handjegeven,word,games_routines,understands; produces,handje geven,,shake hands,
item_408,handjesdraaien,word,games_routines,understands; produces,handjes draaien/klappen in de handjes/stampen met de voetjes,,clap your hands (song),
item_409,hoor,word,games_routines,understands; produces,hoor(t)!,,hear,
item_410,bad,word,games_routines,understands; produces,in bad gaan,,bathe,
item_411,ja,word,games_routines,understands; produces,ja,,yes,
item_412,pakken,word,games_routines,understands; produces,'k ga je pakken!,,gonna get you,
item_413,kiekeboe,word,games_routines,understands; produces,kiekeboe/piep!,,peekaboo,
item_414,middageten,word,games_routines,understands; produces,middageten,,lunch,
item_415,slaapje,word,games_routines,understands; produces,(middag)slaapje/dutje doen,,nap,
item_416,nee,word,games_routines,understands; produces,nee,,no,
item_417,ontbijt,word,games_routines,understands; produces,ontbijt/ontbijten,,breakfast,
item_418,potje,word,games_routines,understands; produces,op het potje gaan of zitten,,go potty,
item_419,ronddraaien,word,games_routines,understands; produces,ronddraaien,,to spin,
item_420,slaapwel,word,games_routines,understands; produces,slaapwel/goedenacht/welterusten/slaap lekker,good night,good night,
item_421,sst,word,games_routines,understands; produces,sst (zwijgen)/stil zijn,shh,shhh,
item_422,tandjespoetsen,word,games_routines,understands; produces,tandjes poetsen,,brush teeth,
item_423,totmorgen,word,games_routines,understands; produces,tot morgen!,,see you tomorrow,
item_424,winkelen,word,games_routines,understands; produces,winkelen,,shopping,
item_425,zogroot,word,games_routines,understands; produces,zo groot!,,so big,
item_425a,games_routines_textbox,word,games_routines,no; yes,"Als u opmerkingen of aanvullingen hebt, mag u die hier noteren.",,,
item_426,op,word,descriptive_words,understands; produces,alles weg/op,,all gone,
item_427,arm,word,descriptive_words,understands; produces,arm (tgst. rijk),,poor,
item_428,bang,word,descriptive_words,understands; produces,bang/schrik,scared,scared,
item_429,beter,word,descriptive_words,understands; produces,beter,,better off,
item_430,blauw,word,descriptive_words,understands; produces,blauw,blue,blue,
item_431,blij,word,descriptive_words,understands; produces,blij,,happy,
item_432,bruin,word,descriptive_words,understands; produces,bruin,,brown,
item_433,donker,word,descriptive_words,understands; produces,donker,dark,dark,
item_434,dorst,word,descriptive_words,understands; produces,dorst (hebben),,thirsty,
item_435,droog,word,descriptive_words,understands; produces,droog,,dry,
item_436,eerst,word,descriptive_words,understands; produces,eerst,,at first,
item_437,gebroken,word,descriptive_words,understands; produces,gebroken/kapot/stuk,broken,broken,
item_438,geel,word,descriptive_words,understands; produces,geel,yellow,yellow,
item_439,gek,word,descriptive_words,understands; produces,gek (raar),,weird,
item_440,goed,word,descriptive_words,understands; produces,goed/OK,,okay,
item_441,groen,word,descriptive_words,understands; produces,groen,green,green,
item_442,groot,word,descriptive_words,understands; produces,groot,big,great,
item_443,honger,word,descriptive_words,understands; produces,honger (hebben),hungry,hunger,
item_444,hoog,word,descriptive_words,understands; produces,hoog,,high up,
itme_445,slapen,word,descriptive_words,understands; produces,is aan het slapen,,is sleeping,
item_446,klein,word,descriptive_words,understands; produces,klein,,little,
item_447,koud,word,descriptive_words,understands; produces,koud,cold,cold,
item_448,kwaad,word,descriptive_words,understands; produces,kwaad/boos,angry,angry,
item_449,laatste,word,descriptive_words,understands; produces,laatste,,last one,
item_450,lang,word,descriptive_words,understands; produces,lang,,long,
item_451,lawaai,word,descriptive_words,understands; produces,lawaai,,noisy,
item_452,leeg,word,descriptive_words,understands; produces,leeg,empty,empty,
item_453,lief,word,descriptive_words,understands; produces,lief/schattig,,cute,
item_454,luid,word,descriptive_words,understands; produces,luid,,loud,
item_455,mals,word,descriptive_words,understands; produces,mals,,tender,
item_456,moe,word,descriptive_words,understands; produces,moe,tired,tired,
item_457,moeilijk,word,descriptive_words,understands; produces,moeilijk,hard,difficult,
item_458,mooi,word,descriptive_words,understands; produces,mooi,cute,handsome,
item_459,nat,word,descriptive_words,understands; produces,nat,,wet,
item_460,nieuw,word,descriptive_words,understands; produces,nieuw,new,new,
item_461,oranje,word,descriptive_words,understands; produces,oranje,,orange (color),
item_462,oud,word,descriptive_words,understands; produces,oud,old,old,
item_463,pijn,word,descriptive_words,understands; produces,pijn (hebben),,in pain,
item_464,plakkerig,word,descriptive_words,understands; produces,plakkerig,,sticky,
item_465,schoon,word,descriptive_words,understands; produces,proper/schoon/netjes,clean (description),clean,
item_466,rijk,word,descriptive_words,understands; produces,rijk (tgst. arm),,rich,
item_467,rood,word,descriptive_words,understands; produces,rood,red,red,
item_468,rustig,word,descriptive_words,understands; produces,rustig/stil,,quiet,
item_469,slecht,word,descriptive_words,understands; produces,slecht,bad,bad,
item_470,stout,word,descriptive_words,understands; produces,stout,,naughty,
item_471,traag,word,descriptive_words,understands; produces,traag/langzaam,,slow,
item_472,vast,word,descriptive_words,understands; produces,vast,,stuck,
item_473,verdrietig,word,descriptive_words,understands; produces,verdrietig,sad,sad,
item_474,vlug,word,descriptive_words,understands; produces,vlug/snel,,fast,
item_475,vol,word,descriptive_words,understands; produces,vol,full,full,
item_476,voorzichtig,word,descriptive_words,understands; produces,voorzichtig,,careful,
item_477,vriendelijk,word,descriptive_words,understands; produces,vriendelijk,,friendly,
item_478,vuil,word,descriptive_words,understands; produces,vuil/vies/bah!,dirty,dirty,
item_479,wakker,word,descriptive_words,understands; produces,wakker,,awake,
item_480,warm,word,descriptive_words,understands; produces,warm/heet,hot,hot,
item_481,wit,word,descriptive_words,understands; produces,wit,,white,
item_482,zacht,word,descriptive_words,understands; produces,zacht,soft,soft,
item_483,ziek,word,descriptive_words,understands; produces,ziek,sick,sick,
item_484,zwaar,word,descriptive_words,understands; produces,zwaar,heavy,heavy,
item_485,zwart,word,descriptive_words,understands; produces,zwart,,black,
item_485a,descriptive_words_textbox,word,descriptive_words,no; yes,"Als u opmerkingen of aanvullingen hebt, mag u die hier noteren.",,,
item_486,aanraken,word,action_words,understands; produces,aanraken/aankomen,touch,to touch,
item_487,afdrogen,word,action_words,understands; produces,afdrogen,,to dry,
item_488,afwassen,word,action_words,understands; produces,afwassen,wash,wash,
item_489,bedekken,word,action_words,understands; produces,bedekken,,to cover,
item_490,bijten,word,action_words,understands; produces,bijten,bite,to bite,
item_491,blazen,word,action_words,understands; produces,blazen,throw,to blow,
item_492,blijven,word,action_words,understands; produces,blijven,,stay,
item_493,boetseren,word,action_words,understands; produces,boetseren/kleien,,to sculpt,
item_494,botsen,word,action_words,understands; produces,botsen,,to crash,
item_495,bouwen,word,action_words,understands; produces,bouwen,,to build,
item_496,breken,word,action_words,understands; produces,breken/kapot maken,break,to break,
item_497,brengen,word,action_words,understands; produces,brengen,,to bring,
item_498,dansen,word,action_words,understands; produces,dansen,dance,to dance,
item_499,delen,word,action_words,understands; produces,delen/verdelen,,to share,
item_500,denken,word,action_words,understands; produces,denken,,to think,
item_501,doenalsof,word,action_words,understands; produces,doen alsof,,to pretend,
item_502,dragen,word,action_words,understands; produces,dragen,take,carry,
item_503,drinken,word,action_words,understands; produces,drinken,,drink (action),
item_504,drogen,word,action_words,understands; produces,drogen,,to dry,
item_505,duwen,word,action_words,understands; produces,duwen,push,push,
item_506,eindigen,word,action_words,understands; produces,eindigen/stoppen,,to finish,
item_507,eten,word,action_words,understands; produces,eten,eat,to eat,
item_508,voeren,word,action_words,understands; produces,eten geven/voeren,,to feed,
item_509,gaan,word,action_words,understands; produces,gaan/stappen/lopen,go,go to,
item_510,geefaan,word,action_words,understands; produces,geef aan ...,,give to,
item_511,geven,word,action_words,understands; produces,geven,give,to give,
item_512,glijden,word,action_words,understands; produces,glijden/schuiven,,to slide,
item_513,gooien,word,action_words,understands; produces,gooien/werpen,throw,to throw,
item_514,haasten,word,action_words,understands; produces,haasten/zich spoeden,hurry,hurry,
item_515,haten,word,action_words,understands; produces,haten,,hate,
item_516,hebben,word,action_words,understands; produces,hebben,have,to have,
item_517,helpen,word,action_words,understands; produces,helpen,help,to help,
item_518,herstellen,word,action_words,understands; produces,herstellen/maken/repareren,,to fix,
item_519,horen,word,action_words,understands; produces,horen,,hear,
item_520,houden,word,action_words,understands; produces,houden,,keep,
item_521,houdenvan,word,action_words,understands; produces,houden van/graag zien/lief vinden,,love,
item_522,inschenken,word,action_words,understands; produces,inschenken/gieten,,pour,
item_523,jagen,word,action_words,understands; produces,jagen,,hunt,
item_524,kietelen,word,action_words,understands; produces,kietelen,,to tickle,
item_525,kiezen,word,action_words,understands; produces,kiezen,,to choose,
item_526,kijken,word,action_words,understands; produces,kijken,look,to see,
item_527,klappen,word,action_words,understands; produces,klappen (in handen),,clap,
item_528,klimmen,word,action_words,understands; produces,klimmen,climb,to go up,
item_529,kloppen,word,action_words,understands; produces,kloppen,,to knock,
item_530,knippen,word,action_words,understands; produces,knippen,,to cut,
item_531,knuffelen,word,action_words,understands; produces,knuffelen/goed vastpakken/stevig vastpakken,,to cuddle,
item_532,koken,word,action_words,understands; produces,koken/eten maken,,to cook,
item_533,kopen,word,action_words,understands; produces,kopen,,to purchase,
item_534,krijgen,word,action_words,understands; produces,krijgen,,to get,
item_535,poetsen,word,action_words,understands; produces,kuisen/poetsen/schoonmaken,,to clean,
item_536,kussen,word,action_words,understands; produces,kussen/kusje geven/zoenen,,to kiss,
item_537,lachen,word,action_words,understands; produces,lachen,,to laugh,
item_538,latenvallen,word,action_words,understands; produces,laten vallen,,to drop,
item_539,lezen,word,action_words,understands; produces,lezen,read,read,
item_540,likken,word,action_words,understands; produces,likken,,to lick,
item_541,lopen,word,action_words,understands; produces,lopen/rennen,run,run,
item_542,luisteren,word,action_words,understands; produces,luisteren,,to listen,
item_543,maken,word,action_words,understands; produces,maken,,make,
item_544,morsen,word,action_words,understands; produces,morsen/knoeien,,spill,
item_545,neergooien,word,action_words,understands; produces,neergooien/op de grond gooien/weggooien,,dump,
item_546,nemen,word,action_words,understands; produces,nemen/pakken,take,to take,
item_547,vastmaken,word,action_words,understands; produces,op slot doen/toe doen/dicht doen/vast doen/vastmaken,close,to close,
item_548,openen,word,action_words,understands; produces,openen/open doen/open maken,open (action),to open,
item_549,passen,word,action_words,understands; produces,passen,,to fit,
item_550,praten,word,action_words,understands; produces,praten,,talk,
item_551,proeven,word,action_words,understands; produces,proeven,,taste,
item_552,puzzelen,word,action_words,understands; produces,puzzelen,,puzzle,
item_553,rijden,word,action_words,understands; produces,rijden,,drive,
item_554,schaatsen,word,action_words,understands; produces,schaatsen/skeelen,,to skate,
item_555,scheuren,word,action_words,understands; produces,scheuren,,to rip,
item_556,schilderen,word,action_words,understands; produces,schilderen/verven,paint (action),to paint,
item_557,schoppen,word,action_words,understands; produces,schoppen/stampen,,to kick,
item_558,schrijven,word,action_words,understands; produces,schrijven,write,to write,
item_559,schudden,word,action_words,understands; produces,schudden,,to shake,
item_560,slaan,word,action_words,understands; produces,slaan,hit,to hit,
item_561,slapen,word,action_words,understands; produces,slapen,,sleep,
item_562,spatten,word,action_words,understands; produces,spatten/pletsen/spetteren,,,
item_563,spelen,word,action_words,understands; produces,spelen,,to play,
item_564,springen,word,action_words,understands; produces,springen,,,
item_565,staan,word,action_words,understands; produces,staan,,,
item_566,stoppen,word,action_words,understands; produces,stoppen,stop,to stop,
item_567,strijken,word,action_words,understands; produces,strijken,,iron (action),
item_568,tekenen,word,action_words,understands; produces,tekenen/kleuren,draw,to draw,
item_569,tonen,word,action_words,understands; produces,tonen/wijzen/laten zien,,to show,
item_570,trekken,word,action_words,understands; produces,trekken,,to pull,
item_571,vallen,word,action_words,understands; produces,vallen,fall,to fall,
item_572,vangen,word,action_words,understands; produces,vangen,,,
item_573,vastmaken,word,action_words,understands; produces,vastmaken,,to fasten,
item_574,vegen,word,action_words,understands; produces,vegen,,to sweep,
item_575,verstoppen,word,action_words,understands; produces,verstoppen,,to hide,
item_576,vinden,word,action_words,understands; produces,vinden,,to find,
item_577,wachten,word,action_words,understands; produces,wachten,,wait,
item_578,opstaan,word,action_words,understands; produces,wakker worden/opstaan,,wake up,
item_579,wandelen,word,action_words,understands; produces,wandelen,walk,walk,
item_580,wassen,word,action_words,understands; produces,wassen,,to wash,
item_581,weggooien,word,action_words,understands; produces,weggooien,,to throw,
item_582,wenen,word,action_words,understands; produces,wenen/huilen,cry,mourn,
item_583,wensen,word,action_words,understands; produces,wensen/willen,,to wish,
item_584,werken,word,action_words,understands; produces,werken,,work,
item_585,zeggen,word,action_words,understands; produces,zeggen,say,to say,
item_586,zetten,word,action_words,understands; produces,zetten,,to put,
item_587,zien,word,action_words,understands; produces,zien,see,to see,
item_588,zingen,word,action_words,understands; produces,zingen,sing,to sing,
item_589,zitten,word,action_words,understands; produces,zitten,sit,sit,
item_590,zwaaien,word,action_words,understands; produces,zwaaien/wuiven,,wave,
item_591,zwemmen,word,action_words,understands; produces,zwemmen,,to swim,
item_591a,action_words_textbox,word,action_words,no; yes,"Als u opmerkingen of aanvullingen hebt, mag u die hier noteren.",,,
item_592,dadelijk,word,time_words,understands; produces,dadelijk/seffens,,soon,
item_593,dag,word,time_words,understands; produces,dag,day,day,
item_594,gisteren,word,time_words,understands; produces,gisteren,yesterday,yesterday,
item_595,later,word,time_words,understands; produces,later/straks,,later,
item_596,morgen,word,time_words,understands; produces,morgen,tomorrow,tomorrow,
item_597,na,word,time_words,understands; produces,na/achter,after,after,
item_598,nacht,word,time_words,understands; produces,nacht/vannacht,night,night,
item_599,nu,word,time_words,understands; produces,nu,now,right now,
item_600,smorgens,word,time_words,understands; produces,'s morgens/'s ochtends,,in the morning,
item_601,tijd,word,time_words,understands; produces,tijd,,time,
item_602,totmorgen,word,time_words,understands; produces,tot morgen,,till tomorrow,
item_603,totstraks,word,time_words,understands; produces,tot straks,,see you later,
item_604,vanavond,word,time_words,understands; produces,vanavond,,tonight,
item_605,vandaag,word,time_words,understands; produces,vandaag,today,today,
item_606,voor,word,time_words,understands; produces,voor,,before,
item_606a,time_words_textbox,word,time_words,no; yes,"Als u opmerkingen of aanvullingen hebt, mag u die hier noteren.",,,
item_607,dat,word,pronouns,understands; produces,dat,that,that,
item_608,deze,word,pronouns,understands; produces,deze,these,these,
item_609,die,word,pronouns,understands; produces,die,that,that,
item_610,dit,word,pronouns,understands; produces,dit,this,this,
item_611,haar,word,pronouns,understands; produces,haar,her,her,
item_612,hem,word,pronouns,understands; produces,hem,him,him,
item_613,hen,word,pronouns,understands; produces,hen,them,them,
item_614,het,word,pronouns,understands; produces,het,it,it,
item_615,hare,word,pronouns,understands; produces,het hare/haar,hers,hers,
item_616,zijn,word,pronouns,understands; produces,het zijne/zijn,his,his,
item_617,hij,word,pronouns,understands; produces,hij,he,he,
item_618,hun,word,pronouns,understands; produces,hun,them,them,
item_619,ik,word,pronouns,understands; produces,ik,i,I,
item_620,jezelf,word,pronouns,understands; produces,jezelf,,you,
item_621,jij,word,pronouns,understands; produces,jij,you,you,
item_622,jouw,word,pronouns,understands; produces,jouw(e)/van jou/de jou(we),your,yours,
item_623,mezelf,word,pronouns,understands; produces,mezelf,me,me,
item_624,mij,word,pronouns,understands; produces,mij,me,me,
item_625,mijn,word,pronouns,understands; produces,mijn(e)/van mij,mine,mine,
item_626,ons,word,pronouns,understands; produces,ons,,our,
item_627,wij,word,pronouns,understands; produces,wij,,we,
item_628,zij,word,pronouns,understands; produces,zij (meervoud),them,them,
item_629,zij_meisje,word,pronouns,understands; produces,zij (meisje),her,she,
item_629a,pronouns_textbox,word,pronouns,no; yes,"Als u opmerkingen of aanvullingen hebt, mag u die hier noteren.",,,
item_630,hoe,word,question_words,understands; produces,hoe,how,as,
item_631,waar,word,question_words,understands; produces,waar,where (question),where,
item_632,waarom,word,question_words,understands; produces,waarom,why,why,
item_633,wanneer,word,question_words,understands; produces,wanneer,,when,
item_634,wat,word,question_words,understands; produces,wat,what,what,
item_635,welke,word,question_words,understands; produces,welke,which (question),which,
item_636,wie,word,question_words,understands; produces,wie,who,who,
item_636a,question_words_textbox,word,question_words,no; yes,"Als u opmerkingen of aanvullingen hebt, mag u die hier noteren.",,,
item_637,aan,word,prepositions,understands; produces,aan,,on,
item_638,achter,word,prepositions,understands; produces,achter,,behind,
item_639,af,word,prepositions,understands; produces,af,,of,
item_640,beneden,word,prepositions,understands; produces,beneden,,down,
item_641,bij,word,prepositions,understands; produces,bij,,by,
item_642,boven,word,prepositions,understands; produces,boven(op),,above,
item_643,daar,word,prepositions,understands; produces,daar,,there,
item_644,gedaan,word,prepositions,understands; produces,gedaan/over/af,,over,
item_645,hier,word,prepositions,understands; produces,hier,,here,
item_646,in,word,prepositions,understands; produces,in/binnen(in),,in,
item_647,naar,word,prepositions,understands; produces,in/naar,,into,
item_648,kortbij,word,prepositions,understands; produces,kortbij/dichtbij,,close,
item_649,met,word,prepositions,understands; produces,met,,with,
item_650,naar,word,prepositions,understands; produces,naar,,to,
item_651,naast,word,prepositions,understands; produces,naast,,next to,
item_652,om,word,prepositions,understands; produces,om,,about,
item_653,onder,word,prepositions,understands; produces,onder,,below,
item_654,op,word,prepositions,understands; produces,op,,on,
item_655,over,word,prepositions,understands; produces,over,,about,
item_656,rond,word,prepositions,understands; produces,rond,,around,
item_657,terug,word,prepositions,understands; produces,terug,,back,
item_658,uit,word,prepositions,understands; produces,uit,,from,
item_659,van,word,prepositions,understands; produces,van,,from,
item_660,voor,word,prepositions,understands; produces,voor,,for,
item_661,weg,word,prepositions,understands; produces,weg van,,away,
item_661a,prepositions_textbox,word,prepositions,no; yes,"Als u opmerkingen of aanvullingen hebt, mag u die hier noteren.",,,
item_662,alles,word,quantifiers,understands; produces,alles/allemaal,,everything,
item_663,ander,word,quantifiers,understands; produces,ander(e),,other,
item_664,anders,word,quantifiers,understands; produces,anders,,other,
item_665,de,word,quantifiers,understands; produces,de,,the,
item_666,een,word,quantifiers,understands; produces,een,,a,
item_667,beetje,word,quantifiers,understands; produces,een beetje,,a little bit,
item_668,eentweedrie,word,quantifiers,understands; produces,"één, twee, drie",,one two three,
item_669,elk,word,quantifiers,understands; produces,elk(e)/ieder,all,all,
item_670,enkele,word,quantifiers,understands; produces,enkele/sommige,,some,
item_671,geenenkele,word,quantifiers,understands; produces,geen enkele,,none,
item_672,het,word,quantifiers,understands; produces,het,the,the,
item_673,meer,word,quantifiers,understands; produces,meer/nog,more,more,
item_674,niet,word,quantifiers,understands; produces,niet,,not,
item_675,ook,word,quantifiers,understands; produces,ook,,also,
item_676,veel,word,quantifiers,understands; produces,veel,a lot,a lot,
item_677,zelfde,word,quantifiers,understands; produces,zelfde,,same,
item_677a,quantifiers_textbox,word,quantifiers,no; yes,"Als u opmerkingen of aanvullingen hebt, mag u die hier noteren.",,,
item_678,ben,word,helping_verbs,understands; produces,ben (bvb. ik ben ...),,am,
item_679,bent,word,helping_verbs,understands; produces,bent (bvb. jij bent ...),,are,
item_680,deed,word,helping_verbs,understands; produces,deed/deed je ...,,did,
item_681,doen,word,helping_verbs,understands; produces,doen,,do,
item_682,ga,word,helping_verbs,understands; produces,ga + ww (bvb. Ik ga spelen),,go,
item_683,does,word,helping_verbs,understands; produces,hij doet,,he does,
item_684,wil,word,helping_verbs,understands; produces,ik wil ...,,I want,
item_685,is,word,helping_verbs,understands; produces,is,,is,
item_686,kunnen,word,helping_verbs,understands; produces,kunnen,,can,
item_687,laat,word,helping_verbs,understands; produces,laat me ...,,let me,
item_688,moet,word,helping_verbs,understands; produces,moet (bvb. ik moet ...),,have,
item_689,nietdoen,word,helping_verbs,understands; produces,niet doen,,don't,
item_690,proberen,word,helping_verbs,understands; produces,proberen,,try,
item_691,waren,word,helping_verbs,understands; produces,waren (bvb. wij waren ...),,were,
item_692,was,word,helping_verbs,understands; produces,was (bvb. hij was ...),,was,
item_693,zijn,word,helping_verbs,understands; produces,zijn (bvb. wij zijn ...),,be,
item_694,zoukunnen,word,helping_verbs,understands; produces,zou je kunnen ...,,could you,
item_695,zou,word,helping_verbs,understands; produces,zou/zouden,,would,
item_696,zullen,word,helping_verbs,understands; produces,zullen,,shall,
item_696a,helping_verbs_textbox,word,helping_verbs,no; yes,"Als u opmerkingen of aanvullingen hebt, mag u die hier noteren.",,,
item_697,als,word,connecting_words,understands; produces,als,,if,
item_698,daarom,word,connecting_words,understands; produces,daarom,,therefore,
item_699,dan,word,connecting_words,understands; produces,dan,,then,
item_700,en,word,connecting_words,understands; produces,en,,and,
item_701,maar,word,connecting_words,understands; produces,maar,,but,
item_702,omdat,word,connecting_words,understands; produces,omdat,,because,
item_702a,connecting_words_textbox,word,connecting_words,no; yes,"Als u opmerkingen of aanvullingen hebt, mag u die hier noteren.",,,
item_703,vroeger,usage,how_use_words,not yet; sometimes; often,"1. Praat uw kind over voorbije gebeurtenissen en mensen die niet aanwezig zijn? Bijvoorbeeld een kind dat vorige week naar het circus is geweest, kan nadien woordjes als 'circus', 'clown', 'leeuw', ... zeggen.",,,
item_704,toekomst,usage,how_use_words,not yet; sometimes; often,2. Praat uw kind over toekomstige gebeurtenissen? Bijvoorbeeld 'schommel' (of 'sommel') zeggen als jullie naar het park of de speeltuin gaan.,,,
item_705,praatnietaanwezig,usage,how_use_words,not yet; sometimes; often,"3. Praat uw kind over dingen die niet aanwezig zijn? Bijvoorbeeld vragen naar afwezig speelgoed, een huisdier buiten het gezichtsveld, iemand die niet aanwezig is.",,,
item_706,begrijptnietaanwezig,usage,how_use_words,not yet; sometimes; often,4. Begrijpt uw kind als u vraagt naar iets dat niet in de kamer aanwezig is? Bijvoorbeeld door naar de slaapkamer te gaan en de teddybeer te halen als u vraagt 'waar is de beer?'.,,,
item_707,wijzenbenoemen,usage,how_use_words,not yet; sometimes; often,5. Wijst uw kind naar voorwerpen die van iemand anders zijn terwijl het de persoon van wie de voorwerpen zijn noemt? Bijvoorbeeld wijzen naar mama's schoen en 'mama' zeggen.,,,
item_707a,how_use_words_textbox,usage,how_use_words,not yet; sometimes; often,"Als u opmerkingen of aanvullingen hebt, mag u die hier noteren.",,,
item_708,meervoud,ending,word_ending,not yet; sometimes; often,"1. Wanneer we spreken over meer dan 1 ding, voegen we vaak een -s aan woorden toe. Bijvoorbeeld sleutels (voor meer dan 1 sleutel), auto's, liedjes, tafels, winkels, ... Doet uw kind dit al?",,,
item_709,bezit,ending,word_ending,not yet; sometimes; often,"2. Wanneer we spreken over bezit, voegen we vaak een -s toe. Bijvoorbeeld papa's auto, oma's huis, baby's fles, ... Doet uw kind dit al?",,,
item_710,aanhetww,ending,word_ending,not yet; sometimes; often,"3. Wanneer we spreken over activiteiten, gebruiken we vaak 'aan het + werkwoord'. Bijvoorbeeld aan het kijken, aan het spelen, aan het lopen, ... Doet uw kind dit al?",,,
item_711,verledentijd,ending,word_ending,not yet; sometimes; often,"4. Wanneer we spreken over dingen die al gebeurd zijn, gebruiken we vaak de verleden tijd van een werkwoord. Bijvoorbeeld kuste, duwde, kleurde, ... Doet uw kind dit al?",,,
item_711a,word_ending_textbox,ending,word_ending,not yet; sometimes; often,"Als u opmerkingen of aanvullingen hebt, mag u die hier noteren.",,,
item_712,combineren,combine,combine,not yet; sometimes; often,"Is uw kind al begonnen woorden te combineren, zoals 'nog koek' of 'papa weg', ... ? Als ""nog niet"" uw antwoord is, mag u hier stoppen met het invullen van de vragenlijst. U kunt naar de volgende pagina gaan en daarna op de knop ""sturen"" drukken.",,,
item_712a,combine_textbox,combine,combine,not yet; sometimes; often,"Als u opmerkingen of aanvullingen hebt, mag u die hier noteren.",,,
item_713,bloks,word_ending,word_ending_nouns,produces,bloks,,,
item_714,eien,word_ending,word_ending_nouns,produces,eien,,,
item_715,gatten,word_ending,word_ending_nouns,produces,gatten (i.p.v. gaten),,,
item_716,glassen,word_ending,word_ending_nouns,produces,glassen (i.p.v. glazen),,,
item_717,kinden,word_ending,word_ending_nouns,produces,kinden (i.p.v. kinderen),,,
item_718,schippen,word_ending,word_ending_nouns,produces,schippen,,,
item_719,schoens,word_ending,word_ending_nouns,produces,schoens,,,
item_720,varken,word_ending,word_ending_nouns,produces,varken (i.p.v. varkens),,,
item_721,voets,word_ending,word_ending_nouns,produces,voets,,,
item_721a,word_ending_nouns_textbox,word_ending,word_ending_nouns,no; yes,"Als u opmerkingen of aanvullingen hebt, mag u die hier noteren.",,,
item_722,geblaasd,word_ending,word_ending_verb,produces,geblaasd,,,
item_723,gebreekt,word_ending,word_ending_verb,produces,gebreekt,,,
item_724,gebrengd,word_ending,word_ending_verb,produces,gebrengd,,,
item_725,gedoen,word_ending,word_ending_verb,produces,gedoen,,,
item_726,gedrinkt,word_ending,word_ending_verb,produces,gedrinkt,,,
item_727,geeet,word_ending,word_ending_verb,produces,geëet/gegeet,,,
item_728,gehoud,word_ending,word_ending_verb,produces,gehoud,,,
item_729,gekomt,word_ending,word_ending_verb,produces,gekomt,,,
item_730,geknoopt,word_ending,word_ending_verb,produces,gekoopt,,,
item_731,gekrijgd,word_ending,word_ending_verb,produces,gekrijgd/gekreegd,,,
item_732,geloopt,word_ending,word_ending_verb,produces,geloopt,,,
item_733,geneemd,word_ending,word_ending_verb,produces,geneemd,,,
item_734,gevald,word_ending,word_ending_verb,produces,gevald,,,
item_735,gevliegd,word_ending,word_ending_verb,produces,gevliegd,,,
item_736,gezit,word_ending,word_ending_verb,produces,gezit,,,
item_737,verliesd,word_ending,word_ending_verb,produces,verliesd,,,
item_737a,word_ending_verb_textbox,word_ending,word_ending_verb,no; yes,"Als u opmerkingen of aanvullingen hebt, mag u die hier noteren.",,,
item_738,blaasde,word_ending,word_ending_verbs,produces,blaasde,,,
item_739,breekte,word_ending,word_ending_verbs,produces,breekte,,,
item_740,brengde,word_ending,word_ending_verbs,produces,brengde,,,
item_741,doende,word_ending,word_ending_verbs,produces,doede (i.p.v. deed),,,
item_742,drinkte,word_ending,word_ending_verbs,produces,drinkte,,,
item_743,eette,word_ending,word_ending_verbs,produces,eette,,,
item_744,gade,word_ending,word_ending_verbs,produces,gade (i.p.v. ging),,,
item_745,hebde,word_ending,word_ending_verbs,produces,hebde,,,
item_746,houdde,word_ending,word_ending_verbs,produces,houdde,,,
item_747,komde,word_ending,word_ending_verbs,produces,komde,,,
item_748,koopte,word_ending,word_ending_verbs,produces,koopte,,,
item_749,krijgde,word_ending,word_ending_verbs,produces,krijgde,,,
item_750,loopte,word_ending,word_ending_verbs,produces,loopte,,,
item_751,neemde,word_ending,word_ending_verbs,produces,neemde,,,
item_752,valde,word_ending,word_ending_verbs,produces,valde,,,
item_753,verliesde,word_ending,word_ending_verbs,produces,verliesde,,,
item_754,vliegde,word_ending,word_ending_verbs,produces,vliegde,,,
item_755,ziede,word_ending,word_ending_verbs,produces,ziede (i.p.v. zag),,,
item_756,zitte,word_ending,word_ending_verbs,produces,zitte (i.p.v. zat),,,
item_756a,word_ending_verbs_textbox,word_ending,word_ending_verbs,no; yes,"Als u opmerkingen of aanvullingen hebt, mag u die hier noteren.",,,
item_757,eieren,word_form,word_form_nouns,produces,eieren,,,
item_758,gaten,word_form,word_form_nouns,produces,gaten,,,
item_759,glazen,word_form,word_form_nouns,produces,glazen,,,
item_760,kinderen,word_form,word_form_nouns,produces,kinderen,,,
item_761,neuzen,word_form,word_form_nouns,produces,neuzen,,,
item_762,schepen,word_form,word_form_nouns,produces,schepen,,,
item_762a,word_form_nouns_textbox,word_form,word_form_nouns,no; yes,"Als u opmerkingen of aanvullingen hebt, mag u die hier noteren.",,,
item_763,geblazen,word_form,word_form_verb,produces,geblazen,,,
item_764,gebroken,word_form,word_form_verb,produces,gebroken,,,
item_765,gedronken,word_form,word_form_verb,produces,gedronken,,,
item_766,gegaan,word_form,word_form_verb,produces,gegaan,,,
item_767,gegeten,word_form,word_form_verb,produces,gegeten,,,
item_768,gehad,word_form,word_form_verb,produces,gehad,,,
item_769,gehoord,word_form,word_form_verb,produces,gehoord,,,
item_770,gehouden,word_form,word_form_verb,produces,gehouden,,,
item_771,gekocht,word_form,word_form_verb,produces,gekocht,,,
item_772,gekomen,word_form,word_form_verb,produces,gekomen,,,
item_773,gekregen,word_form,word_form_verb,produces,gekregen,,,
item_774,gelopen,word_form,word_form_verb,produces,gelopen,,,
item_775,genomen,word_form,word_form_verb,produces,genomen,,,
item_776,gereden,word_form,word_form_verb,produces,gereden,,,
item_777,gevallen,word_form,word_form_verb,produces,gevallen,,,
item_778,gevlogen,word_form,word_form_verb,produces,gevlogen,,,
item_779,gezeten,word_form,word_form_verb,produces,gezeten,,,
item_780,gezien,word_form,word_form_verb,produces,gezien,,,
item_781,verloren,word_form,word_form_verb,produces,verloren,,,
item_781a,word_form_verb_textbox,word_form,word_form_verb,no; yes,"Als u opmerkingen of aanvullingen hebt, mag u die hier noteren.",,,
item_782,at,word_form,word_form_verbs,produces,at/ aten,,,
item_783,blies,word_form,word_form_verbs,produces,blies/ bliezen,,,
item_784,brak,word_form,word_form_verbs,produces,brak/ braken,,,
item_785,dronk,word_form,word_form_verbs,produces,dronk/ dronken,,,
item_786,ging,word_form,word_form_verbs,produces,ging/ gingen,,,
item_787,had,word_form,word_form_verbs,produces,had/ hadden,,,
item_788,hield,word_form,word_form_verbs,produces,hield/ hielden,,,
item_789,hoorde,word_form,word_form_verbs,produces,hoorde/ hoorden,,,
item_790,kocht,word_form,word_form_verbs,produces,kocht/ kochten,,,
item_791,reeg,word_form,word_form_verbs,produces,kreeg/ kregen,,,
item_792,kwam,word_form,word_form_verbs,produces,kwam/ kwamen,,,
item_793,liep,word_form,word_form_verbs,produces,liep/ liepen,,,
item_794,nam,word_form,word_form_verbs,produces,nam/ namen,,,
item_795,reed,word_form,word_form_verbs,produces,reed/ reden,,,
item_796,verloor,word_form,word_form_verbs,produces,verloor/ verloren,,,
item_797,viel,word_form,word_form_verbs,produces,viel/ vielen,,,
item_798,vloog,word_form,word_form_verbs,produces,vloog/ vlogen,,,
item_799,zag,word_form,word_form_verbs,produces,zag/ zagen,,,
item_800,zat,word_form,word_form_verbs,produces,zat/ zaten,,,
item_800a,word_form_verbs_textbox,word_form,word_form_verbs,no; yes,"Als u opmerkingen of aanvullingen hebt, mag u die hier noteren.",,,
item_example1,combination_example1,combination_examples,combination_examples,,,,,
item_example2,combination_example2,combination_examples,combination_examples,,,,,
item_example3,combination_example3,combination_examples,combination_examples,,,,,
item_example3a,combination_example_textbox,combination_examples,combination_examples,,"Als u opmerkingen of aanvullingen hebt, mag u die hier noteren.",,,
item_801,cmplx01,complexity,complexity,simple; complex,Twee schoen. \ Twee schoenen.,,,syntax
item_802,cmplx02,complexity,complexity,simple; complex,Twee voet / voets. \ Twee voeten.,,,syntax
item_803,cmplx03,complexity,complexity,simple; complex,Papa auto / auto papa. \ Papa's auto.,,,syntax
item_804,cmplx04,complexity,complexity,simple; complex,<b>praten over iets dat nu gebeurt</b><br /> Poes slapen. \ Poes slaapt.,,,syntax
item_805,cmplx05,complexity,complexity,simple; complex,<b>praten over iets dat al gebeurd is</b><br /> Ik val. \ Ik viel.,,,syntax
item_806,cmplx06,complexity,complexity,simple; complex,Nog koek! \ Nog koeken!,,,syntax
item_807,cmplx07,complexity,complexity,simple; complex,Kijk mijn tand. \ Kijk mijn tandjes.,,,syntax
item_808,cmplx08,complexity,complexity,simple; complex,Kindje doekje. \ Kindjes doekje / Doekje van kindje.,,,syntax
item_809,cmplx09,complexity,complexity,simple; complex,<b>praten over iets dat al gebeurd is</b><br /> Hondje likt mij. \ Hondje likte mij.,,,syntax
item_810,cmplx10,complexity,complexity,simple; complex,<b>praten over iets dat al gebeurd is</b><br /> Papa pakt mij / Papa pakken. \ Papa pakte mij.,,,syntax
item_811,cmplx11,complexity,complexity,simple; complex,<b>praten over iets dat al gebeurd is</b><br /> Poesje gaat weg. \ Poesje ging weg.,,,syntax
item_812,cmplx12,complexity,complexity,simple; complex,Hondje tafel. \ Hondje op tafel.,,,syntax
item_813,cmplx13,complexity,complexity,simple; complex,Dat mijn auto. \ Dat is mijn auto.,,,syntax
item_814,cmplx14,complexity,complexity,simple; complex,Kindje wenen / huilen. \ Kindje weent / huilt.,,,syntax
item_815,cmplx15,complexity,complexity,simple; complex,Jij maken? \ Kan jij het maken?,,,syntax
item_816,cmplx16,complexity,complexity,simple; complex,Mama boekje lezen? \ Mama een boekje lezen?,,,syntax
item_817,cmplx17,complexity,complexity,simple; complex,Pop niet gooien. \ Gooi de pop niet.,,,syntax
item_818,cmplx18,complexity,complexity,simple; complex,Nog fruitsap. \ Fruitsap in beker.,,,syntax
item_819,cmplx19,complexity,complexity,simple; complex,Daar poesje. \ Daar is een poesje.,,,syntax
item_820,cmplx20,complexity,complexity,simple; complex,Dada gaan / Weggaan. \ Wil dada doen / Wil weggaan.,,,syntax
item_821,cmplx21,complexity,complexity,simple; complex,Waar mama naar toe? \ Waar is mama naar toe?,,,syntax
item_822,cmplx22,complexity,complexity,simple; complex,Vuur warm. \ Vuur is warm.,,,syntax
item_823,cmplx23,complexity,complexity,simple; complex,Ik niet kunnen. \ Ik kan (dat) niet.,,,syntax
item_824,cmplx24,complexity,complexity,simple; complex,Ik boekje lezen. \ Ik wil (een) boekje lezen.,,,syntax
item_825,cmplx25,complexity,complexity,simple; complex,Boek niet lezen. \ Ik wil boek niet lezen.,,,syntax
item_826,cmplx26,complexity,complexity,simple; complex,Ik wil dat. \ Ik wil wat jij hebt.,,,syntax
item_827,cmplx27,complexity,complexity,simple; complex,Koek hebben. \ Koek en melk hebben.,,,syntax
item_828,cmplx28,complexity,complexity,simple; complex,Koek mama. \ Koek voor mama.,,,syntax
item_829,cmplx29,complexity,complexity,simple; complex,Kindje eten. \  Kindje wil eten.,,,syntax
item_830,cmplx30,complexity,complexity,simple; complex,Kijken mij! \ Kijk ik springen!,,,syntax
item_831,cmplx31,complexity,complexity,simple; complex,Kijk! \ Kijk wat ik heb!,,,syntax
item_832,cmplx32,complexity,complexity,simple; complex,Wij hebben dit gemaakt. \ Ik en Jan hebben dit gemaakt.,,,syntax
item_833,cmplx33,complexity,complexity,simple; complex,Ik zing liedje. \ Ik zing liedje voor jou.,,,syntax
item_834,cmplx34,complexity,complexity,simple; complex,Baby weent / huilt. \ Baby weent / huilt omdat ze ziek is.,,,syntax
item_835,cmplx35,complexity,complexity,simple; complex,"Licht(je) aan / Lampje aan. \ Doe het licht aan, dan kan ik zien",,,syntax
item_835a,complexity_textbox,complexity,complexity,simple; complex,"Als u opmerkingen of aanvullingen hebt, mag u die hier noteren.",,,
