itemID,item,item_type,category,choices,definition,uni_lemma,gloss,complexity_category,scoring_category
item_1,respnom,first_signs,first_signs,no; yes,Il répond quand on dit son nom (ex.: se retourne et regarde vers la personne qui l’appelle).,,,,
item_2,respnon,first_signs,first_signs,no; yes,"Il répond à “non, non” (ex.: arrête ce qu’il faisait, au moins pour un moment).",,,,
item_3,reactparent,first_signs,first_signs,no; yes,Il réagit à “C’est papa” ou “C’est maman” en regardant autour de lui pour les trouver.,,,,
item_4,arreteca,phrases,phrases,understands,Arrête ça.,,,,
item_5,assieds,phrases,phrases,understands,Assieds-toi.,,,,
item_6,astufaim,phrases,phrases,understands,As-tu faim?,,,,
item_7,cestbien,phrases,phrases,understands,C’est bien / C’est beau.,,,,
item_8,cestlheure,phrases,phrases,understands,C’est l’heure d’aller se coucher / du dodo.,,,,
item_9,cracheca,phrases,phrases,understands,Crache ça.,,,,
item_10,byebye,phrases,phrases,understands,Dis bye bye / Fais tata.,,,,
item_11,donnemoi,phrases,phrases,understands,Donne-moi un bec.,,,,
item_12,donnele,phrases,phrases,understands,Donne-le à maman.,,,,
item_13,enveuxtu,phrases,phrases,understands,En veux-tu encore?,,,,
item_14,estufatig,phrases,phrases,understands,Es-tu fatigué?,,,,
item_15,faisattent,phrases,phrases,understands,Fais attention.,,,,
item_16,lancelab,phrases,phrases,understands,Lance la balle.,,,,
item_17,levetoi,phrases,phrases,understands,Lève-toi.,,,,
item_18,nebouge,phrases,phrases,understands,Ne bouge pas.,,,,
item_19,nefaispas,phrases,phrases,understands,Ne fais pas ça.,,,,
item_20,netouche,phrases,phrases,understands,Ne touche pas.,,,,
item_21,changer,phrases,phrases,understands,On va changer la couche.,,,,
item_22,ouvrela,phrases,phrases,understands,Ouvre la bouche.,,,,
item_23,papaarri,phrases,phrases,understands,Papa/maman est arrivé(e).,,,,
item_24,regarde,phrases,phrases,understands,Regarde.,,,,
item_25,restetranq,phrases,phrases,understands,Reste tranquille.,,,,
item_26,serremoi,phrases,phrases,understands,Serre-moi fort.,,,,
item_27,tapedans,phrases,phrases,understands,Tape dans tes mains.,,,,
item_28,vachercher,phrases,phrases,understands,Va chercher .........,,,,
item_29,vienstute,phrases,phrases,understands,Viens-tu te promener?,,,,
item_30,viensici,phrases,phrases,understands,Viens ici.,,,,
item_example1,phrase_example1,phrase_examples,phrase_examples,,,,,,
item_example2,phrase_example2,phrase_examples,phrase_examples,,,,,,
item_example3,phrase_example3,phrase_examples,phrase_examples,,,,,,
item_31,imiter,starting_to_talk,starting_to_talk,not yet; sometimes; often,"Certains enfants aiment faire le perroquet ou imiter ce qu’ils entendent (comme des mots qu’ils apprennent ou des petits bouts de phrases; par exemple, répéter “aller dehors” après avoir entendu maman dire “Maman ne peut pas aller dehors.”) À quelle fréquence votre enfant imite-t-il des mots?",,,,imitation
item_32,nommer,starting_to_talk,starting_to_talk,not yet; sometimes; often,"Certains enfants aiment nommer tout ce qu’ils voient, comme s’ils étaient fiers de connaître le nom des objets et de le montrer. À quelle fréquence votre enfant a-t-il ce genre de comportement?",,,,label
item_33,beeebeee,word,sounds,understands; produces,bêêê bêêê,,,,
item_34,cocorico,word,sounds,understands; produces,cocorico,,,,
item_35,coin_coin,word,sounds,understands; produces,coin coin,,,,
item_36,grr,word,sounds,understands; produces,grr,,,,
item_37,meuh,word,sounds,understands; produces,meuh,,,,
item_38,miaou,word,sounds,understands; produces,miaou,,,,
item_39,miam_miam,word,sounds,understands; produces,miam miam,,,,
item_40,oh_oh,word,sounds,understands; produces,oh oh,,,,
item_41,aie,word,sounds,understands; produces,aïe,,,,
item_42,tchou_tchou,word,sounds,understands; produces,tchou tchou,,,,
item_43,vroum,word,sounds,understands; produces,vroum,,,,
item_44,wouf_wouf,word,sounds,understands; produces,wouf wouf,,,,
item_45,abeille,word,animals,understands; produces,abeille,,,,
item_46,ane,word,animals,understands; produces,âne,,,,
item_47,animal,word,animals,understands; produces,animal,,,,
item_48,bibitte,word,animals,understands; produces,bibitte,,,,
item_49,canard,word,animals,understands; produces,canard,,,,
item_50,chat,word,animals,understands; produces,chat,,,,
item_51,petit_minou,word,animals,understands; produces,petit minou,,,,
item_52,cheval,word,animals,understands; produces,cheval,,,,
item_53,chien,word,animals,understands; produces,chien,,,,
item_54,petit_chien,word,animals,understands; produces,petit chien,,,,
item_55,cochon,word,animals,understands; produces,cochon,,,,
item_56,ecureuil,word,animals,understands; produces,écureuil,,,,
item_57,elephant,word,animals,understands; produces,éléphant,,,,
item_58,girafe,word,animals,understands; produces,girafe,,,,
item_59,grenouille,word,animals,understands; produces,grenouille,,,,
item_60,hibou,word,animals,understands; produces,hibou,,,,
item_61,lapin,word,animals,understands; produces,lapin,,,,
item_62,lion,word,animals,understands; produces,lion,,,,
item_63,mouton,word,animals,understands; produces,mouton,,,,
item_64,oiseau,word,animals,understands; produces,oiseau,,,,
item_65,ours,word,animals,understands; produces,ours,,,,
item_66,ourson,word,animals,understands; produces,ourson / nounours,,,,
item_67,papillon,word,animals,understands; produces,papillon,,,,
item_68,poisson1,word,animals,understands; produces,poisson,,,,
item_69,poule,word,animals,understands; produces,poule,,,,
item_70,singe,word,animals,understands; produces,singe,,,,
item_71,souris,word,animals,understands; produces,souris,,,,
item_72,tigre,word,animals,understands; produces,tigre,,,,
item_73,tortue,word,animals,understands; produces,tortue,,,,
item_74,vache,word,animals,understands; produces,vache,,,,
item_75,auto,word,vehicles,understands; produces,auto,,,,
item_76,autobus,word,vehicles,understands; produces,autobus,,,,
item_77,avion,word,vehicles,understands; produces,avion,,,,
item_78,bicyclette,word,vehicles,understands; produces,bicyclette,,,,
item_79,camion,word,vehicles,understands; produces,camion,,,,
item_80,camionpom,word,vehicles,understands; produces,camion de pompier,,,,
item_81,moto,word,vehicles,understands; produces,moto,,,,
item_82,poussette,word,vehicles,understands; produces,poussette,,,,
item_83,train,word,vehicles,understands; produces,train,,,,
item_84,balle,word,toys,understands; produces,balle,,,,
item_85,ballon,word,toys,understands; produces,ballon,,,,
item_86,bloc,word,toys,understands; produces,bloc,,,,
item_87,bulles,word,toys,understands; produces,bulles,,,,
item_88,crayon_stylo,word,toys,understands; produces,crayon / stylo,,,,
item_89,jouet,word,toys,understands; produces,jouet,,,,
item_90,livre,word,toys,understands; produces,livre,,,,
item_91,poupee,word,toys,understands; produces,poupée,,,,
item_92,toutou,word,toys,understands; produces,toutou,,,,
item_93,banane,word,food_drink,understands; produces,banane,,,,
item_94,beurre,word,food_drink,understands; produces,beurre,,,,
item_95,biscuit,word,food_drink,understands; produces,biscuit,,,,
item_96,biscuit_soda,word,food_drink,understands; produces,biscuit soda,,,,
item_97,bonbon,word,food_drink,understands; produces,bonbon,,,,
item_98,cafe,word,food_drink,understands; produces,café,,,,
item_99,carotte,word,food_drink,understands; produces,carotte,,,,
item_100,cereales,word,food_drink,understands; produces,céréales,,,,
item_101,cheerios,word,food_drink,understands; produces,Cheerios,,,,
item_102,crème_glacee,word,food_drink,understands; produces,crème glacée,,,,
item_103,eau1,word,food_drink,understands; produces,eau,,,,
item_104,fromage,word,food_drink,understands; produces,fromage,,,,
item_105,gateau,word,food_drink,understands; produces,gâteau,,,,
item_106,jus,word,food_drink,understands; produces,jus,,,,
item_107,lait,word,food_drink,understands; produces,lait,,,,
item_108,nouilles,word,food_drink,understands; produces,nouilles / pâtes,,,,
item_109,nourriture,word,food_drink,understands; produces,nourriture,,,,
item_110,oeuf,word,food_drink,understands; produces,oeuf,,,,
item_111,orange,word,food_drink,understands; produces,orange,,,,
item_112,pain,word,food_drink,understands; produces,pain,,,,
item_113,pizza,word,food_drink,understands; produces,pizza,,,,
item_114,pois,word,food_drink,understands; produces,pois,,,,
item_115,poisson2,word,food_drink,understands; produces,poisson,,,,
item_116,pomme,word,food_drink,understands; produces,pomme,,,,
item_117,poulet,word,food_drink,understands; produces,poulet,,,,
item_118,raisin,word,food_drink,understands; produces,raisin,,,,
item_119,raisin_sec,word,food_drink,understands; produces,raisin sec,,,,
item_120,spaghetti,word,food_drink,understands; produces,spaghetti,,,,
item_121,toast,word,food_drink,understands; produces,toast/rôtie,,,,
item_122,viande,word,food_drink,understands; produces,viande,,,,
item_123,bas,word,clothing,understands; produces,bas,,,,
item_124,bavette,word,clothing,understands; produces,bavette,,,,
item_125,botte,word,clothing,understands; produces,botte,,,,
item_126,bouton,word,clothing,understands; produces,bouton,,,,
item_127,chandail,word,clothing,understands; produces,chandail,,,,
item_128,chapeau,word,clothing,understands; produces,chapeau,,,,
item_129,chemise,word,clothing,understands; produces,chemise,,,,
item_130,collier,word,clothing,understands; produces,collier,,,,
item_131,couche,word,clothing,understands; produces,couche,,,,
item_132,jeans,word,clothing,understands; produces,jeans,,,,
item_133,manteau,word,clothing,understands; produces,manteau,,,,
item_134,pantalon,word,clothing,understands; produces,pantalon,,,,
item_135,pyjama,word,clothing,understands; produces,pyjama,,,,
item_136,robe,word,clothing,understands; produces,robe,,,,
item_137,soulier,word,clothing,understands; produces,soulier,,,,
item_138,zip_ferme,word,clothing,understands; produces,zip / fermeture-éclair,,,,
item_139,bedaine,word,body_parts,understands; produces,bedaine / ventre,,,,
item_140,bobo,word,body_parts,understands; produces,bobo,,,,
item_141,bouche,word,body_parts,understands; produces,bouche,,,,
item_142,bras,word,body_parts,understands; produces,bras,,,,
item_143,cheveux,word,body_parts,understands; produces,cheveux,,,,
item_144,dent,word,body_parts,understands; produces,dent,,,,
item_145,doigt,word,body_parts,understands; produces,doigt,,,,
item_146,genou,word,body_parts,understands; produces,genou,,,,
item_147,jambe,word,body_parts,understands; produces,jambe,,,,
item_148,joue,word,body_parts,understands; produces,joue,,,,
item_149,langue,word,body_parts,understands; produces,langue,,,,
item_150,main,word,body_parts,understands; produces,main,,,,
item_151,moustache,word,body_parts,understands; produces,moustache,,,,
item_152,nez,word,body_parts,understands; produces,nez,,,,
item_153,nombril,word,body_parts,understands; produces,nombril,,,,
item_154,yeux,word,body_parts,understands; produces,yeux,,,,
item_155,oreille,word,body_parts,understands; produces,oreille,,,,
item_156,orteil,word,body_parts,understands; produces,orteil,,,,
item_157,pied,word,body_parts,understands; produces,pied,,,,
item_158,tete,word,body_parts,understands; produces,tête,,,,
item_159,visage,word,body_parts,understands; produces,visage,,,,
item_160,bain1,word,furniture_rooms,understands; produces,bain,,,,
item_161,bassine,word,furniture_rooms,understands; produces,bassinette / berceau,,,,
item_162,chaise,word,furniture_rooms,understands; produces,chaise,,,,
item_163,chaise_bercante,word,furniture_rooms,understands; produces,chaise berçante,,,,
item_164,chaise_haute,word,furniture_rooms,understands; produces,chaise haute,,,,
item_165,chambre,word,furniture_rooms,understands; produces,chambre,,,,
item_166,cuisine,word,furniture_rooms,understands; produces,cuisine,,,,
item_167,divan,word,furniture_rooms,understands; produces,divan,,,,
item_168,escalier,word,furniture_rooms,understands; produces,escalier,,,,
item_169,evier,word,furniture_rooms,understands; produces,évier / lavabo,,,,
item_170,fenetre,word,furniture_rooms,understands; produces,fenêtre,,,,
item_171,four,word,furniture_rooms,understands; produces,four,,,,
item_172,frigidaire,word,furniture_rooms,understands; produces,frigidaire / frigo,,,,
item_173,garage,word,furniture_rooms,understands; produces,garage,,,,
item_174,lit,word,furniture_rooms,understands; produces,lit,,,,
item_175,parcdenfant,word,furniture_rooms,understands; produces,parc (d’enfant),,,,
item_176,poele,word,furniture_rooms,understands; produces,poêle,,,,
item_177,porte,word,furniture_rooms,understands; produces,porte,,,,
item_178,pot,word,furniture_rooms,understands; produces,pot,,,,
item_179,salle_de_bain,word,furniture_rooms,understands; produces,salle de bain / toilette,,,,
item_180,salon,word,furniture_rooms,understands; produces,salon,,,,
item_181,table,word,furniture_rooms,understands; produces,table,,,,
item_182,television,word,furniture_rooms,understands; produces,télévision,,,,
item_183,tiroir,word,furniture_rooms,understands; produces,tiroir,,,,
item_184,aspirateur,word,household,understands; produces,aspirateur,,,,
item_185,assiette,word,household,understands; produces,assiette,,,,
item_186,balai,word,household,understands; produces,balai,,,,
item_187,boite,word,household,understands; produces,boîte,,,,
item_188,bol,word,household,understands; produces,bol,,,,
item_189,bouteille,word,household,understands; produces,bouteille,,,,
item_190,brosse,word,household,understands; produces,brosse,,,,
item_191,brossedents,word,household,understands; produces,brosse à dents,,,,
item_192,ciseaux,word,household,understands; produces,ciseaux,,,,
item_193,cles,word,household,understands; produces,clés,,,,
item_194,couverte,word,household,understands; produces,couverte / couverture,,,,
item_195,cuillere,word,household,understands; produces,cuillère,,,,
item_196,fourchette,word,household,understands; produces,fourchette,,,,
item_197,horloge,word,household,understands; produces,horloge,,,,
item_198,image,word,household,understands; produces,image,,,,
item_199,lampe,word,household,understands; produces,lampe,,,,
item_200,lumiere,word,household,understands; produces,lumière,,,,
item_201,lunettes,word,household,understands; produces,lunettes,,,,
item_202,marteau,word,household,understands; produces,marteau,,,,
item_203,medicament,word,household,understands; produces,médicament,,,,
item_204,montre,word,household,understands; produces,montre,,,,
item_205,oreiller,word,household,understands; produces,oreiller,,,,
item_206,papier,word,household,understands; produces,papier,,,,
item_207,peigne,word,household,understands; produces,peigne,,,,
item_208,photo,word,household,understands; produces,photo,,,,
item_209,plante,word,household,understands; produces,plante,,,,
item_210,plat,word,household,understands; produces,plat,,,,
item_211,radio,word,household,understands; produces,radio,,,,
item_212,sacoche,word,household,understands; produces,sacoche / sac à main,,,,
item_213,savon,word,household,understands; produces,savon,,,,
item_214,serviette,word,household,understands; produces,serviette,,,,
item_215,tasse,word,household,understands; produces,tasse,,,,
item_216,telephone,word,household,understands; produces,téléphone,,,,
item_217,verre,word,household,understands; produces,verre,,,,
item_218,vidanges,word,household,understands; produces,vidanges,,,,
item_219,arbre,word,outside_places,understands; produces,arbre,,,,
item_220,balancoire,word,outside_places,understands; produces,balançoire,,,,
item_221,cheznous,word,outside_places,understands; produces,chez-nous,,,,
item_222,ciel,word,outside_places,understands; produces,ciel,,,,
item_223,cour,word,outside_places,understands; produces,cour,,,,
item_224,dehors,word,outside_places,understands; produces,dehors,,,,
item_225,eau2,word,outside_places,understands; produces,eau,,,,
item_226,ecole,word,outside_places,understands; produces,école,,,,
item_227,etoile,word,outside_places,understands; produces,étoile,,,,
item_228,fete,word,outside_places,understands; produces,fête,,,,
item_229,fleur,word,outside_places,understands; produces,fleur,,,,
item_230,glissoire,word,outside_places,understands; produces,glissoire,,,,
item_231,lune,word,outside_places,understands; produces,lune,,,,
item_232,magasin,word,outside_places,understands; produces,magasin,,,,
item_233,maison,word,outside_places,understands; produces,maison,,,,
item_234,neige,word,outside_places,understands; produces,neige,,,,
item_235,parc,word,outside_places,understands; produces,parc,,,,
item_236,pelle,word,outside_places,understands; produces,pelle,,,,
item_237,piscine,word,outside_places,understands; produces,piscine,,,,
item_238,pluie,word,outside_places,understands; produces,pluie,,,,
item_239,roche,word,outside_places,understands; produces,roche,,,,
item_240,soleil,word,outside_places,understands; produces,soleil,,,,
item_241,travail,word,outside_places,understands; produces,travail / bureau,,,,
item_242,bebe,word,people,understands; produces,bébé,,,,
item_243,bonhomme,word,people,understands; produces,bonhomme,,,,
item_244,dame_mad,word,people,understands; produces,dame / madame,,,,
item_245,enfant,word,people,understands; produces,enfant,,,,
item_246,fille,word,people,understands; produces,fille,,,,
item_247,frere,word,people,understands; produces,frère,,,,
item_248,garcon,word,people,understands; produces,garçon,,,,
item_249,gardienne,word,people,understands; produces,gardienne,,,,
item_250,gens_mon,word,people,understands; produces,gens / monde,,,,
item_251,gmaman,word,people,understands; produces,grand-maman*,,,,
item_252,gpapa,word,people,understands; produces,grand-papa*,,,,
item_253,maman,word,people,understands; produces,maman*,,,,
item_254,monsieur,word,people,understands; produces,monsieur,,,,
item_255,nom_du_gardien,word,people,understands; produces,nom du (de la) gardien(ne),,,,
item_256,oncle,word,people,understands; produces,oncle / mononcle,,,,
item_257,papa,word,people,understands; produces,papa*,,,,
item_258,soeur,word,people,understands; produces,soeur,,,,
item_259,son_propre_nom,word,people,understands; produces,son propre nom,,,,
item_260,tante,word,people,understands; produces,tante / matante,,,,
item_261,allo,word,games_routines,understands; produces,allô,,,,
item_262,attends,word,games_routines,understands; produces,attends,,,,
item_263,bain2,word,games_routines,understands; produces,bain,,,,
item_264,bonjour,word,games_routines,understands; produces,bonjour,,,,
item_265,bonne_nuit,word,games_routines,understands; produces,bonne nuit,,,,
item_266,bravo,word,games_routines,understands; produces,bravo!,,,,
item_267,aurevoir,word,games_routines,understands; produces,bye / au revoir,,,,
item_268,caca,word,games_routines,understands; produces,caca,,,,
item_269,chut,word,games_routines,understands; produces,chut,,,,
item_270,coucou,word,games_routines,understands; produces,coucou,,,,
item_271,dejeuner,word,games_routines,understands; produces,déjeuner,,,,
item_272,diner,word,games_routines,understands; produces,dîner,,,,
item_273,dodo,word,games_routines,understands; produces,dodo,,,,
item_274,faire_le_tour,word,games_routines,understands; produces,faire le tour de la maison,,,,
item_275,menouche,word,games_routines,understands; produces,menouche menouche,,,,
item_276,merci,word,games_routines,understands; produces,merci,,,,
item_277,non,word,games_routines,understands; produces,non,,,,
item_278,ok,word,games_routines,understands; produces,o.k.,,,,
item_279,oui,word,games_routines,understands; produces,oui,,,,
item_280,pipi,word,games_routines,understands; produces,pipi,,,,
item_281,silvous,word,games_routines,understands; produces,s’il-vous-plaît,,,,
item_282,souper,word,games_routines,understands; produces,souper,,,,
item_283,tape_tape,word,games_routines,understands; produces,tape tape,,,,
item_284,je_veux,word,games_routines,understands; produces,(je) veux,,,,
item_285,aider,word,action_words,understands; produces,aider,,,,
item_286,aimer,word,action_words,understands; produces,aimer,,,,
item_287,aller,word,action_words,understands; produces,aller,,,,
item_288,allumer,word,action_words,understands; produces,allumer,,,,
item_289,amener,word,action_words,understands; produces,amener,,,,
item_290,apporter,word,action_words,understands; produces,apporter,,,,
item_291,arreter,word,action_words,understands; produces,arrêter,,,,
item_292,arroser,word,action_words,understands; produces,arroser,,,,
item_293,asseoir,word,action_words,understands; produces,asseoir,,,,
item_294,attacher,word,action_words,understands; produces,attacher,,,,
item_295,attendre,word,action_words,understands; produces,attendre,,,,
item_296,attraper,word,action_words,understands; produces,attraper,,,,
item_297,avoir,word,action_words,understands; produces,avoir,,,,
item_298,balancer,word,action_words,understands; produces,balancer,,,,
item_299,balayer,word,action_words,understands; produces,balayer,,,,
item_300,bercer,word,action_words,understands; produces,bercer,,,,
item_301,boire,word,action_words,understands; produces,boire,,,,
item_302,brasser,word,action_words,understands; produces,brasser,,,,
item_303,briser_cass,word,action_words,understands; produces,briser / casser,,,,
item_304,brosser,word,action_words,understands; produces,brosser,,,,
item_305,cacher,word,action_words,understands; produces,cacher,,,,
item_306,chanter,word,action_words,understands; produces,chanter,,,,
item_307,chatouiller,word,action_words,understands; produces,chatouiller,,,,
item_308,chercher,word,action_words,understands; produces,chercher,,,,
item_309,choisir,word,action_words,understands; produces,choisir,,,,
item_310,cogner,word,action_words,understands; produces,cogner (à),,,,
item_311,couper,word,action_words,understands; produces,couper,,,,
item_312,courir,word,action_words,understands; produces,courir,,,,
item_313,courir_apres,word,action_words,understands; produces,courir après,,,,
item_314,cracher,word,action_words,understands; produces,cracher,,,,
item_315,danser,word,action_words,understands; produces,danser,,,,
item_316,debarquer,word,action_words,understands; produces,débarquer,,,,
item_317,dechirer,word,action_words,understands; produces,déchirer,,,,
item_318,descendre,word,action_words,understands; produces,descendre,,,,
item_319,dessiner,word,action_words,understands; produces,dessiner,,,,
item_320,dire,word,action_words,understands; produces,dire,,,,
item_321,donner,word,action_words,understands; produces,donner,,,,
item_322,dormir,word,action_words,understands; produces,dormir,,,,
item_323,ecouter,word,action_words,understands; produces,écouter,,,,
item_324,ecrire,word,action_words,understands; produces,écrire,,,,
item_325,embarquer,word,action_words,understands; produces,embarquer,,,,
item_326,enlever,word,action_words,understands; produces,enlever,,,,
item_327,entendre,word,action_words,understands; produces,entendre,,,,
item_328,essuyer,word,action_words,understands; produces,essuyer,,,,
item_329,faire,word,action_words,understands; produces,faire,,,,
item_330,fermer,word,action_words,understands; produces,fermer,,,,
item_331,finir,word,action_words,understands; produces,finir,,,,
item_332,glisser,word,action_words,understands; produces,glisser,,,,
item_333,gouter,word,action_words,understands; produces,goûter,,,,
item_334,grimper,word,action_words,understands; produces,grimper,,,,
item_335,jeter,word,action_words,understands; produces,jeter,,,,
item_336,jouer,word,action_words,understands; produces,jouer,,,,
item_337,lancer,word,action_words,understands; produces,lancer,,,,
item_338,laver,word,action_words,understands; produces,laver,,,,
item_339,lecher,word,action_words,understands; produces,lécher,,,,
item_340,lire,word,action_words,understands; produces,lire,,,,
item_341,manger,word,action_words,understands; produces,manger,,,,
item_342,marcher,word,action_words,understands; produces,marcher,,,,
item_343,mettre,word,action_words,understands; produces,mettre,,,,
item_344,monter,word,action_words,understands; produces,monter,,,,
item_345,montrer,word,action_words,understands; produces,montrer,,,,
item_346,mordre,word,action_words,understands; produces,mordre,,,,
item_347,nager,word,action_words,understands; produces,nager,,,,
item_348,nettoyer,word,action_words,understands; produces,nettoyer,,,,
item_349,ouvrir,word,action_words,understands; produces,ouvrir,,,,
item_350,parler,word,action_words,understands; produces,parler,,,,
item_351,partager,word,action_words,understands; produces,partager,,,,
item_352,peinturer,word,action_words,understands; produces,peinturer,,,,
item_353,pleurer,word,action_words,understands; produces,pleurer,,,,
item_354,pousser,word,action_words,understands; produces,pousser,,,,
item_355,prendre,word,action_words,understands; produces,prendre,,,,
item_356,ramasser,word,action_words,understands; produces,ramasser,,,,
item_357,regarder,word,action_words,understands; produces,regarder,,,,
item_358,renverser,word,action_words,understands; produces,renverser,,,,
item_359,rester,word,action_words,understands; produces,rester,,,,
item_360,reveiller,word,action_words,understands; produces,réveiller,,,,
item_361,sauter,word,action_words,understands; produces,sauter,,,,
item_362,secher,word,action_words,understands; produces,sécher,,,,
item_363,souffler,word,action_words,understands; produces,souffler,,,,
item_364,sourire,word,action_words,understands; produces,sourire,,,,
item_365,taper,word,action_words,understands; produces,taper,,,,
item_366,tenir,word,action_words,understands; produces,tenir,,,,
item_367,tirer,word,action_words,understands; produces,tirer,,,,
item_368,tomber,word,action_words,understands; produces,tomber,,,,
item_369,toucher,word,action_words,understands; produces,toucher,,,,
item_370,tourner,word,action_words,understands; produces,tourner,,,,
item_371,travailler,word,action_words,understands; produces,travailler,,,,
item_372,trouver,word,action_words,understands; produces,trouver,,,,
item_373,venir,word,action_words,understands; produces,venir,,,,
item_374,verser,word,action_words,understands; produces,verser,,,,
item_375,voir,word,action_words,understands; produces,voir,,,,
item_376,aujour,word,time_words,understands; produces,aujourd’hui,,,,
item_377,ce_soir,word,time_words,understands; produces,ce soir,,,,
item_378,demain,word,time_words,understands; produces,demain,,,,
item_379,maintenant,word,time_words,understands; produces,maintenant / tout de suite,,,,
item_380,matin,word,time_words,understands; produces,matin,,,,
item_381,nuit,word,time_words,understands; produces,nuit,,,,
item_382,plus_tard,word,time_words,understands; produces,plus tard,,,,
item_383,tantot,word,time_words,understands; produces,tantôt / tout à l’heure,,,,
item_384,avoir_faim,word,descriptive_words,understands; produces,avoir faim,,,,
item_385,avoir_mal,word,descriptive_words,understands; produces,avoir mal,,,,
item_386,avoir_peur,word,descriptive_words,understands; produces,avoir peur,,,,
item_387,avoir_soif,word,descriptive_words,understands; produces,avoir soif,,,,
item_388,beau/belle,word,descriptive_words,understands; produces,beau / belle,,,,
item_389,bien,word,descriptive_words,understands; produces,bien,,,,
item_390,bleu,word,descriptive_words,understands; produces,bleu,,,,
item_391,bon,word,descriptive_words,understands; produces,bon,,,,
item_392,brise/casse,word,descriptive_words,understands; produces,brisé / cassé,,,,
item_393,capable,word,descriptive_words,understands; produces,capable,,,,
item_394,chaud,word,descriptive_words,understands; produces,chaud,,,,
item_395,content,word,descriptive_words,understands; produces,content,,,,
item_396,debout,word,descriptive_words,understands; produces,debout,,,,
item_397,degueulasse,word,descriptive_words,understands; produces,dégueulasse,,,,
item_398,doux,word,descriptive_words,understands; produces,doux,,,,
item_399,endormi,word,descriptive_words,understands; produces,endormi,,,,
item_400,fatigue,word,descriptive_words,understands; produces,fatigué,,,,
item_401,fini,word,descriptive_words,understands; produces,fini,,,,
item_402,froid,word,descriptive_words,understands; produces,froid,,,,
item_403,gentil,word,descriptive_words,understands; produces,gentil,,,,
item_404,gros/grand,word,descriptive_words,understands; produces,gros / grand,,,,
item_405,malade,word,descriptive_words,understands; produces,malade,,,,
item_406,mal,word,descriptive_words,understands; produces,mal,,,,
item_407,parti,word,descriptive_words,understands; produces,parti,,,,
item_408,petit,word,descriptive_words,understands; produces,petit,,,,
item_409,propre,word,descriptive_words,understands; produces,propre,,,,
item_410,prudent,word,descriptive_words,understands; produces,prudent,,,,
item_411,rouge,word,descriptive_words,understands; produces,rouge,,,,
item_412,sale,word,descriptive_words,understands; produces,sale,,,,
item_413,tannant,word,descriptive_words,understands; produces,tannant / méchant,,,,
item_414,vide,word,descriptive_words,understands; produces,vide,,,,
item_415,vite,word,descriptive_words,understands; produces,vite,,,,
item_416,a_moi,word,pronouns,understands; produces,à moi,,,,
item_417,ca,word,pronouns,understands; produces,ça,,,,
item_418,je,word,pronouns,understands; produces,je,,,,
item_419,luielle,word,pronouns,understands; produces,(à) lui / (à) elle,,,,
item_420,moi,word,pronouns,understands; produces,moi,,,,
item_421,mon,word,pronouns,understands; produces,mon,,,,
item_422,son,word,pronouns,understands; produces,son,,,,
item_423,toi,word,pronouns,understands; produces,toi,,,,
item_424,ton,word,pronouns,understands; produces,ton,,,,
item_425,tu,word,pronouns,understands; produces,tu,,,,
item_426,ou,word,question_words,understands; produces,où,,,,
item_427,qui,word,question_words,understands; produces,qui,,,,
item_428,quoi,word,question_words,understands; produces,quoi,,,,
item_429,aterre,word,locations,understands; produces,à terre / par terre,,,,
item_430,dans,word,locations,understands; produces,dans,,,,
item_431,en_bas,word,locations,understands; produces,en bas,,,,
item_432,en_haut,word,locations,understands; produces,en haut,,,,
item_433,labas,word,locations,understands; produces,là / là-bas,,,,
item_434,sous,word,locations,understands; produces,sous / en dessous,,,,
item_435,sur_dess,word,locations,understands; produces,sur / dessus,,,,
item_436,encore,word,quantifiers,understands; produces,encore,,,,
item_437,plus,word,quantifiers,understands; produces,plus,,,,
item_438,pas,word,quantifiers,understands; produces,pas,,,,
item_439,un_autre,word,quantifiers,understands; produces,un autre,,,,
item_440,un_peu,word,quantifiers,understands; produces,un peu,,,,
item_441,gestures_first1,gestures,gestures_first,no; yes,Tend le bras pour montrer quelque chose qu’il/elle tient.,,,,gestures_first
item_442,gestures_first2,gestures,gestures_first,no; yes,Tend la main pour vous donner un objet ou un jouet qu’il/elle tient.,,,,gestures_first
item_443,gestures_first3,gestures,gestures_first,no; yes,Pointe (avec le bras et l’index tendus) un objet ou un événement intéressant.,,,,gestures_first
item_444,gestures_first4,gestures,gestures_first,no; yes,Envoie la main (fait bye bye) spontanément quand quelqu’un s’en va.,,,,gestures_first
item_445,gestures_first5,gestures,gestures_first,no; yes,Lève les bras pour faire signe qu’il/elle veut qu’on le/la prenne.,,,,gestures_first
item_446,gestures_first6,gestures,gestures_first,no; yes,Fait “non” avec la tête.,,,,gestures_first
item_447,gestures_first7,gestures,gestures_first,no; yes,Fait “oui” avec la tête.,,,,gestures_first
item_448,gestures_first8,gestures,gestures_first,no; yes,Fait le geste pour “chut” en plaçant son index devant ses lèvres.,,,,gestures_first
item_449,gestures_first9,gestures,gestures_first,no; yes,Tend le bras et ouvre et ferme la main pour demander un objet.,,,,gestures_first
item_450,gestures_first10,gestures,gestures_first,no; yes,Envoie des baisers à distance.,,,,gestures_first
item_451,gestures_first11,gestures,gestures_first,no; yes,Claque les lèvres pour indiquer que quelque chose goûte bon.,,,,gestures_first
item_452,gestures_first12,gestures,gestures_first,no; yes,Hausse les épaules pour exprimer “il n’y en a plus” ou “parti”.,,,,gestures_games
item_453,gestures_games1,gestures,gestures_games,no; yes,Jouer à “coucou”.,,,,gestures_games
item_454,gestures_games2,gestures,gestures_games,no; yes,Jouer à “tape tape”.,,,,gestures_games
item_455,gestures_games3,gestures,gestures_games,no; yes,"Jouer à “ainsi font, font, font”.",,,,gestures_games
item_456,gestures_games4,gestures,gestures_games,no; yes,Jouer à attraper / se faire attraper.,,,,gestures_games
item_457,gestures_games5,gestures,gestures_games,no; yes,Chanter.,,,,gestures_games
item_458,gestures_games6,gestures,gestures_games,no; yes,Danser.,,,,gestures_games
item_459,gestures_objects1,gestures,gestures_objects,no; yes,Manger avec une cuillère ou une fourchette.,,,,gestures_objects
item_460,gestures_objects2,gestures,gestures_objects,no; yes,Boire dans une tasse contenant un liquide.,,,,gestures_objects
item_461,gestures_objects3,gestures,gestures_objects,no; yes,Se brosser ou se peigner les cheveux.,,,,gestures_objects
item_462,gestures_objects4,gestures,gestures_objects,no; yes,Se brosser les dents.,,,,gestures_objects
item_463,gestures_objects5,gestures,gestures_objects,no; yes,S’essuyer le visage ou les mains avec une serviette ou un linge.,,,,gestures_objects
item_464,gestures_objects6,gestures,gestures_objects,no; yes,Se mettre un chapeau.,,,,gestures_objects
item_465,gestures_objects7,gestures,gestures_objects,no; yes,Se mettre un bas ou un soulier.,,,,gestures_objects
item_466,gestures_objects8,gestures,gestures_objects,no; yes,"Se mettre un collier, un bracelet ou une montre.",,,,gestures_objects
item_467,gestures_objects9,gestures,gestures_objects,no; yes,Mettre sa tête sur ses mains et fermer les yeux pour faire semblant de dormir.,,,,gestures_objects
item_468,gestures_objects10,gestures,gestures_objects,no; yes,Souffler pour exprimer que quelque chose est chaud.,,,,gestures_objects
item_469,gestures_objects11,gestures,gestures_objects,no; yes,Tenir un avion et le faire “voler”.,,,,gestures_objects
item_470,gestures_objects12,gestures,gestures_objects,no; yes,Placer le combiné du téléphone sur son oreille.,,,,gestures_objects
item_471,gestures_objects13,gestures,gestures_objects,no; yes,Sentir des fleurs.,,,,gestures_objects
item_472,gestures_objects14,gestures,gestures_objects,no; yes,Pousser une voiture ou un camion jouet.,,,,gestures_objects
item_473,gestures_objects15,gestures,gestures_objects,no; yes,Lancer une balle.,,,,gestures_objects
item_474,gestures_objects16,gestures,gestures_objects,no; yes,Transverser un liquide imaginaire d’un contenant à un autre.,,,,gestures_objects
item_475,gestures_objects17,gestures,gestures_objects,no; yes,Brasser du liquide imaginaire avec une cuillère.,,,,gestures_objects
item_476,gestures_parent1,gestures,gestures_parent,no; yes,Le mettre au lit.,,,,gestures_parent
item_477,gestures_parent2,gestures,gestures_parent,no; yes,Lui mettre une couverture.,,,,gestures_parent
item_478,gestures_parent3,gestures,gestures_parent,no; yes,Le nourrir au biberon.,,,,gestures_parent
item_479,gestures_parent4,gestures,gestures_parent,no; yes,Le nourrir à la cuillère.,,,,gestures_parent
item_480,gestures_parent5,gestures,gestures_parent,no; yes,"Brosser, peigner ses cheveux.",,,,gestures_parent
item_481,gestures_parent6,gestures,gestures_parent,no; yes,Lui faire faire un rot.,,,,gestures_parent
item_482,gestures_parent7,gestures,gestures_parent,no; yes,Le promener dans un carrosse.,,,,gestures_parent
item_483,gestures_parent8,gestures,gestures_parent,no; yes,Le bercer.,,,,gestures_parent
item_484,gestures_parent9,gestures,gestures_parent,no; yes,L’embrasser ou le serrer dans ses bras.,,,,gestures_parent
item_485,gestures_parent10,gestures,gestures_parent,no; yes,"Essayer de lui mettre un bas, un chapeau.",,,,gestures_parent
item_486,gestures_parent11,gestures,gestures_parent,no; yes,Lui essuyer le visage ou les mains.,,,,gestures_parent
item_487,gestures_parent12,gestures,gestures_parent,no; yes,Lui parler.,,,,gestures_parent
item_488,gestures_parent13,gestures,gestures_parent,no; yes,Essayer de lui mettre une couche.,,,,gestures_parent
item_489,gestures_adult1,gestures,gestures_adult,no; yes,Passer le balai ou la vadrouille.,,,,gestures_adult
item_490,gestures_adult2,gestures,gestures_adult,no; yes,Mettre une clé dans une serrure.,,,,gestures_adult
item_491,gestures_adult3,gestures,gestures_adult,no; yes,Frapper avec un marteau ou un maillet.,,,,gestures_adult
item_492,gestures_adult4,gestures,gestures_adult,no; yes,Essayer d’utiliser une scie.,,,,gestures_adult
item_493,gestures_adult5,gestures,gestures_adult,no; yes,Frapper sur un clavier de dactylo ou d’ordinateur.,,,,gestures_adult
item_494,gestures_adult6,gestures,gestures_adult,no; yes,"“Lire” (ouvrir un livre, tourner les pages).",,,,gestures_adult
item_495,gestures_adult7,gestures,gestures_adult,no; yes,Passer l’aspirateur.,,,,gestures_adult
item_496,gestures_adult8,gestures,gestures_adult,no; yes,Arroser les plantes.,,,,gestures_adult
item_497,gestures_adult9,gestures,gestures_adult,no; yes,"Jouer d’un instrument de musique (ex. piano, trompette).",,,,gestures_adult
item_498,gestures_adult10,gestures,gestures_adult,no; yes,“Conduire” la voiture en tournant le volant.,,,,gestures_adult
item_499,gestures_adult11,gestures,gestures_adult,no; yes,Laver la vaisselle.,,,,gestures_adult
item_500,gestures_adult12,gestures,gestures_adult,no; yes,Épousseter avec un linge ou un plumeau.,,,,gestures_adult
item_501,gestures_adult13,gestures,gestures_adult,no; yes,"Écrire avec un crayon, un stylo ou un marqueur.",,,,gestures_adult
item_502,gestures_adult14,gestures,gestures_adult,no; yes,Creuser avec une pelle.,,,,gestures_adult
item_503,gestures_adult15,gestures,gestures_adult,no; yes,Mettre des lunettes.,,,,gestures_adult
item_504,pretend,pretend,pretend,no; yes,"Parfois, en jouant, les enfants utilisent un objet en faisant semblant qu’il s’agit d’autre chose. Par exemple, un enfant qui veut nourrir son ourson en peluche peut faire semblant qu’un bloc est une pomme. Un enfant peut faire semblant qu’un bol est un chapeau. Avez-vous déjà vu votre enfant faire des substitutions de ce genre?",,,,
item_example4,pretend_example1,pretend_examples,pretend_examples,,,,,,
