itemID,item,item_type,category,choices,definition,uni_lemma,gloss,complexity_category,enabler,enable_response
item_1,am,word,sounds,produces,¡am!,yum yum,yum yum,,,
item_2,ay,word,sounds,produces,¡ay!,ouch,ouch,,,
item_3,beemee,word,sounds,produces,bee/mee,baa baa,baa baa,,,
item_4,cuacua,word,sounds,produces,cuacuá,quack quack,quack quack,,,
item_5,guagua,word,sounds,produces,guaguá,woof woof,woof woof,,,
item_6,miau,word,sounds,produces,miau,meow,meow,,,
item_7,muu,word,sounds,produces,muu,moo,moo,,,
item_8,piopio,word,sounds,produces,pío pío,tweet tweet,tweet tweet,,,
item_9,pipi,word,sounds,produces,pipí,honk honk,honk honk,,,
item_10,pum,word,sounds,produces,¡pum!,bang,bang,,,
item_11,qiqiriqi,word,sounds,produces,quiquiriquí,cockadoodledoo,cockadoodledoo,,,
item_12,tutu,word,sounds,produces,tutú,choo choo,choo choo,,,
item_13,abeja,word,animals,produces,abeja,bee,bee,,,
item_14,animal,word,animals,produces,animal,animal,animal,,,
item_15,arana,word,animals,produces,araña,spider,spider,,,
item_16,ardilla,word,animals,produces,ardilla,squirrel,squirrel,,,
item_17,bicho,word,animals,produces,bicho,,bug,,,
item_18,borrego,word,animals,produces,borrego,lamb,lamb,,,
item_19,buey,word,animals,produces,buey,ox,ox,,,
item_20,buho,word,animals,produces,búho,owl,owl,,,
item_21,burro,word,animals,produces,burro,donkey,donkey,,,
item_22,caballo,word,animals,produces,caballo,horse,horse,,,
item_23,cebra,word,animals,produces,cebra,,zebra,,,
item_24,cocdrilo,word,animals,produces,cocodrilo,,crocodile,,,
item_25,conejo,word,animals,produces,conejo,bunny,rabbit,,,
item_26,elefante,word,animals,produces,elefante,elephant,elephant,,,
item_27,foca,word,animals,produces,foca,,seal,,,
item_28,gallina,word,animals,produces,gallina,hen,hen,,,
item_29,ganso,word,animals,produces,ganso,,goose,,,
item_30,gato,word,animals,produces,gato,cat,cat,,,
item_31,guajolot,word,animals,produces,guajolote,turkey,turkey,,,
item_32,hippotmo,word,animals,produces,hipopótamo,hippopotamus,hippopotamus,,,
item_33,hormiga,word,animals,produces,hormiga,ant,ant,,,
item_34,jirafa,word,animals,produces,jirafa,giraffe,giraffe,,,
item_35,leon,word,animals,produces,león,lion,lion,,,
item_36,lobo,word,animals,produces,lobo,wolf,wolf,,,
item_37,mariposa,word,animals,produces,mariposa,butterfly,butterfly,,,
item_38,mono,word,animals,produces,mono,monkey,monkey,,,
item_39,mosca,word,animals,produces,mosca,fly (animal),fly,,,
item_40,mosco,word,animals,produces,mosco,,mosquito,,,
item_41,oso,word,animals,produces,oso,bear,bear,,,
item_42,pajaro,word,animals,produces,pájaro,bird,bird,,,
item_43,pato,word,animals,produces,pato,duck,duck,,,
item_44,perro,word,animals,produces,perro,dog,dog,,,
item_45,pescado1,word,animals,produces,pescado,fish (animal),fish,,,
item_46,pinguino,word,animals,produces,pingüino,penguin,penguin,,,
item_47,pollito,word,animals,produces,pollito,chick,chick,,,
item_48,puerco,word,animals,produces,puerco,pig,pig,,,
item_49,rano,word,animals,produces,rana,frog,frog,,,
item_50,raton,word,animals,produces,ratón,mouse,mouse,,,
item_51,tigre,word,animals,produces,tigre,tiger,tiger,,,
item_52,tortuga,word,animals,produces,tortuga,turtle,turtle,,,
item_53,vaca,word,animals,produces,vaca,cow,cow,,,
item_54,venado,word,animals,produces,venado,deer,deer,,,
item_55,vibora,word,animals,produces,víbora,,viper,,,
item_56,autobus,word,vehicles,produces,autobús,,bus,,,
item_57,avion,word,vehicles,produces,avión,airplane,airplane,,,
item_58,barco,word,vehicles,produces,barco,boat,boat,,,
item_59,biciclet,word,vehicles,produces,bicicleta,bicycle,bike,,,
item_60,camibomb,word,vehicles,produces,camión de bombero,firetruck,firetruck,,,
item_61,camion,word,vehicles,produces,camión/troca,truck,camion,,,
item_62,carreola,word,vehicles,produces,carreola,stroller,stroller,,,
item_63,carro,word,vehicles,produces,carro/coche,car,car,,,
item_64,helicptr,word,vehicles,produces,helicóptero,helicopter,helicopter,,,
item_65,moto,word,vehicles,produces,moto,motorcycle,motorbike,,,
item_66,tractor,word,vehicles,produces,tractor,tractor,tractor,,,
item_67,tren,word,vehicles,produces,tren,train,train,,,
item_68,tricicl1,word,vehicles,produces,triciclo,,tricycle,,,
item_69,trineo,word,vehicles,produces,trineo,,sled,,,
item_70,agua,word,food_drink,produces,agua,water (beverage),water,,,
item_71,arroz,word,food_drink,produces,arroz,rice,rice,,,
item_72,atole,word,food_drink,produces,atole,atole,porridge,,,
item_73,atun,word,food_drink,produces,atún,,tuna fish,,,
item_74,azucar,word,food_drink,produces,azúcar,,sugar,,,
item_75,mani,word,food_drink,produces,cacahuete/maní,,peanut,,,
item_76,cafe,word,food_drink,produces,café,coffee,coffee,,,
item_77,calabaza,word,food_drink,produces,calabaza,,pumpkin,,,
item_78,carne,word,food_drink,produces,carne,meat,meat,,,
item_79,cereal,word,food_drink,produces,cereal,cereal,cereal,,,
item_80,chicharo,word,food_drink,produces,chícharo,,pea,,,
item_81,chicle,word,food_drink,produces,chicle,,chewing gum,,,
item_82,chile,word,food_drink,produces,chile,chili,chili,,,
item_83,chocolat,word,food_drink,produces,chocolate,,chocolate,,,
item_84,comida,word,food_drink,produces,comida,food,food,,,
item_85,dulce,word,food_drink,produces,dulce,candy,sweet candy,,,
item_86,durazno,word,food_drink,produces,durazno,,peach,,,
item_87,ejotes,word,food_drink,produces,ejotes,,green beans,,,
item_88,elote,word,food_drink,produces,elote,,corncob,,,
item_89,espgueti,word,food_drink,produces,espagueti,,spaghetti,,,
item_90,fresa,word,food_drink,produces,fresa,,strawberry,,,
item_91,frijoles,word,food_drink,produces,frijoles,beans,beans,,,
item_92,galleta,word,food_drink,produces,galleta,cookie,cookie,,,
item_93,gellatin,word,food_drink,produces,gelatina,,jelly,,,
item_94,hamburgs,word,food_drink,produces,hamburguesa,,hamburger,,,
item_95,helado,word,food_drink,produces,helado/nieve,ice cream,ice cream,,,
item_96,hielo,word,food_drink,produces,hielo,,ice,,,
item_97,hotcakes,word,food_drink,produces,hot cakes/panes calientes,,hotcakes,,,
item_98,huevo,word,food_drink,produces,huevo,egg,egg,,,
item_99,jamon,word,food_drink,produces,jamón,ham,ham,,,
item_100,jugo,word,food_drink,produces,jugo,juice,juice,,,
item_101,leche,word,food_drink,produces,leche,milk,milk,,,
item_102,licuado,word,food_drink,produces,licuado,,smoothie,,,
item_103,limonad,word,food_drink,produces,limonada,,lemonade,,,
item_104,mantqila,word,food_drink,produces,mantequilla,,butter,,,
item_105,manzana,word,food_drink,produces,manzana,apple,apple,,,
item_106,melon,word,food_drink,produces,melón,,melon,,,
item_107,mermelad,word,food_drink,produces,mermelada,,marmalade,,,
item_108,naranja,word,food_drink,produces,naranja,orange (food),orange (fruit),,,
item_109,paleta,word,food_drink,produces,paleta,lollipop,lollipop,,,
item_110,palomtas,word,food_drink,produces,palomitas,,popcorn,,,
item_111,pan,word,food_drink,produces,pan,bread,bread,,,
item_112,pandulc,word,food_drink,produces,pan dulce,,sweet bread,,,
item_113,papas,word,food_drink,produces,papas,,potatoes,,,
item_114,papitas,word,food_drink,produces,papitas,,chips,,,
item_115,pasas,word,food_drink,produces,pasas,,raisins,,,
item_116,pastel,word,food_drink,produces,pastel,cake,cake,,,
item_117,pentbttr,word,food_drink,produces,peanut butter,,peanut butter,,,
item_118,pescado2,word,food_drink,produces,pescado,,fish (food),,,
item_119,platano,word,food_drink,produces,plátano/banana,banana,banana,,,
item_120,pollo,word,food_drink,produces,pollo,chicken (food),chicken,,,
item_121,quesdila,word,food_drink,produces,quesadilla,quesadilla,quesadilla,,,
item_122,queso,word,food_drink,produces,queso,cheese,cheese,,,
item_123,sal,word,food_drink,produces,sal,,salt,,,
item_124,salchch,word,food_drink,produces,salchicha,hot dog,hot dog,,,
item_125,salsa,word,food_drink,produces,salsa,,salsa,,,
item_126,sandia,word,food_drink,produces,sandía,,watermelon,,,
item_127,soda,word,food_drink,produces,soda/refresco,soda,soda water,,,
item_128,sopa,word,food_drink,produces,sopa,soup,soup,,,
item_129,taco,word,food_drink,produces,taco,,taco,,,
item_130,te1,word,food_drink,produces,té,,tea,,,
item_131,torta,word,food_drink,produces,torta/lonche,,lunch sub,,,
item_132,tortila,word,food_drink,produces,tortilla,tortilla,tortilla,,,
item_133,uvas,word,food_drink,produces,uvas,grapes,grapes,,,
item_134,vainilla,word,food_drink,produces,vainilla,,vanilla,,,
item_135,vitamina,word,food_drink,produces,vitaminas,,vitamin,,,
item_136,yoghurt,word,food_drink,produces,yogurt,,yogurt,,,
item_137,zanahori,word,food_drink,produces,zanahoria,,carrot,,,
item_138,abrigo,word,clothing,produces,abrigo,,coat,,,
item_139,aretes,word,clothing,produces,aretes,earrings,earrings,,,
item_140,babera,word,clothing,produces,babero,bib,bib,,,
item_141,bolsa1,word,clothing,produces,bolsa,purse,purse,,,
item_142,botas,word,clothing,produces,botas,boots,boots,,,
item_143,boton,word,clothing,produces,botón,button,button,,,
item_144,bufanda,word,clothing,produces,bufanda,,scarf,,,
item_145,calcetin,word,clothing,produces,calcetín,sock,sock,,,
item_146,calzon,word,clothing,produces,calzón,underpants,underwear,,,
item_147,camisa,word,clothing,produces,camisa,,shirt,,,
item_148,chancla,word,clothing,produces,chancla,,slipper,,,
item_149,cierre,word,clothing,produces,cierre,zipper,zipper,,,
item_150,collar,word,clothing,produces,collar,necklace,necklace,,,
item_151,falda,word,clothing,produces,falda,skirt,skirt,,,
item_152,gorra,word,clothing,produces,gorra,,cap,,,
item_153,guantes,word,clothing,produces,guantes,,gloves,,,
item_154,lentes,word,clothing,produces,lentes,glasses,eyeglasses,,,
item_155,medias,word,clothing,produces,medias,tights,tights,,,
item_156,panal,word,clothing,produces,pañal,diaper,diaper,,,
item_157,pantalon,word,clothing,produces,pantalón,pants,pants,,,
item_158,pijama,word,clothing,produces,pijama,pajamas,pajamas,,,
item_159,playera,word,clothing,produces,playera,t-shirt,t-shirt,,,
item_160,ropas,word,clothing,produces,ropa,,clothes,,,
item_161,shorts,word,clothing,produces,shorts/calzoncillos,shorts,shorts,,,
item_162,sombrero,word,clothing,produces,sombrero,hat,hat,,,
item_163,sueter,word,clothing,produces,suéter,sweater,sweater,,,
item_164,vestido,word,clothing,produces,vestido,dress (object),dress,,,
item_165,zapato,word,clothing,produces,zapato,shoe,shoe,,,
item_166,barba,word,body_parts,produces,barba,,beard,,,
item_167,bigote,word,body_parts,produces,bigote,moustache,moustache,,,
item_168,boca,word,body_parts,produces,boca,mouth,mouth,,,
item_169,brazo,word,body_parts,produces,brazo,arm,arm,,,
item_170,cabeza,word,body_parts,produces,cabeza,head,head,,,
item_171,cachete,word,body_parts,produces,cachete,cheek,cachete,,,
item_172,cara,word,body_parts,produces,cara,face,face,,,
item_173,chichi,word,body_parts,produces,chichi/pecho*,breast,breast,,,
item_174,dedo,word,body_parts,produces,dedo,finger,finger,,,
item_175,dientes,word,body_parts,produces,dientes,tooth,teeth,,,
item_176,gargnta,word,body_parts,produces,garganta/anginas,,throat,,,
item_177,hombro,word,body_parts,produces,hombro,,shoulder,,,
item_178,labios,word,body_parts,produces,labios,,lips,,,
item_179,lengua,word,body_parts,produces,lengua,tongue,tongue,,,
item_180,mano,word,body_parts,produces,mano,hand,hand,,,
item_181,nalgas,word,body_parts,produces,nalgas*,,buttocks,,,
item_182,nariz,word,body_parts,produces,nariz,nose,nose,,,
item_183,ojos,word,body_parts,produces,ojos,eye,eyes,,,
item_184,ombligo,word,body_parts,produces,ombligo,belly button,belly button,,,
item_185,oreja,word,body_parts,produces,oreja,ear,ear,,,
item_186,panza,word,body_parts,produces,panza,tummy,belly,,,
item_187,pelo,word,body_parts,produces,pelo,hair,hair,,,
item_188,pene,word,body_parts,produces,pene*,penis,penis,,,
item_189,piernas,word,body_parts,produces,pierna,leg,legs,,,
item_190,pies,word,body_parts,produces,pies,foot,feet,,,
item_191,rodilla,word,body_parts,produces,rodilla,knee,knee,,,
item_192,vagina,word,body_parts,produces,vagina*,vagina,vagina,,,
item_193,bat,word,toys,produces,bat/bate,bat,bat,,,
item_194,burbujas,word,toys,produces,burbujas,,bubbles,,,
item_195,colores,word,toys,produces,colores,,colors,,,
item_196,crayolas,word,toys,produces,crayolas,,crayons,,,
item_197,globo,word,toys,produces,globo/bomba,balloon,air balloon,,,
item_198,hoja,word,toys,produces,hoja/papel,,paper,,,
item_199,juguete,word,toys,produces,juguete,toy (object),toy,,,
item_200,lapiz,word,toys,produces,lápiz,pen/pencil,pencil,,,
item_201,libro,word,toys,produces,libro,book,book,,,
item_202,muneca,word,toys,produces,muñeca,doll,baby doll,,,
item_203,osito,word,toys,produces,osito,teddybear,teddy bear,,,
item_204,patines,word,toys,produces,patines,,roller skates,,,
item_205,pelota,word,toys,produces,pelota,ball,ball,,,
item_206,pintura,word,toys,produces,pinturas,,painting,,,
item_207,plastlin,word,toys,produces,plastilina,,clay,,,
item_208,pluma,word,toys,produces,pluma/plumones,,pen,,,
item_209,tambor,word,toys,produces,tambor,drum,drum,,,
item_210,tricicl2,word,toys,produces,triciclo,,tricycle (toy),,,
item_211,almohada,word,household,produces,almohada,pillow,pillow,,,
item_212,aspirdor,word,household,produces,aspiradora,vacuum,vacuum cleaner,,,
item_213,basura,word,household,produces,basura,trash,garbage can,,,
item_214,bolsa2,word,household,produces,bolsa,,bag,,,
item_215,botlmaml,word,household,produces,botella/mamila,bottle,bottle,,,
item_216,caja,word,household,produces,caja,box,box,,,
item_217,camara,word,household,produces,cámara,,camera,,,
item_218,canasta,word,household,produces,canasta,,basket,,,
item_219,cassette,word,household,produces,cassette,,cassette,,,
item_220,cepillo,word,household,produces,cepillo,brush (object),brush,,,
item_221,cepidnte,word,household,produces,cepillo de dientes,toothbrush,toothbrush,,,
item_222,cerills,word,household,produces,cerillos,,matches,,,
item_223,chupete,word,household,produces,chupón/chupete,pacifier,pacifier,,,
item_224,cigarrs,word,household,produces,cigarros,cigarette,cigarettes,,,
item_225,clavo,word,household,produces,clavo,,nail,,,
item_226,cobija,word,household,produces,cobija,blanket,blanket,,,
item_227,cuadro,word,household,produces,cuadro,picture,picture,,,
item_228,cubeta,word,household,produces,cubeta,,tray,,,
item_229,cuchara,word,household,produces,cuchara,spoon,spoon,,,
item_230,cuchillo,word,household,produces,cuchillo,knife,knife,,,
item_231,dinero,word,household,produces,dinero,money,money,,,
item_232,escoba,word,household,produces,escoba,broom,broom,,,
item_233,espejo,word,household,produces,espejo,mirror,mirror,,,
item_234,fotos,word,household,produces,fotos,photos,photos,,,
item_235,jabon,word,household,produces,jabón,soap,soap,,,
item_236,lampara,word,household,produces,lámpara,,lamp,,,
item_237,luz,word,household,produces,luz,light,light,,,
item_238,llave,word,household,produces,llave,keys,key,,,
item_239,martillo,word,household,produces,martillo,hammer,hammer,,,
item_240,medicina,word,household,produces,medicina,medicine,medicine,,,
item_241,olla,word,household,produces,olla,,cooking pot,,,
item_242,panuelo,word,household,produces,pañuelo,,handkerchief,,,
item_243,papel,word,household,produces,papel,paper,paper,,,
item_244,pastdnte,word,household,produces,pasta de dientes,,toothpaste,,,
item_245,peine,word,household,produces,peine,comb (object),hair comb,,,
item_246,peridco,word,household,produces,periódico,,newspaper,,,
item_247,plancha,word,household,produces,plancha,,iron,,,
item_248,plato,word,household,produces,plato,plate,dish,,,
item_249,radio,word,household,produces,radio,radio,radio,,,
item_250,reloj,word,household,produces,reloj,watch (object),watch,,,
item_251,servleta,word,household,produces,servilleta,,napkin,,,
item_252,tapete,word,household,produces,tapete,,rug,,,
item_253,taza,word,household,produces,taza,cup,cup,,,
item_254,telefono,word,household,produces,teléfono,telephone,phone,,,
item_255,tenedor,word,household,produces,tenedor,fork,fork,,,
item_256,tijeras,word,household,produces,tijeras,scissors,pair of scissors,,,
item_257,toalla,word,household,produces,toalla,towel,towel,,,
item_258,trapo,word,household,produces,trapo,cloth,cloth,,,
item_259,vasos,word,household,produces,vasos,glass,glasses,,,
item_260,vela,word,household,produces,vela,candle,candle,,,
item_261,bacinica,word,furniture_rooms,produces,bacinica,potty,potty,,,
item_262,banco1,word,furniture_rooms,produces,banco,,bench,,,
item_263,bano,word,furniture_rooms,produces,baño,bathroom,bath,,,
item_264,cajon,word,furniture_rooms,produces,cajón,drawer,drawer,,,
item_265,cama,word,furniture_rooms,produces,cama,bed,bed,,,
item_266,champu,word,furniture_rooms,produces,champú,,shampoo,,,
item_267,cochera,word,furniture_rooms,produces,cochera/garage,garage,garage,,,
item_268,cocina,word,furniture_rooms,produces,cocina,kitchen,kitchen room,,,
item_269,comptdra,word,furniture_rooms,produces,computadora,,computer,,,
item_270,cuarto,word,furniture_rooms,produces,cuarto,room,room,,,
item_271,cuna,word,furniture_rooms,produces,cuna,crib,crib,,,
item_272,escalera,word,furniture_rooms,produces,escaleras,stairs,stairs,,,
item_273,estufa,word,furniture_rooms,produces,estufa,stove,stove,,,
item_274,horno,word,furniture_rooms,produces,horno,oven,oven,,,
item_275,lavabo,word,furniture_rooms,produces,lavabo,sink,sink,,,
item_276,lavadora,word,furniture_rooms,produces,lavadora,,washing machine,,,
item_277,librero,word,furniture_rooms,produces,librero,,bookcase,,,
item_278,mesa,word,furniture_rooms,produces,mesa,table,table top,,,
item_279,mueble,word,furniture_rooms,produces,mueble,,piece of furniture,,,
item_280,patio1,word,furniture_rooms,produces,patio,,patio,,,
item_281,puerta,word,furniture_rooms,produces,puerta,door,gate,,,
item_282,recamara,word,furniture_rooms,produces,recámara,bedroom,bedroom,,,
item_283,refrgrdr,word,furniture_rooms,produces,refrigerador,refrigerator,refrigerator,,,
item_284,regadera,word,furniture_rooms,produces,regadera/ducha,shower,watering can,,,
item_285,ropero,word,furniture_rooms,produces,ropero/closet,closet,closet,,,
item_286,sala,word,furniture_rooms,produces,sala,living room,living room,,,
item_287,secadora,word,furniture_rooms,produces,secadora,,tumble dryer,,,
item_288,silla,word,furniture_rooms,produces,silla,chair,chair,,,
item_289,sillon,word,furniture_rooms,produces,sillón,,lounge chair,,,
item_290,sofa,word,furniture_rooms,produces,sofá,couch,sofa,,,
item_291,televisn,word,furniture_rooms,produces,televisión,tv,television,,,
item_292,tina,word,furniture_rooms,produces,tina,bathtub,tub,,,
item_293,ventana,word,furniture_rooms,produces,ventana,window,window,,,
item_294,albrpisc,word,outside,produces,alberca/piscina,pool,pool,,,
item_295,arbol,word,outside,produces,árbol,tree,tree,,,
item_296,bandera,word,outside,produces,bandera,,flag,,,
item_297,cielo,word,outside,produces,cielo,sky,sky,,,
item_298,coldera,word,outside,produces,coladera,,drain,,,
item_299,columpio,word,outside,produces,columpio,swing (object),swing,,,
item_300,estrella,word,outside,produces,estrella,star,star,,,
item_301,flor,word,outside,produces,flor,flower,flower,,,
item_302,fuego,word,outside,produces,fuego,,fire,,,
item_303,hojas,word,outside,produces,hojas,,leaves,,,
item_304,lena,word,outside,produces,leña,,firewood,,,
item_305,luna,word,outside,produces,luna,moon,moon,,,
item_306,lluvia,word,outside,produces,lluvia,rain,rain,,,
item_307,maceta,word,outside,produces,maceta,,flower pot,,,
item_308,manguera,word,outside,produces,manguera,,hose,,,
item_309,muncniev,word,outside,produces,muñeco de nieve,,snowman,,,
item_310,nieve,word,outside,produces,nieve,snow,snow,,,
item_311,nube,word,outside,produces,nube,cloud,cloud,,,
item_312,pala,word,outside,produces,pala,,shovel,,,
item_313,palo,word,outside,produces,palo,,stick,,,
item_314,pasto,word,outside,produces,pasto,,grass,,,
item_315,piedra,word,outside,produces,piedra,rock (object),stone,,,
item_316,planta,word,outside,produces,planta,plant,plant,,,
item_317,reja,word,outside,produces,reja,,grill,,,
item_318,resbadla,word,outside,produces,resbaladilla,slide (object),slide,,,
item_319,sol,word,outside,produces,sol,sun,sun,,,
item_320,tanque,word,outside,produces,tanque,,tank,,,
item_321,techo,word,outside,produces,techo,roof,ceiling,,,
item_322,tierra,word,outside,produces,tierra,,earth,,,
item_323,timbre,word,outside,produces,timbre,,doorbell,,,
item_324,vientair,word,outside,produces,viento/aire,,wind,,,
item_325,banco2,word,places,produces,banco,,bank,,,
item_326,bosque,word,places,produces,bosque,,forest,,,
item_327,calle,word,places,produces,calle,,street,,,
item_328,campo,word,places,produces,campo,,field,,,
item_329,casa,word,places,produces,casa,,home,,,
item_330,cerro,word,places,produces,cerro,,hill,,,
item_331,cine,word,places,produces,cine,,movie theater,,,
item_332,circo,word,places,produces,circo,,circus,,,
item_333,escuela,word,places,produces,escuela,,school,,,
item_334,fabrica,word,places,produces,fábrica,,factory,,,
item_335,fiesta,word,places,produces,fiesta,,party,,,
item_336,hospitl,word,places,produces,hospital/clínica,,hospital,,,
item_337,iglstmpl,word,places,produces,iglesia/templo,,church,,,
item_338,jardin,word,places,produces,jardín,,garden,,,
item_339,oficina,word,places,produces,oficina,,office,,,
item_340,parque,word,places,produces,parque,,park,,,
item_341,patio2,word,places,produces,patio,,playground,,,
item_342,playa,word,places,produces,playa,,beach,,,
item_343,rancho,word,places,produces,rancho,,ranch,,,
item_344,rio,word,places,produces,río,,river,,,
item_345,tienmerc,word,places,produces,tienda/mercado,,market,,,
item_346,zoologic,word,places,produces,zoológico,,zoo,,,
item_347,abuela,word,people,produces,abuela*,grandma,grandmother,,,
item_348,abuelo,word,people,produces,abuelo*,grandpa,grandfather,,,
item_349,amiga,word,people,produces,amiga*,,female friend,,,
item_350,amigo,word,people,produces,amigo*,,male friend,,,
item_351,bebe,word,people,produces,bebé,baby,baby,,,
item_352,cura,word,people,produces,cura*,,cure,,,
item_353,doctor,word,people,produces,doctor,,doctor,,,
item_354,enfermer,word,people,produces,enfermera,,nurse,,,
item_355,familia,word,people,produces,familia,family,family,,,
item_356,hermana,word,people,produces,hermana*,sister,sister,,,
item_357,hermano,word,people,produces,hermano*,brother,brother,,,
item_358,madrina,word,people,produces,madrina*,godmother,godmother,,,
item_359,maestra,word,people,produces,maestra*,teacher,teacher,,,
item_360,mama,word,people,produces,mamá*,mommy,mommy,,,
item_361,nana,word,people,produces,nana*,babysitter,babysitter,,,
item_362,nina,word,people,produces,niña,girl,girl,,,
item_363,nino,word,people,produces,niño,boy,boy,,,
item_364,padrino,word,people,produces,padrino*,godfather,godfather,,,
item_365,papa,word,people,produces,papá*,daddy,daddy,,,
item_366,payaso,word,people,produces,payaso,,clown,,,
item_367,persona,word,people,produces,persona,person,person,,,
item_368,policia,word,people,produces,policía,police,police,,,
item_369,prima,word,people,produces,prima*,,female cousin,,,
item_370,primo,word,people,produces,primo*,,male cousin,,,
item_371,senor,word,people,produces,señor,man,man,,,
item_372,senora,word,people,produces,señora,woman,woman,,,
item_373,tia,word,people,produces,tía*,aunt,aunt,,,
item_374,tio,word,people,produces,tío*,uncle,uncle,,,
item_375,nombrnin,word,people,produces,(nombre del niño/a),child's own name,child's own name,,,
item_376,aver,word,games_routines,produces,a ver...,,let's see,,,
item_377,acerrin,word,games_routines,produces,acerrín,kid's song,sawdust (game),,,
item_378,adiosbye,word,games_routines,produces,adíos/byebye,bye,bye bye,,,
item_379,ahitevoy,word,games_routines,produces,ahí te voy,,I'm going there,,,
item_380,alagapat,word,games_routines,produces,al agua patos...,,ducks to water,,,
item_381,besitos,word,games_routines,produces,besitos,kiss,little kisses,,,
item_382,bravo,word,games_routines,produces,bravo,,brave,,,
item_383,buennoch,word,games_routines,produces,buenas noches,good night,good night,,,
item_384,buendias,word,games_routines,produces,buenos días,good morning,good day,,,
item_385,cosqlits,word,games_routines,produces,cosquillitas,tickle,tickles,,,
item_386,gracias,word,games_routines,produces,gracias,thank you,thank you,,,
item_387,hola,word,games_routines,produces,hola,hi,hi,,,
item_388,manosarb,word,games_routines,produces,manos arriba,hands up,hands up,,,
item_389,ojitos,word,games_routines,produces,ojitos,look at me,eyes,,,
item_390,okay,word,games_routines,produces,okay/ok/okai,,okay,,,
item_391,ponetata,word,games_routines,produces,pon pon tata,,Pon pon tata (song),,,
item_392,porfavor,word,games_routines,produces,por favor,please,please,,,
item_393,salud,word,games_routines,produces,salud,bless you,bless you,,,
item_394,shhh,word,games_routines,produces,shhh,shh,shhh,,,
item_395,siesta,word,games_routines,produces,siesta,,nap,,,
item_396,tevypagr,word,games_routines,produces,te voy a pegar...,,I'm going to hit you,,,
item_397,tengmant,word,games_routines,produces,tengo manita,have hands,I have a little hand (song),,,
item_398,tortlita,word,games_routines,produces,tortillitas,pattycake,Tortillitas for Mommy (song),,,
item_399,unodstrs,word,games_routines,produces,uno dos tres...,one two three,one two three,,,
item_400,vamonos,word,games_routines,produces,vámonos,,let's go,,,
item_401,abrir,word,action_words,produces,abrir,open (action),to open,,,
item_402,acabarse,word,action_words,produces,acabar,finish,to finish,,,
item_403,acompnar,word,action_words,produces,acompañar,,to join,,,
item_404,acostar,word,action_words,produces,acostar(se),,lay down,,,
item_405,agarrar,word,action_words,produces,agarrar,,to grab,,,
item_406,almorzar,word,action_words,produces,almorzar,,to launch,,,
item_407,amararse,word,action_words,produces,amarrar(se),,to tie up,,,
item_408,andar,word,action_words,produces,andar,,walk,,,
item_409,apagar,word,action_words,produces,apagar,turn off,to turn off,,,
item_410,apurar,word,action_words,produces,apurar(se),hurry,hurry,,,
item_411,arreglar,word,action_words,produces,arreglar(se),,to fix,,,
item_412,asustar,word,action_words,produces,asustar(se),,to frighten,,,
item_413,aventar,word,action_words,produces,aventar,throw,to blow,,,
item_414,ayudar,word,action_words,produces,ayudar,help,to help,,,
item_415,bailar,word,action_words,produces,bailar,dance,to dance,,,
item_416,bajarse,word,action_words,produces,bajar(se),,to come down,,,
item_417,barrer,word,action_words,produces,barrer,,to sweep,,,
item_418,besar,word,action_words,produces,besar,,to kiss,,,
item_419,brincar,word,action_words,produces,brincar,jump,to hop,,,
item_420,buscar,word,action_words,produces,buscar,,search for,,,
item_421,caber,word,action_words,produces,caber,,to fit,,,
item_422,caer,word,action_words,produces,caer(se),fall,to fall,,,
item_423,callarse,word,action_words,produces,callar(se),,shut up,,,
item_424,caminar,word,action_words,produces,caminar,walk,walk,,,
item_425,cantar,word,action_words,produces,cantar,sing,to sing,,,
item_426,cargar,word,action_words,produces,cargar,,to load,,,
item_427,cenar,word,action_words,produces,cenar,eat dinner,to have dinner,,,
item_428,cerrar,word,action_words,produces,cerrar,close,to close,,,
item_429,cocinar,word,action_words,produces,cocinar,,to cook,,,
item_430,comer,word,action_words,produces,comer(se),eat,to eat,,,
item_431,comprar,word,action_words,produces,comprar,,to purchase,,,
item_432,correr,word,action_words,produces,correr,run,run,,,
item_433,cortar,word,action_words,produces,cortar,,to cut,,,
item_434,dar,word,action_words,produces,dar,give,to give,,,
item_435,decir,word,action_words,produces,decir,say,to say,,,
item_436,desyunar,word,action_words,produces,desayunar,eat breakfast,to have breakfast,,,
item_437,dibujar,word,action_words,produces,dibujar,draw,to draw,,,
item_438,doler,word,action_words,produces,doler,hurt (action),hurt,,,
item_439,dormir,word,action_words,produces,dormir(se),sleep,to sleep,,,
item_440,empujar,word,action_words,produces,empujar,push,push,,,
item_441,encontra,word,action_words,produces,encontrar,,to find,,,
item_442,ensenar,word,action_words,produces,enseñar,show,to teach,,,
item_443,entrar,word,action_words,produces,entrar,,to enter,,,
item_444,equvcar,word,action_words,produces,equivocar(se),,to make a mistake,,,
item_445,esconder,word,action_words,produces,esconder(se),,to hide,,,
item_446,escribir,word,action_words,produces,escribir,write,to write,,,
item_447,escuchar,word,action_words,produces,escuchar,,to listen,,,
item_448,esperar,word,action_words,produces,esperar(se),wait,to expect,,,
item_449,ganar,word,action_words,produces,ganar,,to win,,,
item_450,gritar,word,action_words,produces,gritar,,shout,,,
item_451,gustar,word,action_words,produces,gustar,,to like,,,
item_452,hacer,word,action_words,produces,hacer,,to do,,,
item_453,ir,word,action_words,produces,ir(se),go,go to,,,
item_454,jalar,word,action_words,produces,jalar,,pull,,,
item_455,jugar,word,action_words,produces,jugar,play,to play,,,
item_456,juntar,word,action_words,produces,juntar,,put together,,,
item_457,lastimar,word,action_words,produces,lastimar(se),,to hurt,,,
item_458,lavar,word,action_words,produces,lavar(se),wash,wash,,,
item_459,leer,word,action_words,produces,leer,read,read,,,
item_460,levntar,word,action_words,produces,levantar(se),,lift,,,
item_461,llevar,word,action_words,produces,llevar(se),take,carry,,,
item_462,llorar,word,action_words,produces,llorar,cry,mourn,,,
item_463,llover,word,action_words,produces,llover,,to rain,,,
item_464,meterse,word,action_words,produces,meter(se),put,get into,,,
item_465,mirar,word,action_words,produces,mirar,look,to see,,,
item_466,morder,word,action_words,produces,morder,bite,to bite,,,
item_467,nadar,word,action_words,produces,nadar,,to swim,,,
item_468,oir,word,action_words,produces,oír,,hear,,,
item_469,parar,word,action_words,produces,parar(se),stop,to stop,,,
item_470,patear,word,action_words,produces,patear,,to kick,,,
item_471,patinar,word,action_words,produces,patinar,,to skate,,,
item_472,pegar,word,action_words,produces,pegar(se),hit,to hit,,,
item_473,peinarse,word,action_words,produces,peinar(se),comb (action),to comb,,,
item_474,pensar,word,action_words,produces,pensar,,to think,,,
item_475,perder,word,action_words,produces,perder,,to waste,,,
item_476,pintar,word,action_words,produces,pintar,paint (action),to paint,,,
item_477,platicar,word,action_words,produces,platicar,,talk,,,
item_478,poder,word,action_words,produces,poder,can (auxiliary),be able to,,,
item_479,poner,word,action_words,produces,poner(se),put,put on,,,
item_480,prender,word,action_words,produces,prender,turn on,switch on,,,
item_481,quedar,word,action_words,produces,quedar(se),,stay,,,
item_482,quemar,word,action_words,produces,quemar(se),,burn down,,,
item_483,querer,word,action_words,produces,querer,wanna,want to,,,
item_484,quitarse,word,action_words,produces,quitar(se),,take off,,,
item_485,regalar,word,action_words,produces,regalar,,give away,,,
item_486,romper,word,action_words,produces,romper,break,to break,,,
item_487,saber,word,action_words,produces,saber,,to know,,,
item_488,sacar,word,action_words,produces,sacar,take out,put off,,,
item_489,salir,word,action_words,produces,salir(se),,going out,,,
item_490,saltar,word,action_words,produces,saltar,,to jump,,,
item_491,saludar,word,action_words,produces,saludar,,to greet,,,
item_492,sentar,word,action_words,produces,sentar(se),sit,sit,,,
item_493,soplar,word,action_words,produces,soplar,blow,to blow,,,
item_494,subir,word,action_words,produces,subir(se),climb,to go up,,,
item_495,tapar,word,action_words,produces,tapar,,to cover,,,
item_496,tener,word,action_words,produces,tener,have,to have,,,
item_497,terminar,word,action_words,produces,terminar,,to finish,,,
item_498,tirar,word,action_words,produces,tirar,throw,to throw,,,
item_499,tocar,word,action_words,produces,tocar,touch,to touch,,,
item_500,tomar,word,action_words,produces,tomar(se),take,to take,,,
item_501,traer,word,action_words,produces,traer(se),,to bring,,,
item_502,venir,word,action_words,produces,venir(se),,to come,,,
item_503,ver,word,action_words,produces,ver(se),see,to see,,,
item_504,estar,word,states,produces,estar,be,be,,,
item_505,habrhay,word,states,produces,haber (hay),,have,,,
item_506,ser,word,states,produces,ser,be,to be,,,
item_507,alto,word,descriptive_words,produces,alto,,high up,,,
item_508,amarillo,word,descriptive_words,produces,amarillo,yellow,yellow,,,
item_509,azul,word,descriptive_words,produces,azul,blue,blue,,,
item_510,blanco,word,descriptive_words,produces,blanco,,white,,,
item_511,bonita,word,descriptive_words,produces,bonita,pretty,pretty,,,
item_512,bueno,word,descriptive_words,produces,bueno,,okay,,,
item_513,caliente,word,descriptive_words,produces,caliente,hot,hot,,,
item_514,cansado,word,descriptive_words,produces,cansado,tired,tired,,,
item_515,chaparo,word,descriptive_words,produces,chaparro,,little one,,,
item_516,chico,word,descriptive_words,produces,chico,little (description),boy,,,
item_517,chulo,word,descriptive_words,produces,chulo,,cute,,,
item_518,descompu,word,descriptive_words,produces,descompuesto,,out-of-order,,,
item_519,despiert,word,descriptive_words,produces,despierto,,awake,,,
item_520,difernte,word,descriptive_words,produces,diferente,different,different,,,
item_521,dificil,word,descriptive_words,produces,difícil,hard,difficult,,,
item_522,duro,word,descriptive_words,produces,duro,,hard,,,
item_523,enfermo,word,descriptive_words,produces,enfermo,sick,sick,,,
item_524,enojado,word,descriptive_words,produces,enojado,angry,angry,,,
item_525,feliz,word,descriptive_words,produces,feliz,,happy,,,
item_526,feo,word,descriptive_words,produces,feo,ugly,ugly,,,
item_527,flaco,word,descriptive_words,produces,flaco,,skinny,,,
item_528,frio,word,descriptive_words,produces,frío,cold,cold,,,
item_529,fuchi,word,descriptive_words,produces,fuchi,yucky,yucky,,,
item_530,fuerte,word,descriptive_words,produces,fuerte,,strong,,,
item_531,gordo,word,descriptive_words,produces,gordo,,fat,,,
item_532,grande,word,descriptive_words,produces,grande,big,great,,,
item_533,guapo,word,descriptive_words,produces,guapo,cute,handsome,,,
item_534,hambre,word,descriptive_words,produces,hambre,hungry,hunger,,,
item_535,igual,word,descriptive_words,produces,igual,same,equal,,,
item_536,largo,word,descriptive_words,produces,largo,,long,,,
item_537,lento,word,descriptive_words,produces,lento,,slow,,,
item_538,limpio,word,descriptive_words,produces,limpio,clean (description),clean,,,
item_539,linda,word,descriptive_words,produces,linda,,cute,,,
item_540,lleno,word,descriptive_words,produces,lleno,full,full,,,
item_541,malo,word,descriptive_words,produces,malo,bad,bad,,,
item_542,mejor,word,descriptive_words,produces,mejor,,better off,,,
item_543,miedsust,word,descriptive_words,produces,miedo/susto,scared,scared,,,
item_544,mojado,word,descriptive_words,produces,mojado,,wet,,,
item_545,morado,word,descriptive_words,produces,morado,,purple,,,
item_546,negro,word,descriptive_words,produces,negro,,black,,,
item_547,nuevo,word,descriptive_words,produces,nuevo,new,new,,,
item_548,oscuro,word,descriptive_words,produces,oscuro,dark,dark,,,
item_549,pegajoso,word,descriptive_words,produces,pegajoso,,sticky,,,
item_550,pelgrso,word,descriptive_words,produces,peligroso,,dangerous,,,
item_551,pesado,word,descriptive_words,produces,pesado,heavy,heavy,,,
item_552,pobre,word,descriptive_words,produces,pobre,,poor,,,
item_553,primero,word,descriptive_words,produces,primero,,at first,,,
item_554,rapido1,word,descriptive_words,produces,rápido,,fast,,,
item_555,rojo,word,descriptive_words,produces,rojo,red,red,,,
item_556,rosa,word,descriptive_words,produces,rosa,,pink,,,
item_557,roto,word,descriptive_words,produces,roto,broken,broken,,,
item_558,ruidoso,word,descriptive_words,produces,ruidoso,,noisy,,,
item_559,seco,word,descriptive_words,produces,seco,,dry,,,
item_560,suave,word,descriptive_words,produces,suave,soft,soft,,,
item_561,sucio,word,descriptive_words,produces,sucio,dirty,dirty,,,
item_562,tonto,word,descriptive_words,produces,tonto,,silly,,,
item_563,tranquil,word,descriptive_words,produces,tranquilo,,quiet,,,
item_564,travieso,word,descriptive_words,produces,travieso,,naughty,,,
item_565,triste,word,descriptive_words,produces,triste,sad,sad,,,
item_566,ultimo,word,descriptive_words,produces,último,,last one,,,
item_567,vacio,word,descriptive_words,produces,vacío,empty,empty,,,
item_568,verde,word,descriptive_words,produces,verde,green,green,,,
item_569,viejo,word,descriptive_words,produces,viejo,old,old,,,
item_570,ahorita,word,time_words,produces,ahorita/ahora,now,right now,,,
item_571,alrato,word,time_words,produces,al rato,,later,,,
item_572,antes,word,time_words,produces,antes,,before,,,
item_573,ayer,word,time_words,produces,ayer,yesterday,yesterday,,,
item_574,despues,word,time_words,produces,después,after,after,,,
item_575,dia,word,time_words,produces,día,day,day,,,
item_576,enlamana,word,time_words,produces,en la mañana,,in the morning,,,
item_577,enlanoch,word,time_words,produces,en la noche,,at night,,,
item_578,enlatard,word,time_words,produces,en la tarde,,in the afternoon,,,
item_579,hoy,word,time_words,produces,hoy,today,today,,,
item_580,manana,word,time_words,produces,mañana,tomorrow,tomorrow,,,
item_581,noche,word,time_words,produces,noche,night,night,,,
item_582,aquel,word,pronouns,produces,aquel,that,that,,,
item_583,aquela,word,pronouns,produces,aquella,that,that,,,
item_584,aquelas,word,pronouns,produces,aquellas,,those,,,
item_585,aquelos,word,pronouns,produces,aquellos,,those,,,
item_586,el1,word,pronouns,produces,él,he,he,,,
item_587,ella,word,pronouns,produces,ella,her,she,,,
item_588,ellas,word,pronouns,produces,ellas,they,they,,,
item_589,ellos,word,pronouns,produces,ellos,they,they,,,
item_590,esa,word,pronouns,produces,esa,that,that,,,
item_591,esas,word,pronouns,produces,esas,those,those,,,
item_592,ese,word,pronouns,produces,ese,that,that,,,
item_593,eso,word,pronouns,produces,eso,that,that,,,
item_594,esos,word,pronouns,produces,esos,those,those,,,
item_595,esta,word,pronouns,produces,ésta,this,this,,,
item_596,estas,word,pronouns,produces,éstas,these,these,,,
item_597,este,word,pronouns,produces,éste,this,this,,,
item_598,esto,word,pronouns,produces,esto,this,this,,,
item_599,estos,word,pronouns,produces,éstos,these,these,,,
item_600,prole,word,pronouns,produces,le,it,you,,,
item_601,les,word,pronouns,produces,les,them,them,,,
item_602,lo,word,pronouns,produces,lo,him,the,,,
item_603,me,word,pronouns,produces,me,me,me,,,
item_604,mi,word,pronouns,produces,mi,,my,,,
item_605,mia,word,pronouns,produces,mía,mine,mine,,,
item_606,mias,word,pronouns,produces,mías,mine,mine,,,
item_607,mio,word,pronouns,produces,mío,mine,mine,,,
item_608,mios,word,pronouns,produces,míos,mine,mine,,,
item_609,nosotros,word,pronouns,produces,nosotros,,we,,,
item_610,nuestro,word,pronouns,produces,nuestro,,our,,,
item_611,se,word,pronouns,produces,se,self,self,,,
item_612,su,word,pronouns,produces,su,his,his,,,
item_613,suya,word,pronouns,produces,suya,,yours,,,
item_614,suyas,word,pronouns,produces,suyas,,theirs,,,
item_615,suyo,word,pronouns,produces,suyo,,yours,,,
item_616,suyos,word,pronouns,produces,suyos,,yours,,,
item_617,te2,word,pronouns,produces,te,,you,,,
item_618,ti,word,pronouns,produces,ti,,you,,,
item_619,tu,word,pronouns,produces,tú,you,you,,,
item_620,tuya,word,pronouns,produces,tuya,your,yours,,,
item_621,tuyas,word,pronouns,produces,tuyas,your,yours,,,
item_622,tuyo,word,pronouns,produces,tuyo,your,yours,,,
item_623,tuyos,word,pronouns,produces,tuyos,your,yours,,,
item_624,yo,word,pronouns,produces,yo,i,I,,,
item_625,como,word,question_words,produces,cómo,how,as,,,
item_626,cual,word,question_words,produces,cuál,which (question),which,,,
item_627,cuando,word,question_words,produces,cuándo,,when,,,
item_628,donde,word,question_words,produces,dónde,where (question),where,,,
item_629,porque,word,question_words,produces,por qué,why,why,,,
item_630,que1,word,question_words,produces,qué,what,what,,,
item_631,quien,word,question_words,produces,quién,who,who,,,
item_632,a,word,prepositions,produces,a,,to,,,
item_633,con,word,prepositions,produces,con,,with,,,
item_634,de,word,prepositions,produces,de,,of,,,
item_635,el2,word,prepositions,produces,el,,the,,,
item_636,en,word,prepositions,produces,en,,in,,,
item_637,entre,word,prepositions,produces,entre,,in between,,,
item_638,la,word,prepositions,produces,la,,the,,,
item_639,las,word,prepositions,produces,las,,the,,,
item_640,los,word,prepositions,produces,los,,the,,,
item_641,para,word,prepositions,produces,para,,for,,,
item_642,pero,word,prepositions,produces,pero,,but,,,
item_643,un,word,prepositions,produces,un,,a,,,
item_644,una,word,prepositions,produces,una,,a,,,
item_645,unas,word,prepositions,produces,unas,,some,,,
item_646,unos,word,prepositions,produces,unos,,some,,,
item_647,asi,word,quantifiers,produces,así,,so,,,
item_648,bien,word,quantifiers,produces,bien,,all right,,,
item_649,despacio,word,quantifiers,produces,despacio,,slowly,,,
item_650,mal,word,quantifiers,produces,mal,,wrong,,,
item_651,mas,word,quantifiers,produces,más,more,more,,,
item_652,mucho,word,quantifiers,produces,mucho,a lot,a lot,,,
item_653,nada,word,quantifiers,produces,nada,nothing,nothing,,,
item_654,no,word,quantifiers,produces,no,,do not,,,
item_655,nohay,word,quantifiers,produces,no hay,none,there is no,,,
item_656,otravez,word,quantifiers,produces,otro/otra vez,again,again,,,
item_657,pocquito,word,quantifiers,produces,poco/poquito,,a little bit,,,
item_658,rapido2,word,quantifiers,produces,rápido,,quickly,,,
item_659,si,word,quantifiers,produces,sí,,yes,,,
item_660,todo,word,quantifiers,produces,todo,all,all,,,
item_661,ya,word,quantifiers,produces,ya,already,already,,,
item_662,abajo,word,locations,produces,abajo,down,down below,,,
item_663,adentro,word,locations,produces,adentro,inside,in,,,
item_664,afuera,word,locations,produces,afuera,out,outside,,,
item_665,ahi,word,locations,produces,ahí,there,there,,,
item_666,alla,word,locations,produces,allá,,there,,,
item_667,alli,word,locations,produces,allí,,there,,,
item_668,aqui,word,locations,produces,aquí,here,here,,,
item_669,arriba,word,locations,produces,arriba,up,up,,,
item_670,atras,word,locations,produces,atrás,back (location),behind,,,
item_671,cerca,word,locations,produces,cerca,,near,,,
item_672,encima,word,locations,produces,encima,on,above,,,
item_673,enfrente,word,locations,produces,enfrente,,in front,,,
item_674,lejos,word,locations,produces,lejos,,far away,,,
item_675,entonces,word,connecting_words,produces,entonces,,then,,,
item_676,luego,word,connecting_words,produces,luego,,later,,,
item_677,o,word,connecting_words,produces,o,,or,,,
item_678,pues,word,connecting_words,produces,pues,,for,,,
item_679,que2,word,connecting_words,produces,que,,that,,,
item_680,y,word,connecting_words,produces,y,,and,,,
item_681,habpas,usage,how_use_words,not yet; sometimes; often,"¿Su hijo/a habla de las situaciones del pasado? Por ejemplo, si unos días antes fueron al circo y vieron un payaso, ¿lo menciona después?",,,,,
item_682,habnovel,usage,how_use_words,not yet; sometimes; often,"¿Su hijo/a habla sobre objetos que no están presentes? Por ejemplo, ¿pide un juguete favorito o un alimento o pregunta por una persona cuando no la puede ver?",,,,,
item_683,usefuture,usage,how_use_words,not yet; sometimes; often,"¿Su hijo/a habla de situaciones que van a suceder en el futuro? Por ejemplo, al ponerse el suéter, ¿dice que va a ir a los columpios o le platica a otra persona que va a ver a su abuelita?",,,,,
item_684,misscomp,usage,how_use_words,not yet; sometimes; often,"¿Su hijo/a entiende cuando le piden que traiga algo de otro cuarto? Por ejemplo, si le preguntan, “¿dónde está tu pelota?” ¿el niño/a va a buscarla a otro cuarto?",,,,,
item_685,dicenombre,usage,how_use_words,not yet; sometimes; often,"¿Al señalar o tomar un objeto, su hijo/a dice el nombre de la persona a la que pertenece aunque esa persona no esté presente? Por ejemplo, ¿encuentra los lentes de su papá y dice “papá”?",,,,,
item_686,pracabo,word_forms,word_forms_prese,produces,acab__o__,,(I) end (present),word_forms_prese,,
item_687,pracabas,word_forms,word_forms_prese,produces,acab__as__,,(you) end (present),word_forms_prese,,
item_688,pracaba,word_forms,word_forms_prese,produces,acab__a__,,(he) ends (present),word_forms_prese,,
item_689,pracabms,word_forms,word_forms_prese,produces,acab__amos__,,(we) end (present),word_forms_prese,,
item_690,prcomo,word_forms,word_forms_prese,produces,com__o__,,(I) eat (present),word_forms_prese,,
item_691,prcomes,word_forms,word_forms_prese,produces,com__es__,,(you) eat (present),word_forms_prese,,
item_692,prcome,word_forms,word_forms_prese,produces,com__e__,,(he) eats (present),word_forms_prese,,
item_693,prcomems,word_forms,word_forms_prese,produces,com__emos__,,(we) eat (present),word_forms_prese,,
item_694,prsubo,word_forms,word_forms_prese,produces,sub__o__,,(I) rise (present),word_forms_prese,,
item_695,prsubes,word_forms,word_forms_prese,produces,sub__es__,,(you) rise (present),word_forms_prese,,
item_696,prsube,word_forms,word_forms_prese,produces,sub__e__,,(he) rises (present),word_forms_prese,,
item_697,prsubims,word_forms,word_forms_prese,produces,sub__imos__,,(we) rise (present),word_forms_prese,,
item_698,paacabe,word_forms,word_forms_suced,produces,acab__é__,,(I) ended (past),word_forms_suced,,
item_699,paacabo,word_forms,word_forms_suced,produces,acab__ó__,,(he) ended (past),word_forms_suced,,
item_700,pacomi,word_forms,word_forms_suced,produces,com__í__,,(I) ate (past),word_forms_suced,,
item_701,pacomio,word_forms,word_forms_suced,produces,com__ió__,,(he) ate (past),word_forms_suced,,
item_702,pasubi,word_forms,word_forms_suced,produces,sub__í__,,(I) rose (past),word_forms_suced,,
item_703,pasubio,word_forms,word_forms_suced,produces,sub__ió__,,(he) rose (past),word_forms_suced,,
item_704,iacaba,word_forms,word_forms_orden,produces,acab__a__,,finish (imperative),word_forms_orden,,
item_705,iacabate,word_forms,word_forms_orden,produces,acáb__ate__ (la leche),,finish your (imperative),word_forms_orden,,
item_706,icome,word_forms,word_forms_orden,produces,com__e__,,eat (imperative),word_forms_orden,,
item_707,icomete,word_forms,word_forms_orden,produces,cóm__ete__ (la carne),,eat your (imperative),word_forms_orden,,
item_708,isube,word_forms,word_forms_orden,produces,sub__e__,,rise (imperative),word_forms_orden,,
item_709,isubete,word_forms,word_forms_orden,produces,súb__ete__,,rise (imperative),word_forms_orden,,
item_710,scombine,combine,combine,not yet; sometimes; often,"¿Su hijo/a ya empezó a combinar palabras, como “papá coche” o “más agua”?",,,,,
item_example1,combination_example1,combination_examples,combination_examples,,,,,combination_example1,Item_709,sometimes; often
item_example2,combination_example2,combination_examples,combination_examples,,,,,combination_example2,Item_709,sometimes; often
item_example3,combination_example3,combination_examples,combination_examples,,,,,combination_example3,Item_709,sometimes; often
item_711,cmplx01,complexity,complexity,simple; complex,nene quiere \ quiero paleta,,baby wants / I want lollipop,,Item_709,sometimes; often
item_712,cmplx02,complexity,complexity,simple; complex,tuyo esto \ este es tuyo,,yours this / this is yours,,Item_709,sometimes; often
item_713,cmplx03,complexity,complexity,simple; complex,Tito malo \ soy malo,,Tito bad / I'm bad,,Item_709,sometimes; often
item_714,cmplx04,complexity,complexity,simple; complex,Pepe uvas \ quiero uvas,,Pepe grapes / I want grapes,,Item_709,sometimes; often
item_715,cmplx05,complexity,complexity,simple; complex,agua vamos \ vamos al agua,,water let / let the water,,Item_709,sometimes; often
item_716,cmplx06,complexity,complexity,simple; complex,a silla \ en la silla,,to chair / in the chair,,Item_709,sometimes; often
item_717,cmplx07,complexity,complexity,simple; complex,pollo no \ no quiero pollo,,chicken not / I do not want chicken,,Item_709,sometimes; often
item_718,cmplx08,complexity,complexity,simple; complex,Paloma llorando \ Paloma está llorando,,Paloma crying / Paloma is crying,,Item_709,sometimes; often
item_719,cmplx09,complexity,complexity,simple; complex,mío lápiz \ éste es mi lápiz,,my pen / this is my pen,,Item_709,sometimes; often
item_720,cmplx10,complexity,complexity,simple; complex,más leche \ dame más leche,,more milk / gimme more milk,,Item_709,sometimes; often
item_721,cmplx11,complexity,complexity,simple; complex,papo mami \ el zapato es de mami,,shoe Mommy / the shoe is Mommy's,,Item_709,sometimes; often
item_722,cmplx12,complexity,complexity,simple; complex,no aquí \ ése no está aquí,,not here / that is not here,,Item_709,sometimes; often
item_723,cmplx13,complexity,complexity,simple; complex,rompió globo \ se rompió el globo,,broke balloon / the balloon broke,,Item_709,sometimes; often
item_724,cmplx14,complexity,complexity,simple; complex,leche caliente \ la leche está caliente,,hot milk / milk is hot,,Item_709,sometimes; often
item_725,cmplx15,complexity,complexity,simple; complex,duele panza \ me duele la panza,,hurt tummy / my tummy hurts,,Item_709,sometimes; often
item_726,cmplx16,complexity,complexity,simple; complex,guaguá grande \ tengo un perro grande,,Woof woof big / I have a big dog,,Item_709,sometimes; often
item_727,cmplx17,complexity,complexity,simple; complex,calle allá está \ allá está la calle,,Street there is / there is the street,,Item_709,sometimes; often
item_728,cmplx18,complexity,complexity,simple; complex,puse a mano \ lo puse en mi mano,,I put hand / I put it in my hand,,Item_709,sometimes; often
item_729,cmplx19,complexity,complexity,simple; complex,acabó agua \ se me acabó el agua,,finished water / I ran out of water,,Item_709,sometimes; often
item_730,cmplx20,complexity,complexity,simple; complex,fue casa \ se fue a su casa,,went home / he went home,,Item_709,sometimes; often
item_731,cmplx21,complexity,complexity,simple; complex,silla subir \ me quiero subir a la silla,,chair up / I want to climb the chair,,Item_709,sometimes; often
item_732,cmplx22,complexity,complexity,simple; complex,Marta papá \ quiero ir con papá,,Dad go / want to go with dad,,Item_709,sometimes; often
item_733,cmplx23,complexity,complexity,simple; complex,bravo Tello circo \ dije bravo en el circo,,bravo said circus / I said bravo at the circus,,Item_709,sometimes; often
item_734,cmplx24,complexity,complexity,simple; complex,papá calle \ papá se fue a trabajar,,Street Dad / Dad went to work,,Item_709,sometimes; often
item_735,cmplx25,complexity,complexity,simple; complex,ya puse \ ya se lo puse,,I already put / and I put it,,Item_709,sometimes; often
item_736,cmplx26,complexity,complexity,simple; complex,Chalo osito coche \ Chalo dejó el osito en el coche,,Chalo teddy bear car / Chalo left the teddy bear in the car,,Item_709,sometimes; often
item_737,cmplx27,complexity,complexity,simple; complex,lápiz dibujar \ dibujo con el lápiz,,pencil drawing / drawing with pencil,,Item_709,sometimes; often
item_738,cmplx28,complexity,complexity,simple; complex,ya pinté \ ya acabé de pintar,,and I painted / and I finished painting,,Item_709,sometimes; often
item_739,cmplx29,complexity,complexity,simple; complex,nene rompió bici Danny \ el niño rompió la bici de Danny,,baby broke Danny bike / the boy broke Danny's bike,,Item_709,sometimes; often
item_740,cmplx30,complexity,complexity,simple; complex,pone no \ no lo pongas,,puts no / do not put,,Item_709,sometimes; often
item_741,cmplx31,complexity,complexity,simple; complex,vamos comer papas carne \ vamos a comer papas y carne,,we eat potatoes meat / we eat potatoes and meat,,Item_709,sometimes; often
item_742,cmplx32,complexity,complexity,simple; complex,niño llora cayó \ el niño llora porque se cayó,,child cries fell / child cries because he fell,,Item_709,sometimes; often
item_743,cmplx33,complexity,complexity,simple; complex,mamá nene compra \ mamá y nene fueron a comprar,,mom baby buy / mom and baby went to buy,,Item_709,sometimes; often
item_744,cmplx34,complexity,complexity,simple; complex,abre dame galleta \ abre la caja y dame una galleta,,gimme cookie open / open the box and give me a cookie,,Item_709,sometimes; often
item_745,cmplx35,complexity,complexity,simple; complex,"no toca, quemas \ no lo toques porque te quemas",,not touch; burning / do not touch it because you burn,,Item_709,sometimes; often
item_746,cmplx36,complexity,complexity,simple; complex,quiero libro papá \ quiero el libra que compró papá,,l want Dad book / I want the book Dad bought,,Item_709,sometimes; often
item_747,cmplx37,complexity,complexity,simple; complex,pongo agua flores \ pongo agua para que crezcan las flores,,put water flowers / put water to grow flowers,,Item_709,sometimes; often
