{
    "parts": [
        {
            "id": 1,
            "title": "Vocabulary Checklist",
            "types": [
                {
                    "id": "word",
                    "sections": [
                        {
                            "id": "col_1",
                            "page": 1
                        },
                        {
                            "id": "col_2",
                            "page": 2
                        },
                        {
                            "id": "col_3",
                            "page": 3
                        },
                        {
                            "id": "col_4",
                            "page": 4
                        }
                    ],
                    "type": "checkbox",
                    "text": "Children understand many more words than they say. We are particularly interested in the words your child both understands and SAYS. Please mark the words you have heard your child SAY on his/her own. If your child doesn’t pronounce the word exactly right or uses a different word with the same meaning, mark it anyway."

                }
            ]
        },
        {
            "id": 2,
            "title": "",
            "types": [
                {
                    "id": "combine",
                    "type": "radiobutton",
                    "page": 5
                }
            ]
        }
    ]
}