discrimination,difficulty,guessing,upper_asymptote,definition
1.81001353464535,-1.9192150129628,0,1,a
2.67866066828283,-3.86855127192058,0,1,a lot
2.55510929320955,-5.64199804827635,0,1,about
2.25906559540861,-4.87369621726878,0,1,above
3.16011734913062,-4.7135353598455,0,1,after
2.53336667064221,1.05399932060464,0,1,airplane
1.98526114435923,-1.85585429900283,0,1,all
2.59240020409354,-1.8270266261785,0,1,alligator
2.47675732996855,-3.65219073883611,0,1,am
2.21037933735658,-5.41204380370867,0,1,an
2.64563488255985,-2.91324568130544,0,1,and
2.44484485059274,-1.16819027044251,0,1,animal
2.21873713151331,-3.43694898316812,0,1,ankle
2.3834537576442,-3.04823136588422,0,1,another
2.02775134649205,-1.16316164348069,0,1,ant
2.8754031386613,-4.58129471338835,0,1,any
2.58659049019999,2.21856213248595,0,1,apple
2.07359365680489,-1.39683620113906,0,1,applesauce
2.68692035058499,-4.28581359812189,0,1,are
3.38887376899285,0.113771584471592,0,1,arm
2.45745690400296,-3.86999631978434,0,1,around
2.54502439626966,-1.433458244199,0,1,asleep
2.25934799170053,-3.02648606321145,0,1,at
1.8182977387816,-1.38813076351609,0,1,aunt
3.05475104940369,-2.56794107244858,0,1,awake
2.37688990112345,-2.48734746825827,0,1,away
0.976130158970853,1.13128166694021,0,1,baa baa
1.92616717415323,2.68399610070074,0,1,baby
1.95592425913797,-3.88628509085182,0,1,babysitter
1.01997130096293,-0.59617700415347,0,1,babysitter's name
2.18857100547441,-1.87205824740303,0,1,back
2.31087370647079,-2.36002836987676,0,1,backyard
1.75646537473701,-1.10064699678526,0,1,bad
2.31503226025885,4.91125968471923,0,1,ball
2.16930934791155,2.17928773173326,0,1,balloon
1.85965825867801,2.32991901546248,0,1,banana
1.40913309198077,-3.26768216093193,0,1,basement
2.94743667518201,-1.98850306664859,0,1,basket
1.6651979820112,-1.32877992384892,0,1,bat
2.29799516752434,1.94971766336279,0,1,bath
3.56763677127893,-1.13937819087167,0,1,bathroom
2.37271184301693,-0.033193267549758,0,1,bathtub
2.08879660655635,-3.66173052424712,0,1,be
1.85953534833041,-1.79644059020584,0,1,beach
1.50038451110488,-2.10911842815348,0,1,beads
1.96036147357614,-1.01282382211584,0,1,beans
1.9963139809452,1.22605559084896,0,1,bear
2.14578743837123,-3.85094573758495,0,1,because
3.39401324858401,1.03870429318134,0,1,bed
3.28346380003408,-2.23705106625726,0,1,bedroom
1.91648550216629,0.420613698980513,0,1,bee
3.14359129145129,-6.05862172192014,0,1,before
3.02660000381566,-4.30341462950954,0,1,behind
2.12330683135697,0.707666025206836,0,1,belly button
2.09912893665389,-1.73835346570817,0,1,belt
2.91953175783352,-4.82684799652338,0,1,bench
2.28526158993345,-5.12045917182051,0,1,beside
2.76129241632504,-2.86363388719134,0,1,better
1.74729071767662,-0.555348582280448,0,1,bib
2.3641515114812,0.222303883625948,0,1,bicycle
3.09083821519467,-0.271483782623022,0,1,big
2.03237486267832,2.18737069193047,0,1,bird
2.25506736911133,-0.011866070056064,0,1,bite
2.3910463766859,-2.01102746836868,0,1,black
2.67549594906179,0.935960693666328,0,1,blanket
2.1040566801824,0.260994763454344,0,1,block
2.60431223628325,-1.06246150832255,0,1,blow
2.03238957086205,-0.368536779472512,0,1,blue
2.31504429306778,0.725524235760702,0,1,boat
2.39683576008649,3.08442578912834,0,1,book
1.96722179014994,-0.186437068662712,0,1,boots
2.64460106954633,-0.320830064731913,0,1,bowl
2.63447573825447,-0.11543925383539,0,1,box
2.3267655380605,-0.582840849881644,0,1,boy
2.78690778355274,0.231234837051084,0,1,bread
3.12160645685956,-1.80891715530306,0,1,break
2.87883394832696,-1.28356358484198,0,1,breakfast
2.95054970428733,-2.85213834427046,0,1,bring
2.94607645950855,-0.919122525556504,0,1,broken
2.22739041829435,-0.811373642217221,0,1,broom
1.09223668652857,-1.21088186239213,0,1,brother
2.30841089160449,-2.33380345407075,0,1,brown
2.5804834540033,0.050946769193825,0,1,brush
2.09951008019015,1.80412378603959,0,1,bubbles
2.66405980460658,-2.15410408464764,0,1,bucket
2.11720988630716,0.308752793591214,0,1,bug
3.32036429372093,-3.53494088917438,0,1,build
2.1459839026178,-1.69305071391738,0,1,bump
2.20334950147229,0.702598191297417,0,1,bunny
2.12756743758754,0.56352167984723,0,1,bus
2.25302832151658,-4.7653712394547,0,1,but
2.45600259939816,-1.2599967821953,0,1,butter
2.44296853362172,-0.063803523835741,0,1,buttocks/bottom*
2.27884241529949,-0.119062626245204,0,1,button
2.67966072053146,-3.04485706699303,0,1,buy
2.10591512265261,-3.07839618528325,0,1,by
1.48194430137517,3.20397510291648,0,1,bye
1.89175056806371,-0.636174234385391,0,1,call (on phone)
3.05142995760354,-2.21939998577847,0,1,camera
1.82948488550466,-3.84596518945955,0,1,camping
2.87292415076436,-3.27830780451414,0,1,can (auxiliary)
2.46574761662202,-2.66550503216488,0,1,can (object)
2.03556877398321,-0.179964280528867,0,1,candy
2.31137582873968,2.52337044866106,0,1,car
3.04136365191914,-2.54376150376776,0,1,careful
3.28295450237685,-2.35344575930486,0,1,carry
1.70000353041299,1.62920622106447,0,1,cat
2.95125363403536,-2.11463635451042,0,1,catch
2.43699560548363,0.017252378709478,0,1,cereal
3.40447253977011,0.905813482953384,0,1,chair
1.96757340808992,-2.07670080813658,0,1,chalk
2.53736378993154,-3.06677145432127,0,1,chase
2.44026108824025,-0.672349382771413,0,1,cheek
1.57775361718321,-0.463132855103808,0,1,cheerios
2.27067590103417,1.90673501512237,0,1,cheese
2.56161372975038,-0.42245413293837,0,1,chicken (animal)
2.75962959696564,-0.367580364227534,0,1,chicken (food)
2.25782730804819,-4.22459799254114,0,1,child
1.95809578528899,0.956677602138903,0,1,child's own name
2.55131808296959,-0.987439785618998,0,1,chin
2.49149063339766,-1.55030484635013,0,1,chocolate
1.48112492605234,0.968099300256901,0,1,choo choo
2.07105148806698,-3.92466708185916,0,1,circus
2.49497991558382,-0.84576859553798,0,1,clap
3.31656503276486,-1.4495071058783,0,1,clean (action)
3.41053161953807,-1.30556382423757,0,1,clean (description)
3.63854251727901,-2.7200157347576,0,1,climb
1.96906339157948,-0.322923263507148,0,1,clock
2.74081001483828,-1.36175737600131,0,1,close
3.80812941569762,-3.23527672202212,0,1,closet
2.58255977591309,-1.79533197532437,0,1,cloud
2.05084176063524,-2.19546941586728,0,1,clown
2.05035189597332,-0.242827422432347,0,1,coat
1.3081555005022,-0.799605452152673,0,1,cockadoodledoo
2.14609647693534,-1.28479664622845,0,1,coffee
1.15063254708501,-1.684342052737,0,1,coke
2.68771870441441,0.563547134133836,0,1,cold
2.89066688096868,-1.8409814673688,0,1,cook
2.32313248261651,2.05922025162244,0,1,cookie
2.77931241519982,-1.13848201682376,0,1,corn
2.98571124908779,-1.50423611380039,0,1,couch
2.60879830743035,-5.71623905273037,0,1,could
2.53220690710069,-6.38576976376792,0,1,country
3.34318681065021,-3.99454863836314,0,1,cover
2.31879680268591,1.07766661107993,0,1,cow
2.21668274336228,-3.93285858597291,0,1,cowboy
2.13737911026662,1.27613994653669,0,1,cracker
2.83942731074716,-0.601528692355549,0,1,crayon
2.43227269981837,-1.81191643023814,0,1,crib
3.28960984245366,-0.872631031741693,0,1,cry
2.65802882646392,1.47519669921514,0,1,cup
3.16376514417235,-2.93826252114821,0,1,cut
1.97653085421871,-2.06628937149432,0,1,cute
0.967561253292144,3.89771191862847,0,1,daddy*
2.72474270085754,-0.778018239252236,0,1,dance
2.71273545160609,-2.15007752358474,0,1,dark
2.44637972116023,-3.15032644205764,0,1,day
1.66776200206738,-1.46835156295181,0,1,deer
2.46471798380801,1.45680411471666,0,1,diaper
2.30542805697471,-2.90588973649298,0,1,did/did ya
2.94255782412341,-1.46752015510798,0,1,dinner
2.79589834803541,-0.133065350513739,0,1,dirty
2.38761763845675,-2.35862172330925,0,1,dish
2.02657994976676,-1.14044133788782,0,1,do
2.78376867500576,-1.55532397889142,0,1,doctor
2.72328258254516,-4.95904972427007,0,1,does
1.72450197388226,0.028044944349671,0,1,doll
1.73948923989639,-1.45469394176452,0,1,don't
1.73357562815111,-1.64321708893888,0,1,donut
2.7428136108636,1.13487127754369,0,1,door
1.707308789434,0.851359300320375,0,1,down
1.83926762406756,-4.23370793462729,0,1,downtown
2.73693057409473,-1.97199880756077,0,1,draw
2.99435412336371,-3.24583526552483,0,1,drawer
2.34590566846901,-1.61661504585859,0,1,dress (object)
2.42085161841738,0.432514402044645,0,1,drink (action)
2.04269191030549,0.417105017416157,0,1,drink (beverage)
3.47382188373303,-2.15126272678903,0,1,drive
3.58007402358764,-2.87355686442655,0,1,drop
3.41340902971847,-3.09772800506635,0,1,dry (action)
3.13544656704933,-2.58391632307172,0,1,dry (description)
3.14796476380675,-3.73427990302048,0,1,dryer
1.92404721328756,2.08178401495337,0,1,duck
2.27583828920244,-3.39984135008938,0,1,dump
2.59824109387086,-6.30995065493625,0,1,each
2.71119822996039,2.3831118141648,0,1,ear
2.69801543697385,1.15665098414756,0,1,eat
2.44791635164031,-0.005818926235212,0,1,egg
2.84476038900953,-0.375091369801953,0,1,elephant
2.35643517780142,-2.11284831199809,0,1,empty
2.79636060729363,-5.56853050859041,0,1,every
2.58726692740188,2.83361866878403,0,1,eye
3.0518532420967,-1.0772080638761,0,1,face
3.46589401991567,-1.01160757227112,0,1,fall
2.37741926521565,-2.88061866597309,0,1,farm
3.29373188652272,-2.59090296802088,0,1,fast
3.50209011434448,-3.35219633573144,0,1,feed
4.15793977257977,-3.11033157635883,0,1,find
2.45865626074731,-4.14995975376123,0,1,fine
3.26874683452598,0.178066177944158,0,1,finger
2.54056734643542,-3.14174501226159,0,1,finish
2.77687209461457,-3.40952140890051,0,1,fireman
2.34567124891684,-1.09559968771759,0,1,firetruck
3.04037685398327,-3.95378660560505,0,1,first
2.37593214576821,1.65377428436096,0,1,fish (animal)
1.76858981312777,-0.034730589305125,0,1,fish (food)
3.44673471134162,-4.61809674372527,0,1,fit
3.40981901081886,-2.14404056260251,0,1,fix
2.17702197621195,-1.92356282754452,0,1,flag
2.89011964638011,0.978084518401634,0,1,flower
3.07083516602874,0.756464974889165,0,1,foot
3.0571180554176,-4.23961180415171,0,1,for
3.34052402820509,0.035350379055508,0,1,fork
2.20427013424793,-0.389318231543872,0,1,french fries
2.81337882020379,-2.72062822274207,0,1,friend
2.71981975402843,0.018248196398507,0,1,frog
3.134532859335,-3.21636016586679,0,1,full
2.75407308425107,-2.35431901513719,0,1,game
2.61409211694866,-2.47124873276727,0,1,garage
1.98904652716686,-1.69922045551948,0,1,garbage
2.66596807055634,-3.57718907559985,0,1,garden
2.73772201770336,-3.73160242618449,0,1,gas station
1.84811909463486,-2.17083058524213,0,1,gentle
2.72164866322305,-1.09246662018754,0,1,get
2.13331003211049,-0.96906395321737,0,1,giraffe
2.2431470288227,-0.895665917394205,0,1,girl
3.11515169091489,-2.41458792240416,0,1,give
1.3971109667992,-0.934847626916016,0,1,give me five!
2.51319495290787,-1.84861629751474,0,1,glass
2.56364584725995,-0.65835253945595,0,1,glasses
2.23298482113279,-2.38511676471053,0,1,gloves
1.84834481924899,1.10818765335772,0,1,go
2.3267181828151,-0.304193914766171,0,1,go potty
1.96508397532297,-1.07200743023878,0,1,gonna get you!
2.50183968362357,-2.94884936425319,0,1,gonna/going to
2.18376594394965,-0.820622164349718,0,1,good
1.72958774924045,-1.82759707277334,0,1,goose
2.17996357698582,-3.95285147469191,0,1,gotta/got to
1.72949960332072,1.73817174972264,0,1,grandma*
1.47009150087811,1.11592644641648,0,1,grandpa*
2.6722062238832,-0.0004788921614,0,1,grapes
3.13771499875493,-0.931205463512776,0,1,grass
2.31990125963323,-1.1629778576856,0,1,green
2.87033347352287,-4.30639702073361,0,1,hafta/have to
3.22394817023771,1.66973863245238,0,1,hair
2.42934266964343,-1.47531800102969,0,1,hamburger
2.35344653497021,-1.84096746385642,0,1,hammer
3.53016750208573,0.647465470702485,0,1,hand
2.31721462382684,-1.02483389942614,0,1,happy
3.61785597379274,-4.1635828424926,0,1,hard
2.51184985794069,1.90143758425867,0,1,hat
1.87277186107179,-4.56339377416835,0,1,hate
3.69290378399994,-3.02817237165463,0,1,have
2.64011079930204,-3.34576821325108,0,1,he
3.27899608269382,0.355714765942194,0,1,head
3.38141446752073,-2.07024706425435,0,1,heavy
2.18488041855126,-1.35990527932775,0,1,helicopter
0.988447110343522,0.702388945665483,0,1,hello
2.57230591930794,-0.372041346361135,0,1,help
1.7544822445328,-2.8675950534079,0,1,hen
2.85864565846984,-4.39362182715484,0,1,her
2.42105983202603,-1.49978959981464,0,1,here
2.66343242820356,-4.95641566917127,0,1,hers
1.19761211882688,1.96221874878586,0,1,hi
3.110289288576,-2.19472860961861,0,1,hide
2.98980197620067,-2.76594677269898,0,1,high
2.13851564211277,-1.56076333058538,0,1,high chair
2.75408347520009,-4.41171493845949,0,1,him
2.89389514836439,-4.83945057706544,0,1,his
3.03972183104151,-1.56907998855365,0,1,hit
3.40732287528978,-2.18921748077604,0,1,hold
2.53000042436935,0.224115124791947,0,1,home
2.75656570569629,0.969626812038814,0,1,horse
2.32363737621113,-2.45168190625318,0,1,hose
1.75693970006487,1.69291473185242,0,1,hot
2.54634967042633,-0.365565868588682,0,1,house
2.30711413279336,-3.78277220177994,0,1,how
2.77209839396042,0.14560688790375,0,1,hug
2.77249708805196,-1.2933847262454,0,1,hungry
2.70794422943522,-2.91927551043284,0,1,hurry
2.78385464237504,-1.45885409320805,0,1,hurt
1.66193238525904,-0.667000620486866,0,1,I
1.97735266220739,-0.276443547827338,0,1,ice
2.89562034350896,0.095884052545405,0,1,ice cream
2.57084564401418,-6.06098182529972,0,1,if
2.42631900408555,-0.904175301733871,0,1,inside/in
2.68845854510555,-5.25991888967987,0,1,into
2.34283300974737,-2.98388800400619,0,1,is
1.93217507590727,-1.63281785969628,0,1,it
2.21809389485614,-0.813077205984302,0,1,jacket
1.2281133219522,-1.56969726339669,0,1,jar
2.19649433087881,-2.52632904585068,0,1,jeans
1.75855811869198,-2.23658233221181,0,1,jello
2.50713389306481,-2.31151956468306,0,1,jelly
1.85306187704477,1.81910067586095,0,1,juice
3.10118268552387,-0.66553979012933,0,1,jump
2.7620813414635,-1.37014844414999,0,1,kick
2.74143852164312,0.496850231424384,0,1,kiss
3.95569587039518,-1.62975705224103,0,1,kitchen
1.46181990715881,1.34180677646432,0,1,kitty
2.38886493959628,-0.272489319519389,0,1,knee
3.18328556625735,-2.09173442478776,0,1,knife
2.34153280399631,-1.75162287211278,0,1,knock
2.75004939445453,-2.93874167951794,0,1,ladder
2.17293976046782,-2.56022827240751,0,1,lady
2.05151208536721,-2.04013200179954,0,1,lamb
2.3523363867245,-2.73107955047185,0,1,lamp
3.32233278750684,-6.03832131729048,0,1,last
2.50745012429169,-2.92590686541433,0,1,later
1.88527951013638,-1.86083639313166,0,1,lawn mower
3.87337506343713,-0.763921738360065,0,1,leg
2.08765895050047,-1.98744063875903,0,1,lemme/let me
3.12821170461406,-3.51467848918795,0,1,lick
2.34114160180307,0.831427542220019,0,1,light
3.69890443564343,-2.96365721617276,0,1,like
2.6681218750318,-0.499254532128941,0,1,lion
2.71917025131577,-1.84661844754883,0,1,lips
2.99798828838223,-3.59283201840228,0,1,listen
3.71423517922651,-2.56235857030875,0,1,little (description)
3.03197666926018,-3.3843389334187,0,1,living room
1.6054585826103,-1.84202969683256,0,1,lollipop
3.73227746274534,-5.7234152580292,0,1,long
2.46160560280201,-0.959930099052829,0,1,look
3.0972443955535,-2.84071727394604,0,1,loud
2.21663797609884,-0.429312111284462,0,1,love
3.05613460812616,-1.49717474604144,0,1,lunch
2.60580505990292,-3.32514401361251,0,1,mad
2.29172373795015,-3.06062328577256,0,1,mailman
4.06949665949703,-3.93811700033746,0,1,make
1.9183238958506,-1.54838272329197,0,1,meat
2.88605015029747,-1.33984259855341,0,1,medicine
1.88120773260909,-2.22633177318173,0,1,melon
1.5341663470589,1.96756366810551,0,1,meow
2.17143305965697,1.94270051869032,0,1,milk
1.50219761757141,0.758449244846218,0,1,mine
1.89733715458869,-2.18361247616718,0,1,mittens
1.08130602181301,4.25589430540481,0,1,mommy*
2.36675221326967,-0.676089596786047,0,1,money
2.83090338752049,0.376707905046617,0,1,monkey
1.36132577498223,2.03693116730352,0,1,moo
1.91703666288453,0.54803142725159,0,1,moon
1.56067259989981,-2.27420771496253,0,1,moose
1.96134548000388,-2.86685906283209,0,1,mop
1.58469295878024,0.743043258308779,0,1,more
2.55482809735323,-2.49367893486708,0,1,morning
2.25767437418102,-1.55032280050907,0,1,motorcycle
2.58986052767718,-0.521600874156535,0,1,mouse
2.80266807902599,1.12383156525838,0,1,mouth
2.10239600035755,-2.27651475763825,0,1,movie
2.5157059654991,-4.50272094423511,0,1,much
2.32871242469826,-1.98362364086746,0,1,muffin
2.29942658946877,-4.03634590876241,0,1,myself
2.45676979408091,-3.06400942417561,0,1,nail
3.06825716017979,-0.365336417885923,0,1,nap
2.85312784678748,-1.61628409759494,0,1,napkin
1.44856391206711,-3.07529480761355,0,1,naughty
2.43452742570123,-1.76907267356607,0,1,necklace
2.52562241296876,-3.11721749146367,0,1,need/need to
3.19095215115967,-3.89713398125992,0,1,new
3.05891410062519,-5.36593506612823,0,1,next to
2.00693999827988,-1.33785960004751,0,1,nice
2.04889226146079,-1.04534149126528,0,1,night
1.63024600582615,1.57890100422169,0,1,night night
1.61298405326716,2.92544229098305,0,1,no
2.51233701722146,-3.17029699586875,0,1,noisy
1.95363222958221,-3.49767350561227,0,1,none
2.20219581962988,-0.861109975424064,0,1,noodles
2.61921658766725,2.81016686023602,0,1,nose
2.47965987875739,-2.95049837412324,0,1,not
2.19311616606796,-1.64068113669946,0,1,now
2.3887667816102,-4.6740006821914,0,1,nurse
2.22367425509016,-2.4312576157613,0,1,nuts
2.72426914300148,-5.35871348366993,0,1,of
2.14410685555006,0.247623479167688,0,1,off
2.89105052189656,-4.27087975561569,0,1,old
2.25036429713057,0.149829611168009,0,1,on
2.8817336907838,-4.0902721255592,0,1,on top of
2.77669099548506,0.122262868195917,0,1,open
2.25193147438016,-1.09613197903353,0,1,orange (description)
2.81407211308171,-0.429272561129359,0,1,orange (food)
2.4711789587855,-3.46388711140041,0,1,other
1.2320052726764,1.3759683636893,0,1,ouch
2.75294185162286,-5.24650953383956,0,1,our
1.7550972120573,0.019141030630854,0,1,out
2.04288718128071,0.911546278920718,0,1,outside
3.00617826595159,-2.88405177363088,0,1,oven
2.94918504092692,-3.20083840351153,0,1,over
1.50138154933216,0.98248565645598,0,1,owie/boo boo
1.73053823351753,-0.551564156767377,0,1,owl
2.86544464273834,-2.51827813019347,0,1,paint
3.06697506529677,-0.795896622635444,0,1,pajamas
2.43822687966827,-1.13764192991954,0,1,pancake
3.28134614732023,-0.126649994356302,0,1,pants
3.44488439634397,-0.489955279455542,0,1,paper
2.30305731130212,-0.513318124171097,0,1,park
3.11641607897458,-2.58501908892806,0,1,party
1.63170602474815,-1.11309393731674,0,1,pattycake
2.44448401988211,-1.32039273334453,0,1,peanut butter
1.84153292674242,-0.913139270941329,0,1,peas
1.62570250762653,0.988217630009603,0,1,peekaboo
2.15437884386932,-0.796507936956993,0,1,pen
2.58794101083012,-1.72328798196031,0,1,pencil
2.06021117084827,-2.01881186915677,0,1,penguin
1.98212651746622,-1.99689622404108,0,1,penny
2.56786865794655,-2.5811852103473,0,1,people
2.5592243763305,-5.07507507698254,0,1,person
0.885758547879854,0.157965634055137,0,1,pet's name
3.42685086935562,-4.20537851043163,0,1,pick
1.9121511879422,-1.63873433215901,0,1,pickle
2.75017981532194,-3.70407826918369,0,1,picnic
3.66196049628187,-1.5611887067012,0,1,picture
2.82613285387434,0.766031723107937,0,1,pig
3.33894501568738,-0.230761827744578,0,1,pillow
2.68037228665238,0.337107844778575,0,1,pizza
2.5564892657325,-2.30553153200788,0,1,plant
3.26332308342289,-1.33796130855242,0,1,plate
3.30846781955725,-0.504105418357296,0,1,play
1.96149719603655,-1.99758205494004,0,1,play dough
1.82261930656862,-3.88771161183347,0,1,play pen
2.27569736570935,-2.656535354858,0,1,playground
2.23080520337113,1.63203634777789,0,1,please
2.4144327731789,-3.40080170597818,0,1,police
1.79246215129021,-2.15777717331753,0,1,pony
1.97468136623191,-0.601979966245092,0,1,pool
2.25716542868201,-4.95214715897857,0,1,poor
2.00958791917632,-0.814210852737015,0,1,popcorn
1.84411870351929,-1.39275114983901,0,1,popsicle
2.27304013402672,-3.636669734739,0,1,porch
2.3223506536204,-1.54142054217455,0,1,potato
2.09237313983272,-1.01106834973454,0,1,potato chip
2.36633080695217,0.497531648152946,0,1,potty
3.25710302223594,-3.88400817817496,0,1,pour
3.40734713552843,-2.32947303714055,0,1,present
1.93283485633639,-0.93304567877962,0,1,pretty
1.99527119706119,-1.61893354229123,0,1,pretzel
1.94070583595925,-2.74714458231185,0,1,pudding
2.8008992167388,-2.37480164496882,0,1,pull
2.34813897016565,-1.66638220904568,0,1,pumpkin
1.78971362976912,0.521191352165213,0,1,puppy
2.13367684513916,-1.23352516880297,0,1,purse
2.67088903157734,-1.42854932821022,0,1,push
3.15046879946411,-3.0536720573728,0,1,put
2.88338691245353,-1.36828081801481,0,1,puzzle
1.43170869017456,1.39288648476563,0,1,quack quack
3.16534081048685,-3.03406523143265,0,1,quiet
2.23520476357942,-2.47697031459336,0,1,radio
3.31461827045998,-0.094051120747606,0,1,rain
3.0071709052111,-0.318024313175558,0,1,read
2.29813762059037,-0.95563689735752,0,1,red
2.96367421363546,-2.29786738698015,0,1,refrigerator
3.41687006495738,-1.52879819199966,0,1,ride
2.62275967956442,-4.49788133667695,0,1,rip
2.50201637937398,0.028031294839668,0,1,rock
2.48047793596045,-2.18013042672378,0,1,rocking chair
3.02900150711278,-4.19696774146135,0,1,roof
3.34685815995262,-1.87752611225039,0,1,room
2.14272304927143,-2.53040385486984,0,1,rooster
3.81386620039394,-1.33266525801826,0,1,run
3.02888022626515,-2.72739870496619,0,1,sad
2.28301263087581,-3.01274164606976,0,1,salt
2.61380952767839,-4.59046400269133,0,1,same
2.288344296344,-2.49558117276465,0,1,sandbox
3.43780636809301,-1.91595577715042,0,1,sandwich
2.20016161237087,-2.62434193375526,0,1,sauce
2.82315233193845,-2.93302316211314,0,1,say
3.01641441198335,-2.87505233297755,0,1,scared
2.20386453501363,-3.9992116341143,0,1,scarf
2.17711187934031,-0.726479691982821,0,1,school
3.04281369056295,-2.36086446492113,0,1,scissors
2.70959125893538,-2.82966986513157,0,1,shake
3.15100698344606,-2.86147884098081,0,1,share
2.50418193466318,-3.62686798172851,0,1,she
2.1830944746519,-0.644892337329651,0,1,sheep
1.27267454149258,0.985339207533096,0,1,shh/shush/hush
3.23755253494745,0.202056539465766,0,1,shirt
2.66265532904482,3.68803705462796,0,1,shoe
3.20747784152565,-2.52083992954972,0,1,shopping
2.73144322896248,-1.63593634537909,0,1,shorts
2.66386973336226,-2.84707918828023,0,1,shoulder
2.58915528503814,-2.03522311363985,0,1,shovel
3.77209068622748,-3.98544938605451,0,1,show
2.96528878536465,-1.19609439268489,0,1,shower
3.15197554695155,-2.9608077786178,0,1,sick
3.34087732689254,-3.74877808321575,0,1,sidewalk
3.46841136565855,-1.77535487646235,0,1,sing
3.38844062137051,-2.3486524189475,0,1,sink
2.3774891322638,0.039959755740956,0,1,sit
2.36221316559213,-4.1297807889553,0,1,skate
2.26582941412149,-1.0147780496476,0,1,sky
1.45425459060002,-2.29986066412178,0,1,sled
3.52005615858221,-0.658696848908946,0,1,sleep
2.39831056529619,-1.68823189784746,0,1,sleepy
2.75163383306699,-1.32030590265131,0,1,slide (action)
2.66851862091771,-0.549417209769372,0,1,slide (object)
2.01842825109474,-1.93298253628102,0,1,slipper
3.19556232240634,-4.30736443448032,0,1,slow
2.99501348120349,-2.9238043309773,0,1,smile
2.24480855708816,-0.894609112406327,0,1,snack
1.77494797783456,-2.74814639795732,0,1,sneaker
1.80176453636772,-1.12643923082808,0,1,snow
2.35349749364228,-2.5531996796711,0,1,snowman
1.86876487242859,-4.21757331447341,0,1,snowsuit
1.93326711657259,-3.95828419020656,0,1,so
1.65285195284606,-1.5130544689467,0,1,so big!
3.11767021868352,-0.356318247497276,0,1,soap
1.27941894822302,-1.22253340325027,0,1,soda/pop
1.72614739913851,-2.95057958056987,0,1,sofa
2.66618732110866,-2.19186861018306,0,1,soft
2.40904549693629,-2.10094061914681,0,1,some
2.38274643832618,-1.43602914431766,0,1,soup
2.58478498821987,-1.25861017374112,0,1,spaghetti
2.85663937703963,-1.96953478578697,0,1,splash
2.66524621542635,1.1473001789115,0,1,spoon
2.39291222630739,-3.39253492521317,0,1,sprinkler
2.08531484923756,-1.27898572165892,0,1,squirrel
2.68180112661224,-1.609236213469,0,1,stairs
3.66264689965355,-3.21343235903547,0,1,stand
2.20787917381506,-0.19083425298084,0,1,star
2.85540284344338,-2.61533205815912,0,1,stay
2.64262677559178,-1.29411778624503,0,1,stick
2.60504653118664,-2.27188026106398,0,1,sticky
1.89903129020791,-3.1785171099694,0,1,stone
2.27446651085021,-0.288598320956042,0,1,stop
3.47410333415139,-1.24983178135225,0,1,store
2.8353931743389,-1.64194359587489,0,1,story
2.25197597166532,-1.95166577605497,0,1,stove
2.51143790253859,-1.07339525861331,0,1,strawberry
3.50329413300044,-2.573145396385,0,1,street
2.05881108344333,-1.35575208796409,0,1,stroller
2.09238433000697,-1.56356633671142,0,1,stuck
1.54629332714923,-0.71655674907459,0,1,sweater
2.7845121364298,-2.4750182515215,0,1,sweep
2.90578695340173,-1.53246955125941,0,1,swim
2.58525404213052,-0.516666863127884,0,1,swing (action)
2.50617333523056,0.122483513587822,0,1,swing (object)
4.03620390859906,-1.3259427657438,0,1,table
3.459411934196,-3.41305597040996,0,1,take
3.45682048547378,-2.85036642770251,0,1,talk
2.89105650759371,-2.45069089553615,0,1,tape
3.0783446694039,-3.67804486503809,0,1,taste
2.22133064087439,-2.87253975137906,0,1,teacher
3.18020956445688,-4.89250784103792,0,1,tear
1.91852435643922,-0.423439993208557,0,1,teddybear
2.8710007712828,0.571400599463825,0,1,telephone
1.7376917919164,1.62280314612761,0,1,thank you
2.41397397969973,-2.76714111830684,0,1,the
2.73529997267168,-5.73833794698757,0,1,their
2.68859564584073,-4.90019406350234,0,1,them
2.7281677550549,-5.54567740556669,0,1,then
1.98293610395109,-1.43811743775666,0,1,there
2.18003398836431,-3.0646362592232,0,1,these
3.25258701881143,-5.80958667223312,0,1,they
3.21018512099075,-5.29440631617259,0,1,think
2.71622048739545,-2.13231444768141,0,1,thirsty
2.11229437558415,-1.99217784957928,0,1,this little piggy
2.51507901666643,-4.15151117458201,0,1,those
2.15252669428711,-0.531348119258758,0,1,tickle
2.38734275679675,-0.887776793319363,0,1,tiger
1.76030716999191,-3.36537918811859,0,1,tights
2.65405661717541,-4.64365431204935,0,1,time
2.60370664320423,-4.31789919614934,0,1,tiny
3.3516607207148,-2.62270677447441,0,1,tired
2.62313353166068,-1.5304791861441,0,1,tissue/kleenex
2.77375031716606,-3.19801450089642,0,1,to
2.0909008491843,-0.583005620822838,0,1,toast
3.06603756963864,-4.33746387439526,0,1,today
2.32247942787344,0.54139998288454,0,1,toe
2.46975371513269,-3.52196054703967,0,1,tomorrow
2.40048329509053,-0.608117527613758,0,1,tongue
2.71024579649211,-4.75197646263889,0,1,tonight
2.27814848520406,0.139293723748048,0,1,tooth
2.90791931382523,0.302715380485305,0,1,toothbrush
3.15221672092756,-2.4883476832408,0,1,touch
3.32954863445292,-0.763935672860657,0,1,towel
2.74761453541842,0.378199978361473,0,1,toy (object)
1.54694071043863,-1.09111237493815,0,1,tractor
2.76471302508674,0.62708440966363,0,1,train
1.6614977527613,-0.804972656790037,0,1,trash
2.40290861418933,-4.48931852959299,0,1,tray
2.57552206961365,1.05334583340778,0,1,tree
2.2221251569793,1.54549091362342,0,1,truck
2.44401683455283,-3.20010833184888,0,1,try/try to
2.87763937504575,0.354064401338008,0,1,tummy
1.78398243704867,-3.0117942306323,0,1,tuna
2.0344698778243,-1.88643621342581,0,1,turkey
2.79540137925776,-2.40193029727884,0,1,turn around
2.40886693005092,-0.343450815907864,0,1,turtle
2.56127149116282,0.219252372274093,0,1,TV
0.970763136097766,2.62279582649095,0,1,uh oh
2.00334960671611,-1.66625173421013,0,1,uncle
3.28488449609804,-3.22038253557435,0,1,under
2.18261281363036,-2.59010108300744,0,1,underpants
1.40256027032587,0.88805924423685,0,1,up
2.71413245565734,-5.56613543380279,0,1,us
1.18856008516727,-2.27351105241865,0,1,vagina*
2.44771537475102,-4.41133086219538,0,1,vanilla
1.65267821278002,-1.87651517525088,0,1,vitamins
0.695738256929226,0.769988197603645,0,1,vroom
2.42290971562311,-2.16996713977152,0,1,wait
3.29651352790504,-3.23114964512373,0,1,wake
2.77038514040345,-0.36100436310811,0,1,walk
1.7729240045373,-4.21332195658107,0,1,walker
2.00328680385615,-1.29476919516072,0,1,wanna/want to
3.01936854652781,-5.54386439020123,0,1,was
3.2997412386195,-1.17523341167525,0,1,wash
2.42590909169239,-2.47648059206978,0,1,washing machine
2.90876383116496,-2.28536891512411,0,1,watch (action)
2.32470419410915,-1.12129678948154,0,1,watch (object)
2.27906553042116,1.48193062197301,0,1,water (beverage)
2.68173535577057,1.4397101540213,0,1,water (not beverage)
2.6456942762126,-4.27125888092151,0,1,we
2.98434262246094,-6.48241550748935,0,1,were
2.92690229045327,-0.293946359145899,0,1,wet
2.77444082202113,-5.27403145785205,0,1,when
2.03676524359327,-1.46107521355939,0,1,where
2.44783742440648,-5.5334037216763,0,1,which
2.4471533713807,-2.46087360915877,0,1,white
2.13726607033157,-2.69233645844525,0,1,who
1.5614843306555,-1.96053582118915,0,1,why
2.86651417838566,-4.95005572633993,0,1,will
2.83217712001313,-2.31914677335031,0,1,wind
2.80931520322916,-1.71422041095143,0,1,window
2.6945978454243,-2.84287322782902,0,1,windy
2.75158728944028,-2.1090490902314,0,1,wipe
2.79105942862875,-5.78747149996782,0,1,wish
3.35968557801592,-4.09189952898901,0,1,with
1.81536224989911,-2.43557483042127,0,1,wolf
2.29079283714526,-4.66270283619385,0,1,woods
1.11640648298591,1.79799244952324,0,1,woof woof
2.75779890501975,-1.67973738799129,0,1,work (action)
2.88290872256626,-1.16232365436579,0,1,work (place)
2.82467226756819,-6.64456075612612,0,1,would
2.50347680460833,-2.54671849005669,0,1,write
2.75821582454971,-3.10072895553444,0,1,yard
1.98976738899516,-0.919668554691557,0,1,yellow
1.66603566539722,1.57824876355327,0,1,yes
2.73522579546978,-5.53202143884318,0,1,yesterday
1.83995335464363,-0.573970077626406,0,1,yogurt
2.09237856162017,-0.873918708233525,0,1,you
2.62830982859498,-3.83190538388842,0,1,your
2.50986805512508,-5.89275006247012,0,1,yourself
1.44644333465535,0.049556222130593,0,1,yucky
0.770221977976882,0.919746584983584,0,1,yum yum
2.25990395890385,-1.41845137396493,0,1,zebra
2.60744073282725,-1.49254792312763,0,1,zipper
2.07546789652805,-1.59486843473031,0,1,zoo
