"discrimination","difficulty","guessing","upper_asymptote","definition"
1.43427012650762,-0.573889388740369,0,1,"あーあっ (よくないこと)"
2.57423277667501,-0.754410910987359,0,1,"アイタ (いたい)"
2.96851865045283,-0.756288742794726,0,1,"オイチィ (おいしい)"
2.33106776383357,-0.00655487980526186,0,1,"ガーガー (アヒル)"
2.78011651033416,-0.435913866593307,0,1,"ガオー (ライオン)"
2.83420622637252,0.0857115085868102,0,1,"コケコッコ (にわとり)"
2.98489203717669,-0.26825749818639,0,1,"シュッポッポー (汽車; きしゃ)"
2.79543485500426,-0.910586052527837,0,1,"ニャンニャン (ネコ)"
2.61017189580559,-0.883303676302965,0,1,"ブーブー (車; くるま)"
2.77330731375571,0.0269595828080745,0,1,"メーメー (ヤギ)"
2.69837886647819,-0.16429069536083,0,1,"モー (牛; うし)"
2.85835269368686,-1.2719141692801,0,1,"ワンワン (犬; いぬ)"
4.45627188277448,0.144938175091328,0,1,"アヒル"
6.19649748616092,-0.206599141835138,0,1,"蟻 (あり)"
3.264601085274,-0.530890011111425,0,1,"犬 (いぬ)"
6.99653944114534,-0.234226936697038,0,1,"兎 (うさぎ)"
4.8257918290031,-0.0401529434622808,0,1,"牛 (うし)"
5.32648539356174,-0.100637475809618,0,1,"馬 (うま)"
6.60137037818353,-0.212253517566978,0,1,"蛙 (かえる)"
7.14316300289875,-0.182332064357762,0,1,"カニ (生き物の名前)"
5.10451115063012,0.0668938112874374,0,1,"カバ (生き物の名前)"
7.15809482890285,-0.163313754383032,0,1,"カメ (生き物の名前)"
4.60896537657062,0.0563110078380035,0,1,"カラス"
6.38952396342126,-0.207054379111355,0,1,"キリン (生き物の名前)"
6.35055601532853,-0.22362913574868,0,1,"熊 (くま)"
5.180761557258,0.0684693555460783,0,1,"コアラ"
7.99555585294039,-0.261229157987662,0,1,"魚 (さかな; 生き物の名前)"
6.88512823589049,-0.114816275564611,0,1,"猿 (さる)"
4.2562583395768,0.150750742115325,0,1,"シマウマ"
6.0644500593117,-0.418540841164838,0,1,"象 (ぞう)"
5.2080500085593,-0.42432081076857,0,1,"チョウチョ"
5.94979709560981,0.276106267952203,0,1,"動物 (どうぶつ)"
5.23891477615276,0.122453634548378,0,1,"虎 (とら)"
6.69746634602625,-0.150408122567032,0,1,"鳥 (とり)"
4.29072263205805,0.239501361117809,0,1,"ニワトリ (生き物の名前)"
3.87788946336357,-0.435103817013239,0,1,"猫 (ねこ)"
5.69784553570047,0.0254604532642586,0,1,"ネズミ"
5.39548911748606,0.0816654436847902,0,1,"蜂 (はち)"
3.58213438503968,0.0502292111810854,0,1,"鳩 (はと)"
4.36284759973629,-0.312547959346907,0,1,"パンダ"
4.77368486881671,0.0945833004559222,0,1,"ヒヨコ  (生き物の名前)"
5.11352857503797,-0.193026156265344,0,1,"豚 (ぶた; 生き物の名前)"
6.05205239294861,0.0430413108952391,0,1,"ヘビ"
5.95952829548735,-0.1699021314869,0,1,"ペンギン"
5.36553826202172,-0.0634022505729613,0,1,"虫 (むし)"
4.96091195331678,-0.18728322551701,0,1,"ライオン"
5.97133313355334,0.101673003635597,0,1,"リス"
5.59253410579539,0.0421154634982429,0,1,"ワニ"
2.79726622035498,0.0979932348199685,0,1,"汽車 (きしゃ)"
3.87447973994019,-0.483520878978566,0,1,"車 (くるま; 乗り物)"
5.03462793855908,-0.060434218256632,0,1,"自転車 (じてんしゃ)"
4.46713806130748,-0.408653567332052,0,1,"電車 (でんしゃ)"
3.9177314318103,-0.0784418668017346,0,1,"トラック (乗り物)"
5.08276165782354,-0.479932346223845,0,1,"バス (乗り物)"
3.62255866406565,-0.0990689941638944,0,1,"パトカー"
5.33236662990511,-0.218331113843169,0,1,"飛行機 (ひこうき)"
6.14530521726472,-0.0485531419138327,0,1,"船 (ふね)"
7.249159232091,-0.158702442727168,0,1,"絵本 (えほん)"
5.84871174142003,0.163768797999974,0,1,"えんぴつ"
7.51431417872678,-0.038948742456249,0,1,"おもちゃ"
6.51692455682828,0.0473422202775692,0,1,"積み木 (つみき)"
5.93297218887709,0.191218263665162,0,1,"人形 (にんぎょう)"
8.16549716357426,-0.124224345855533,0,1,"風船 (ふうせん)"
5.35855217621148,-0.424076724070096,0,1,"ボール"
4.87124335629772,-0.0147437596761726,0,1,"本 (ほん)"
5.25660780059043,-0.196162094460756,0,1,"アイスクリーム"
4.14268614130466,0.225852045909985,0,1,"飴 (あめ)"
5.96865006763142,-0.345890156610408,0,1,"苺 (いちご)"
5.05263746487064,-0.222033631213089,0,1,"うどん"
7.77754881379264,-0.218671588269956,0,1,"おにぎり・おむすび"
3.99614480892633,-0.621744391685977,0,1,"お茶 (おちゃ)"
8.49449980013686,-0.107892322190099,0,1,"カレー"
5.61072550475855,-0.454486239658339,0,1,"牛乳 (ぎゅうにゅう)"
5.87708400874028,-0.106349730498399,0,1,"ケーキ"
7.11642651368693,-0.351264134372583,0,1,"ごはん (お米のこと)"
8.56226398794479,-0.21697792243638,0,1,"魚 (さかな; 食べ物)"
5.24965360964589,-0.402755897729945,0,1,"ジュース"
5.31690831570533,-0.105544729748029,0,1,"すいか"
9.00520157860091,-0.143928989609573,0,1,"卵 (たまご)"
4.0072489577612,-0.19721480276963,0,1,"チーズ"
6.4068332748782,0.0251262358555778,0,1,"豆腐 (とうふ)"
7.08099564914463,-0.25319831464401,0,1,"トマト"
10.3969488263315,-0.0449263058302038,0,1,"肉 (にく)"
6.09400240755279,-0.291848629141502,0,1,"にんじん"
3.46940476756243,-0.763465456838389,0,1,"バナナ"
4.13299287960649,-0.71535084845825,0,1,"パン"
5.94520999725246,-0.291626953027947,0,1,"ぶどう"
5.12114597761508,0.0994069908811835,0,1,"プリン"
4.91347148234724,0.0455603539458737,0,1,"豆 (まめ)"
6.54854685725062,-0.228765272570932,0,1,"みかん"
5.12923899642276,-0.21506573794679,0,1,"水 (みず)"
5.27405749344717,0.135903742822408,0,1,"味噌汁 (みそしる)"
4.30949381104559,0.143194971529863,0,1,"ミルク"
4.25267439832534,-0.179359440513372,0,1,"桃 (もも)"
5.6769808720599,-0.383511779064978,0,1,"リンゴ"
4.41654924998762,0.301309453246153,0,1,"エプロン"
2.86070730623117,1.6150457108517,0,1,"オーバー (衣類)"
7.033966969471,-0.288343774767846,0,1,"おむつ"
6.24787906714765,-0.648619167680608,0,1,"靴 (くつ)"
5.05262010166829,-0.398161549892303,0,1,"靴下 (くつした)"
3.62498218500394,1.00159429655289,0,1,"ジーパン"
5.05615663577681,0.24464542657312,0,1,"シャツ"
3.93314204409674,0.641406023118089,0,1,"ジャンパー"
6.70709851365958,0.350179835992473,0,1,"スカート"
7.55930765879903,-0.156799697034215,0,1,"ズボン"
7.95830032342088,0.280998758916582,0,1,"手袋 (てぶくろ)"
6.15973721608222,0.182324532967988,0,1,"長靴 (ながぐつ)"
6.64599247465292,0.0541873950575437,0,1,"パジャマ"
5.56573712844321,-0.0798773780247471,0,1,"パンツ"
5.17694268648337,0.676292492802034,0,1,"ベルト"
6.57468979227316,-0.341606667369453,0,1,"帽子 (ぼうし)"
7.77299528029725,0.109544836076561,0,1,"ボタン"
5.47016192511536,0.295997402613707,0,1,"洋服 (ようふく)"
5.3123972490345,0.280014081967695,0,1,"リボン"
7.60317470121325,-0.461251692185054,0,1,"足 (あし)"
8.9873845040171,-0.33195630052959,0,1,"頭 (あたま)"
8.79536970174001,-0.282954168806291,0,1,"おしり"
2.35813382563247,-0.0347798229059502,0,1,"おチンチン"
3.34215127541509,-0.339334797481907,0,1,"おっぱい"
8.07813397429755,-0.287044709986926,0,1,"おなか"
6.02410697942125,-0.111920380836818,0,1,"おへそ"
8.83522813519643,-0.0962948143647587,0,1,"顔 (かお)"
5.47375993984363,-0.104103540977983,0,1,"髪 (かみ)"
8.04792827089846,-0.303334611422641,0,1,"口 (くち)"
5.74781815350394,0.145474878983124,0,1,"しっぽ"
7.33234154371948,0.000769393002786653,0,1,"爪 (つめ)"
5.82704379131501,-0.525044691087859,0,1,"手 (て)"
4.6388144790795,-0.16520506517693,0,1,"歯 (は)"
7.02115369320935,-0.344247615918869,0,1,"鼻 (はな)"
5.30823177488948,0.303368278039629,0,1,"舌 (べろ)"
6.12313349864744,-0.0706877530787108,0,1,"ほっぺ"
6.3251648897152,-0.392758590611729,0,1,"耳 (みみ)"
6.39664827257114,-0.488059455739051,0,1,"目 (め)"
6.27961001396062,0.0723254337933035,0,1,"指 (ゆび)"
7.85273334959553,-0.28917555044644,0,1,"椅子 (いす)"
9.03216280216328,-0.21961858519912,0,1,"お風呂 (おふろ; お風呂場のこと)"
3.41328045988818,0.822909143622069,0,1,"おまる"
7.60250187924428,0.190461122322692,0,1,"カーテン"
8.69570380281664,-0.012184321218182,0,1,"階段 (かいだん)"
5.66297000711845,0.308280771740581,0,1,"玄関 (げんかん)"
7.60299102762045,0.0949693795478703,0,1,"シャワー"
4.27214927866912,1.08714952726048,0,1,"ストーブ"
4.84914438605227,0.327264391314246,0,1,"扇風機 (せんぷうき)"
6.23625355805362,0.444558770504462,0,1,"台所 (だいどころ)"
4.5197508602495,0.763201253545811,0,1,"タンス"
6.88328450230648,0.130804925395166,0,1,"机 (つくえ)"
6.93038299583139,0.182251555552769,0,1,"テーブル"
7.91789339310539,-0.10481276302676,0,1,"テレビ"
5.68096444226617,0.0969112576318514,0,1,"電気 (でんき)"
7.2192966833895,0.051073287372238,0,1,"ドア"
11.291405706437,-0.121019148824254,0,1,"トイレ"
6.02373580089989,0.210353444140387,0,1,"ピアノ"
5.6568953190848,0.695594777218736,0,1,"引き出し (ひきだし)"
4.09675154137089,0.75351651711575,0,1,"ビデオ"
5.78780984719658,0.298876594384816,0,1,"ベッド"
9.62586352677737,0.265496225600879,0,1,"部屋 (へや)"
9.55013111592104,0.193024734403991,0,1,"窓 (まど)"
7.36135829981993,0.140664976262359,0,1,"冷蔵庫 (れいぞうこ)"
6.41351020503162,0.204992898813893,0,1,"絵 (え)"
6.42314320824918,0.162297776570779,0,1,"お金 (おかね)"
8.2398735824154,-0.0524994442412322,0,1,"お皿 (おさら)"
5.3546450381787,-0.0150497593255324,0,1,"鍵 (かぎ)"
6.38752608912703,-0.226081472739346,0,1,"傘 (かさ)"
6.03898558044628,0.032839411495845,0,1,"鞄 (かばん)"
8.55563895566999,0.0987735131861047,0,1,"紙 (かみ)"
6.93969767372791,0.216311031284538,0,1,"カメラ"
4.59729755786754,0.384381893020065,0,1,"櫛 (くし; 家庭用品)"
7.75565327466757,0.0389400669281916,0,1,"薬 (くすり)"
6.55082497476266,-0.226398509839538,0,1,"コップ"
7.81641325491665,0.0965344735448103,0,1,"ごみ箱 (ごみばこ)"
7.73625820416797,0.342651089841333,0,1,"財布 (さいふ)"
6.41536386931927,0.277759105780499,0,1,"シャンプー"
6.15296698748611,-0.218425203799179,0,1,"スプーン"
5.17498441578787,0.154778331211187,0,1,"スリッパ"
7.1905250298147,0.267334712755716,0,1,"石鹸 (せっけん)"
6.71735595263631,0.204287601167159,0,1,"掃除機 (そうじき)"
7.07066942486266,0.00917766608808741,0,1,"タオル"
6.35166645283014,0.472208683457542,0,1,"茶碗 (ちゃわん)"
5.61600854936016,-0.0851716278465715,0,1,"ティッシュ"
4.78316912446488,0.36943680209293,0,1,"電池 (でんち)"
7.73768125552982,-0.015145727152032,0,1,"電話 (でんわ)"
6.70748065115477,0.0538062511781911,0,1,"時計 (とけい)"
8.01534414612811,0.322416833576304,0,1,"バケツ"
8.55339110583249,0.269723608095381,0,1,"箱 (はこ)"
9.70962365035544,0.0761749235297289,0,1,"鋏 (はさみ)"
7.12295297541252,0.0189157926054539,0,1,"箸 (はし)"
6.93191559738312,0.418104025883367,0,1,"ハンカチ"
7.22261525355354,-0.0430271236519231,0,1,"歯ブラシ (はぶらし)"
7.38920725513135,-0.120713137107334,0,1,"フォーク"
8.57743087563849,0.0342527350373409,0,1,"布団 (ふとん)"
5.01893037278032,0.600375255017139,0,1,"箒 (ほうき)"
7.56004666155932,0.150009476472666,0,1,"枕 (まくら)"
6.41027492723018,-0.0939673208204542,0,1,"眼鏡 (めがね)"
4.41347452995477,0.41618299021592,0,1,"毛布 (もうふ)"
8.65932109334062,-0.370729229346641,0,1,"雨 (あめ)"
5.7897648603101,0.0689792766275595,0,1,"家 (いえ)"
5.42611157127729,0.164628877037678,0,1,"海 (うみ)"
7.31387743388395,-0.151657135754109,0,1,"おうち"
10.436388720401,0.0557945194531506,0,1,"お仕事 (おしごと)"
6.04785100080946,-0.0801678484262199,0,1,"お外 (おそと)"
6.88854616299064,-0.0761145480180077,0,1,"お月さん (おつきさん)"
6.49104885276166,0.12339999453605,0,1,"おひさま"
9.65722313250662,0.182011792407947,0,1,"お店 (おみせ)"
5.69267309372686,0.349249743421136,0,1,"会社 (かいしゃ)"
4.50195365615184,0.444583963148432,0,1,"学校 (がっこう)"
4.92725508049557,0.328201256594222,0,1,"川 (かわ)"
4.79613261700886,0.0259552025695251,0,1,"木 (き)"
9.19148145714816,-0.0584272116402802,0,1,"公園 (こうえん)"
4.6375252503019,0.349215468212668,0,1,"スコップ"
8.56643110107415,0.152480919364522,0,1,"砂場 (すなば)"
7.82590103895162,-0.0686608675427499,0,1,"すべり台 (すべりだい)"
8.85586476167184,0.153838709233325,0,1,"空 (そら)"
9.27000759855867,0.221564655369118,0,1,"動物園 (どうぶつえん)"
5.45500972688452,0.506698529173312,0,1,"庭 (にわ)"
3.63571435814696,-0.438536917234897,0,1,"葉っぱ (はっぱ)"
7.14264179166586,-0.257979969706405,0,1,"花 (はな)"
7.22320431620422,0.0764285866273977,0,1,"プール"
7.93194492580053,0.0260254077328874,0,1,"ブランコ"
4.42173760667408,0.197129172902737,0,1,"保育所 (ほいくしょ)"
5.28708835131093,-0.0424983698535115,0,1,"星 (ほし)"
6.75278989032604,0.1345459152096,0,1,"雪 (ゆき)　"
6.24483048273137,-0.244786066118651,0,1,"赤ちゃん (あかちゃん)"
5.6568488678412,0.41030355352343,0,1,"運転手 (うんてんしゅ)"
2.68032415377648,-0.160662125137599,0,1,"お母さん (おかあさん)"
2.94355108157694,-0.0576126205543553,0,1,"おじいさん"
3.99849755825697,0.495327225663124,0,1,"おじさん"
2.64296863792115,-0.096642815415608,0,1,"お父さん (おとうさん)"
7.49667845956114,0.15042468714458,0,1,"お友達 (おともだち)"
3.54036359098425,0.268958344994148,0,1,"お兄さん (おにいさん)"
3.55689913280375,0.244113399407157,0,1,"お姉さん (おねえさん)"
2.48260960025653,-0.118417986954117,0,1,"おばあさん"
4.09737388785073,0.650969743788526,0,1,"おばさん"
3.31934879367895,-0.941640154816503,0,1,"キャラクター (アンパンマンなど) の名前 (なまえ)"
1.6810497812142,0.219678362282531,0,1,"きょうだいの名前 (なまえ)"
5.95068932987711,0.443153337958767,0,1,"子ども (こども)"
5.90734431016322,-0.327006331377896,0,1,"自分 (子ども自身) の名前 (なまえ)"
4.16506324857715,-0.316937335452543,0,1,"先生 (せんせい)"
4.95575539541252,-0.206901293058003,0,1,"友達の名前 (ともだちのなまえ)"
1.32025607033676,-1.26452763942401,0,1,"パパ"
6.03085035933994,0.480142551202372,0,1,"人 (ひと)"
1.40621035067382,-1.46259835279258,0,1,"ママ"
3.71117829379745,-0.476868277110774,0,1,"ありがとう"
4.13901313922038,-0.439243870234002,0,1,"いただきます"
5.03903826691609,-0.145806276135876,0,1,"いってらっしゃい"
1.9742933916807,-1.50926074828059,0,1,"(イナイイナイ) バー"
6.25896848309883,-0.37410860962245,0,1,"うんち"
4.89330740952556,-0.323434230601247,0,1,"おしっこ"
5.7622934125776,-0.24132557025197,0,1,"おしまい"
4.8757434917017,-0.294327070092508,0,1,"おはよう"
8.87151447796025,-0.179366854662987,0,1,"お風呂 (おふろ; 入浴すること)"
5.94453237771502,-0.196327775218195,0,1,"おやすみ (あいさつ)"
4.3169499245827,-0.448575772526504,0,1,"ごちそうさま"
4.01777950509622,-0.356682742114199,0,1,"ごはん (食事のこと)"
6.15714465251448,-0.201719187528302,0,1,"ごめんなさい"
5.13210691295574,-0.0689762580483101,0,1,"こんにちは"
4.51622807829735,-0.376704025231947,0,1,"だめ"
4.31881987379141,-0.413862596433915,0,1,"ちょうだい"
3.29627497901323,-0.700295003612015,0,1,"どうぞ"
2.61676505213719,-0.931141900978598,0,1,"はい (返事)"
3.10620185851868,-1.12482288067688,0,1,"バイバイ"
5.07284076624946,0.397015163993548,0,1,"あがる"
5.13476415390196,-0.244231486383774,0,1,"開ける (あける)"
7.36475566259588,0.114324599854255,0,1,"あげる"
10.9084530299256,-0.109152737366995,0,1,"遊ぶ (あそぶ)"
8.52005114483865,-0.0119033502066361,0,1,"洗う (あらう)"
4.29174717971993,-0.103000204654019,0,1,"(…が) ある"
8.0646039260794,-0.100232209074287,0,1,"歩く (あるく)"
5.57432213260686,-0.262371456184035,0,1,"行く (いく)"
4.75363443496416,0.0481977168826438,0,1,"居る (いる)"
7.30224450891147,0.0557354337229895,0,1,"入れる (いれる)"
10.4944003418491,0.0726538905631483,0,1,"歌う (うたう)"
7.21100935860588,-0.0794228026057353,0,1,"起きる (おきる)"
8.73348360800268,0.128564386305162,0,1,"置く (おく)"
8.16748152993865,0.231340694870302,0,1,"怒る (おこる)"
4.1823270777319,-0.0962188684855392,0,1,"落ちる (おちる)"
6.76529904207502,0.00804296531648326,0,1,"降りる (おりる)"
10.0641677281932,-0.0542787239462007,0,1,"帰る (かえる)"
7.78783998330226,0.0338738590031711,0,1,"書く (かく)"
6.10934153262964,0.149192187075931,0,1,"貸す (かす)"
5.61413787934156,0.0735662656217749,0,1,"片づける (かたづける)"
8.93833585085925,0.0262360529347863,0,1,"着る (きる)"
5.98661266354783,0.0696635728490099,0,1,"来る (くる)"
7.65392278810418,0.149414271321898,0,1,"こぼす"
9.35541161994771,0.157105504950904,0,1,"転ぶ (ころぶ)"
8.76146790457105,0.100636444535986,0,1,"閉める (しめる)"
5.37454873618695,-0.228154986721747,0,1,"好き (すき)"
6.5737397629994,0.0987820503470022,0,1,"捨てる (すてる)"
6.11791456714003,0.124395762751893,0,1,"する"
7.5660312754324,0.0321401744225086,0,1,"座る (すわる)"
3.5062097069291,0.137314185547095,0,1,"抱く (だく)"
8.2045141207222,0.219647736036235,0,1,"叩く (たたく)"
4.65532656593891,0.0363798477489539,0,1,"立つ (たつ)"
7.42846631275485,-0.156607520060802,0,1,"食べる (たべる)"
5.73683814947513,-0.000570238143811841,0,1,"出来る (できる)"
4.57818611567575,0.201614588147329,0,1,"出る (でる)"
7.56017555284,0.13411283694735,0,1,"取る (とる)"
8.72634503611916,0.021741178336848,0,1,"泣く (なく)"
8.8356278229986,0.190965676682459,0,1,"投げる (なげる)"
9.23820210703086,0.0330487738492394,0,1,"脱ぐ (ぬぐ)"
5.0011117763389,-0.177675359602001,0,1,"寝る (ねる)"
6.88326218010871,-0.124441363135482,0,1,"飲む (のむ)"
9.30586136892983,0.0426729371614888,0,1,"乗る (のる)"
6.62847187812348,0.171269993308886,0,1,"入る (はいる)"
7.61355624882451,-0.0025745027980088,0,1,"履く (はく)"
7.59967233173482,0.160461346530984,0,1,"拭く (ふく)"
6.01686203220848,0.0227524956642114,0,1,"欲しい (ほしい)"
7.86412569888295,0.177630908915349,0,1,"待つ (まつ)"
8.01633947434858,0.30915910830795,0,1,"見せる (みせる)"
6.16617663376155,0.0369934545019036,0,1,"見る (みる)"
8.38642820340607,0.0767577917425684,0,1,"持つ (もつ)"
7.77964246105433,0.289052198595525,0,1,"持ってくる (もってくる)"
7.83717736040879,0.213870753329878,0,1,"やめる"
7.06914824198769,0.194983255623435,0,1,"やる"
9.15978666249618,0.0575736287607329,0,1,"読む (よむ)"
7.30522706249224,0.190068034804139,0,1,"笑う (わらう)"
7.67618513887393,0.141329815519406,0,1,"朝 (あさ)"
7.15809367680806,0.0438002174136978,0,1,"あとで"
7.21117242916976,0.267096757962781,0,1,"今 (いま)"
6.94246317743834,0.37165268458457,0,1,"今日 (きょう)"
8.22517197545931,0.351197495790417,0,1,"さっき"
7.59524202385399,0.485110934932814,0,1,"昼 (ひる)"
6.58030483468134,0.0240851790106719,0,1,"まだ"
8.85153157606362,0.209980191863256,0,1,"夜 (よる)"
4.80987771703554,-0.176447130671925,0,1,"赤い (あかい)"
3.48664481059152,-0.507265787435587,0,1,"熱い・暑い (あつい)"
5.82713561940053,-0.0715710813376844,0,1,"甘い (あまい)"
5.0041156080855,0.0630265358182679,0,1,"良い (いい)"
4.32066641250196,-0.528465084451383,0,1,"痛い (いたい)"
5.28200467492097,0.314256138731602,0,1,"うるさい"
6.58853903151847,0.281498186725668,0,1,"嬉しい (うれしい)"
4.16080966733042,-0.476754592856675,0,1,"おいしい"
6.26027654245184,-0.0317791050277653,0,1,"重い (おもい)"
4.6734751068736,0.42841937231158,0,1,"お利口 (おりこう)"
5.62443585129852,0.0106590528859517,0,1,"かゆい"
5.00582953670184,0.0986041347583557,0,1,"辛い (からい)"
4.40915844319404,0.305055351240823,0,1,"からっぽ"
4.48312165891514,-0.19648039757054,0,1,"かわいい"
7.85840157052606,0.384765592478389,0,1,"かわいそう"
5.42449893120398,0.205710485268179,0,1,"汚い (きたない)"
5.97332351680648,0.181979226189172,0,1,"嫌い (きらい)"
4.36691563977105,0.100907574848403,0,1,"きれい"
3.68981084547386,0.107964002623148,0,1,"臭い (くさい)"
7.74229254896496,0.0639552165073016,0,1,"暗い (くらい)"
5.28252606697308,-0.201145182162174,0,1,"怖い (こわい)"
7.45323876826596,0.0626284167887174,0,1,"寒い (さむい)"
9.1162499992391,0.394341795313923,0,1,"静か (しずか)"
4.71838777909282,-0.0335761044969791,0,1,"上手 (じょうず)"
4.37325521377964,0.129623486675429,0,1,"酸っぱい (すっぱい)"
4.69747242308268,0.144657612753139,0,1,"大事 (だいじ)"
6.88098644229047,0.0477174303204792,0,1,"大丈夫 (だいじょうぶ)"
6.89605351816478,0.165929336567055,0,1,"高い (たかい)"
7.35886700839611,0.000679455392845046,0,1,"小さい (ちいさい)"
6.44733183477397,0.00971958543879742,0,1,"違う (ちがう)"
5.7839129460617,-0.0663469811802073,0,1,"冷たい (つめたい)"
3.80289571163891,-0.376741917941706,0,1,"無い (ない)"
9.10597973299738,0.150275770973409,0,1,"濡れた (ぬれた)"
6.09239612605508,0.0349898868538408,0,1,"眠い (ねむい)"
8.3356812010865,0.158835761301031,0,1,"はやい"
7.29200248069705,0.146478484490284,0,1,"丸い (まるい)"
8.78753009697599,0.447239001597012,0,1,"悪い (わるい)"
4.96138140116541,0.366754116812009,0,1,"あそこ"
3.5217862034174,-0.512201506995249,0,1,"あっち"
4.41659534678399,0.0409770802769865,0,1,"あれ"
3.52800841863754,-0.214666311981864,0,1,"ここ"
4.12272111509778,-0.249029868284415,0,1,"こっち"
2.99953374468256,-0.174114658158128,0,1,"これ"
5.84017358377493,0.397660837424698,0,1,"そこ"
5.55770853098073,0.341905412866961,0,1,"そっち"
5.45476065526894,0.337478513542046,0,1,"それ"
4.58784728450159,0.453070893190948,0,1,"ぼく"
4.58954965683844,0.534249350959914,0,1,"わたし"
6.09517673232937,0.242289563973412,0,1,"だれ"
5.20044726633891,0.100880141560408,0,1,"どこ"
5.16696840326194,0.248208453333856,0,1,"どっち"
6.33328585283838,0.31512321303574,0,1,"どれ"
4.25323897579717,0.0753828609510635,0,1,"なに"
4.38892048672799,0.258666029610255,0,1,"なんで"
6.41502946937103,-0.00516322775400844,0,1,"上 (うえ)"
7.62458093299694,0.227080575164339,0,1,"後ろ (うしろ)"
7.47536425126534,0.0650555387697532,0,1,"下 (した)"
6.78749603282259,-0.00452147988964284,0,1,"外 (そと)"
7.35343268778217,0.554340246547771,0,1,"ところ・とこ"
5.91186504367174,0.388224935354752,0,1,"中 (なか)"
4.20256138974529,0.407032405021366,0,1,"反対 (はんたい)"
5.47342250304209,0.309350813136626,0,1,"前 (まえ)"
8.28162445173905,0.480276228964311,0,1,"まん中 (まんなか)"
6.05070739747678,0.488692497558296,0,1,"向こう (むこう)"
8.09201202129093,0.464294128687424,0,1,"横 (よこ)"
6.35410350011843,-0.0766467243794748,0,1,"一緒 (いっしょ)"
5.99402236191783,-0.203668780324185,0,1,"いっぱい"
3.29535521705905,0.299904537653605,0,1,"無し (なし; 数量をあらわすことば)"
5.91604238441752,0.121230712137363,0,1,"ひとつ"
6.90303003061753,0.138684509828805,0,1,"みんな"
4.81177208333114,-0.323305727337415,0,1,"もう一回 (もういっかい)"
4.30468992846332,0.128618345840693,0,1,"もうひとつ・もひとつ"
5.04954386594121,-0.111027618294057,0,1,"もっと"
2.93855567343135,-0.211744308385374,0,1,"エンエン (泣く; なく)"
4.37262038627138,-0.503049340778606,0,1,"おてて (お手々)"
4.82765419698367,-0.0556464655278883,0,1,"おんぶ"
2.38145878701997,0.0119019998091315,0,1,"カーカー (カラス)"
4.0918190919598,-0.0657751486418205,0,1,"きれいきれい"
2.08434356798282,-0.488682587379303,0,1,"クック (靴; くつ)"
3.38913656331049,-0.0203887503870446,0,1,"ぐるぐる"
4.18865417712141,0.0294906114481572,0,1,"ごっつん"
2.63474602472245,-0.381735297324806,0,1,"ジャー (水などこぼす時)"
2.41104311595722,-0.492499831103424,0,1,"ジージ・ジジ (祖父; そふ)"
2.20524008179367,0.89263911633538,0,1,"ジージ (字; じ)"
2.05640943299548,-0.0161120378132617,0,1,"シーシ (おしっこ)"
2.24611443197021,0.864799192044955,0,1,"タイタイ・おとと (魚; さかな)"
4.70645437703773,-0.583052295443874,0,1,"だっこ"
1.94126610913057,0.665652999777293,0,1,"ちゃんこ (おすわり)"
2.69342653659994,0.125911538935684,0,1,"チューチュー (ねずみ)"
2.54573636110269,0.174020120923215,0,1,"チュンチュン (鳥; とり)"
4.11252642423437,0.204763064302452,0,1,"チョキチョキ (はさみ)"
2.19153437309952,-0.460206300424456,0,1,"ないない (片づけ; かたづけ)"
3.06139615179248,-0.675464511947533,0,1,"ネンネ"
2.05187820719047,-0.549615239495008,0,1,"バーバ・ババ (祖母; そぼ)"
2.92290512496699,0.467562625070693,0,1,"パカパカ (馬; うま)"
2.53089582559606,0.1240929787888,0,1,"パクパク (食べる時)"
3.07189212276546,0.208939402792352,0,1,"ぴよぴよ (ひよこ)"
2.69060278622253,-0.0900600293089843,0,1,"ブーブー (豚; ぶた)"
2.41686798875323,0.0284062418910247,0,1,"ブーン (飛行機; ひこうき)"
2.24433078602081,0.0725805874521029,0,1,"ポーン (投げる; なげる)"
1.86546867531253,-0.00619660902913928,0,1,"ポンポン (おなか)"
0.596433536626182,0.136159150595545,0,1,"マンマ (食べ物; たべもの)"
1.25128861463071,-0.12645068335958,0,1,"あっ"
5.67289073419879,0.382830303334298,0,1,"あのね"
2.66356305470641,0.172439820569087,0,1,"あれっ・あら"
5.20488363402805,-0.129591111401329,0,1,"いいよ"
2.13652411099595,-0.400741162662555,0,1,"いや"
2.47092313041347,0.200071985033879,0,1,"ううん (打ち消し)"
2.33503994880971,-0.435952349413368,0,1,"うん (返事として)"
4.58872109318317,0.235693170582061,0,1,"えっと・ええと"
4.58712098264659,0.554045938869978,0,1,"そうそう"
3.20404775738392,0.150619850123513,0,1,"ねえ"
5.78270904365561,0.496210055985547,0,1,"ほら"
3.42856249413979,-0.0915500173950407,0,1,"もしもし"
3.21358831696557,-0.408052895109726,0,1,"やだ・いやだ"
1.70333192015756,0.55134206120396,0,1,"ん (間をとるのに)"
3.67633795830972,-0.792047902732343,0,1,"あった (見つけた時に)"
4.77468664651736,-0.247671795563955,0,1,"おいで"
3.16507681698181,-0.488781527320171,0,1,"カンパーイ (乾杯; かんぱい)"
6.94111986212929,0.295774568442247,0,1,"今度 (こんど)"
7.62182295284947,0.330226393793131,0,1,"しまう"
7.03009308454998,0.198184829187058,0,1,"また"
4.56732127598485,0.230020694851405,0,1,"もう"
2.49912131833123,-0.327933983288171,0,1,"よいしょ"
3.67558986076196,-0.137687107766159,0,1,"よしよし"
6.01534833872646,-0.003090008658521,0,1,"海老 (えび; 生き物の名前)"
4.97418311736694,0.370903080688907,0,1,"オオカミ"
6.04775291867606,0.121891056008088,0,1,"キツネ"
5.11025515808093,0.138860437019287,0,1,"クジラ (生き物の名前)"
4.79934268333694,0.0354317771453502,0,1,"ゴリラ"
5.78521944490601,0.159037152052801,0,1,"タヌキ"
5.72468449454245,0.13370383581239,0,1,"羊 (ひつじ; 生き物の名前)"
3.45660043207123,0.456888591703749,0,1,"三輪車 (さんりんしゃ)"
3.82329111171407,-0.140546943019854,0,1,"消防車 (しょうぼうしゃ)"
2.33057678496263,0.569291094530072,0,1,"ダンプカー"
4.2128360669205,0.0430046927917548,0,1,"バイク"
4.34370762578611,0.10402732477293,0,1,"ヘリコプター"
5.53369665107855,0.0846191710777368,0,1,"クレヨン"
4.79271365077604,0.468100415144981,0,1,"ゲーム"
6.41153706556631,0.0350811441062187,0,1,"シャボン玉 (しゃぼんだま)"
6.33242637051364,0.133370066200212,0,1,"太鼓  (たいこ)"
5.8377981322107,0.312473681310315,0,1,"粘土 (ねんど)"
5.03837126365346,0.412127843554187,0,1,"糊 (のり)"
6.5907424047651,0.131264151396468,0,1,"パズル"
3.72121964951655,1.0966391496093,0,1,"バット (おもちゃ)"
7.66757960452535,0.319171129455649,0,1,"プレゼント"
4.40694454612099,0.0608508020137329,0,1,"ペン"
6.10832377389751,-0.0877940579158531,0,1,"おいも"
6.74125877562879,-0.134690430842752,0,1,"お菓子 (おかし)"
4.6702026946825,0.674179132323891,0,1,"お砂糖 (おさとう)"
5.67582363401287,0.205317750937005,0,1,"おすし"
4.15121203014773,0.360398525106222,0,1,"柿 (かき)"
6.24602762967235,-0.0538736047106203,0,1,"かぼちゃ"
3.59882241683856,0.87158462612044,0,1,"ガム"
5.75202699750145,-0.0421441621087904,0,1,"きゅうり"
5.47358294880554,0.0795777044671366,0,1,"クッキー"
4.49583461204093,0.236701904947287,0,1,"コーヒー"
4.00541296504261,0.11768282236907,0,1,"氷 (こおり)"
4.91745771656125,0.0399029683113828,0,1,"コーン (食べ物)"
7.70045115831536,0.215798287543512,0,1,"サンドイッチ"
5.14202323147987,0.347014633805696,0,1,"ジャム"
6.03563070585437,0.472190765844832,0,1,"しょうゆ"
5.53007600522327,-0.0521923034497478,0,1,"スープ"
4.56312460910435,0.164152465086203,0,1,"スパゲッティー"
4.42208859455862,-0.129611790863472,0,1,"ゼリー"
6.06574083348434,0.0556645149625448,0,1,"せんべい"
5.69126727618992,0.0692811086067668,0,1,"大根 (だいこん)"
5.94595285292714,0.183483291770581,0,1,"チョコレート"
6.99054277759222,-0.000819059020960519,0,1,"ドーナツ"
5.08755838774383,0.190742547031528,0,1,"梨 (なし)"
5.96433587996515,0.131159222614022,0,1,"ナス (食べ物)"
5.09296822217621,-0.171078173500294,0,1,"納豆 (なっとう)"
6.15688036392436,-0.095703630820734,0,1,"海苔 (のり)"
6.01286876005706,0.463826472507268,0,1,"バター"
4.85559031447003,0.14606087029421,0,1,"ハム"
8.52095357006595,-0.0480568095146405,0,1,"ハンバーグ"
5.69651261311668,0.0308211280911245,0,1,"ピーマン"
7.05421257055735,0.261086967231513,0,1,"ほうれん草 (ほうれんそう)"
3.57470705903518,0.949930007540511,0,1,"ポッキー"
6.38362987350955,0.161168799164322,0,1,"ホットケーキ"
3.46237578132107,0.34328743723541,0,1,"ポテト (チップス)"
5.33082978508856,0.0612780865877053,0,1,"メロン"
7.97453728911931,0.118003965506417,0,1,"野菜 (やさい)"
6.37588718816027,-0.114058197326519,0,1,"ヨーグルト"
4.93284818477061,0.147727930851824,0,1,"ラーメン"
2.19753400796772,1.42714014452148,0,1,"ズック"
5.89071160268811,0.706212840508305,0,1,"セーター"
2.93749013170233,0.934141360384262,0,1,"ソックス"
5.1779354876756,0.873402728547428,0,1,"タイツ"
5.40209692836151,0.559489069127296,0,1,"チャック"
6.33282885101631,0.813086435184341,0,1,"ネクタイ"
5.75136768390374,0.756604103789318,0,1,"ネックレス"
5.38836498818236,0.664293250209188,0,1,"マフラー"
5.58733881327002,0.317774166015814,0,1,"顎 (あご)"
6.16718658658025,0.174965602635218,0,1,"おでこ"
6.13432674777728,0.19596262149137,0,1,"肩 (かた)"
8.20606583000431,0.16494379273835,0,1,"首 (くび)"
8.05616311781534,0.248397349062236,0,1,"怪我 (けが)"
8.58077217960773,0.155127695624347,0,1,"背中 (せなか)"
4.63882073360794,0.337059035107855,0,1,"眉・眉毛 (まゆ・まゆげ)"
4.18985881111545,0.615150354311383,0,1,"エアコン"
4.58347635051751,0.959130265707216,0,1,"押し入れ (おしいれ)"
4.63490016936238,0.824103876184266,0,1,"げた箱 (げたばこ)"
3.47913390946837,1.16754420627279,0,1,"こたつ"
5.08704682868999,0.704648949626357,0,1,"水道 (すいどう)"
5.75139251980751,0.864614810040924,0,1,"たたみ"
4.89318021762372,0.544088570904551,0,1,"駐車場 (ちゅうしゃじょう)"
5.01136355952099,0.381264030013356,0,1,"ドライヤー"
4.53032849723916,0.536641567525737,0,1,"レンジ"
5.16480357810326,0.736510370255024,0,1,"アイロン"
6.8968141973571,0.380068373880892,0,1,"かご"
5.92792246793275,0.638306893514794,0,1,"缶 (かん)"
5.6221361905285,0.926314899607916,0,1,"釘 (くぎ)"
7.201519473916,0.1352937804349,0,1,"ストロー"
6.4850048081802,0.667475562362875,0,1,"雑巾 (ぞうきん)"
6.86671142488453,0.29555921412481,0,1,"テープ"
6.49997699167167,0.66040397044521,0,1,"ナイフ"
7.87043107152152,0.341141579315692,0,1,"鍋 (なべ)"
6.42761134950526,0.655695609782567,0,1,"瓶 (びん)"
6.73757304835512,0.34206504651634,0,1,"フライパン"
6.45487483716405,0.281664380064731,0,1,"包丁 (ほうちょう)"
7.16071732067907,0.799631030294614,0,1,"ポット"
6.02023171983536,0.514785757204512,0,1,"マイク"
4.73825205695874,0.92379501248642,0,1,"目覚まし (めざまし)"
7.80492058318943,-0.113538204774925,0,1,"石 (いし)"
4.81381279984768,0.929337872656711,0,1,"岩 (いわ)"
6.18110749519597,0.551007697190385,0,1,"枝 (えだ)"
7.30633522032442,0.326946155416039,0,1,"お天気 (おてんき)"
7.5870094436516,0.141180976462704,0,1,"風 (かぜ)"
5.54659630265869,0.213547058143296,0,1,"草 (くさ)"
7.9737732354101,0.0918976715028208,0,1,"雲 (くも)"
4.87683824446517,0.656482539634679,0,1,"はしご"
5.75992155319124,0.631526056258925,0,1,"旗 (はた)"
7.19796901253859,0.528897019424231,0,1,"ベランダ"
6.45024049536231,0.682060107405725,0,1,"ホース"
4.85614918233403,0.915154255218662,0,1,"水まき (みずまき)"
9.11511624220552,0.309106677733042,0,1,"道 (みち)"
8.08878384316378,0.495190956786308,0,1,"屋根 (やね)"
7.76084555204137,0.301427638540847,0,1,"雪だるま (ゆきだるま)"
5.72213258024384,0.734471324744166,0,1,"映画 (えいが)"
3.9440539001618,1.02524935700281,0,1,"ガソリンスタンド"
5.09298213509127,0.983129793707342,0,1,"キャンプ"
4.76586935823504,1.08418515021217,0,1,"サーカス"
5.24285032478557,0.333286492561733,0,1,"スーパー (お店)"
6.67127992877855,0.8620824486734,0,1,"デパート"
6.41751463530279,0.51958700725054,0,1,"ピクニック"
6.54445816704981,0.715535050142028,0,1,"森 (もり)"
5.89068569737361,0.361523332401558,0,1,"山 (やま)"
4.1496829700127,0.601249425672155,0,1,"幼稚園 (ようちえん)"
6.7772576725861,0.531858048798768,0,1,"レストラン"
8.34620301490062,0.289360007097766,0,1,"お医者さん (おいしゃさん)"
6.12962352910396,0.720166984596805,0,1,"王様 (おうさま)"
4.53957579977731,0.650881531315349,0,1,"お相撲さん (おすもうさん)"
5.61489924774312,0.618560826605705,0,1,"お姫様 (おひめさま)"
5.9296788526596,0.41498647524412,0,1,"おまわりさん"
7.0821041665732,0.810819820798242,0,1,"看護師さん (かんごしさん)"
5.15625628661236,0.0829207330236633,0,1,"先生の名前 (せんせいのなまえ)"
2.61499594331283,0.466773779631078,0,1,"ペットの名前 (なまえ)"
4.7127196828768,0.527556254035571,0,1,"郵便屋さん (ゆうびんやさん)"
8.05537609752711,-0.0856553360203838,0,1,"お歌 (おうた)"
12.8837312018934,0.056445352382077,0,1,"お買い物 (おかいもの)"
7.54288650872431,-0.0552459763067204,0,1,"おやつ"
2.31540066728956,-0.494376737937127,0,1,"シー (しずかにすること)"
4.09944747123717,0.0418211516341403,0,1,"じゃんけんぽん"
7.21402963889113,-0.111257105909542,0,1,"歯磨き (はみがき)"
9.74662009025363,0.148441246667899,0,1,"言う(いう)"
4.66390633835681,0.0630473949392447,0,1,"要る (いる)"
8.76202268539557,0.189375934280722,0,1,"押す (おす)"
7.79087562723078,0.244588491774761,0,1,"踊る (おどる)"
2.59143556687042,1.0250419600493,0,1,"おぶう (おんぶすること)"
9.62587038531732,0.332329133580241,0,1,"泳ぐ (およぐ)"
7.38386865936937,0.057566301626213,0,1,"終わる (おわる)"
9.86958365616048,0.107533778253884,0,1,"買う (かう)"
10.4943480792924,0.373530492402636,0,1,"隠す (かくす)"
9.24388175825332,0.477532780773355,0,1,"かける"
8.19146921563414,0.344749556138074,0,1,"被る (かぶる)"
6.93528160438577,0.325036796362557,0,1,"消える(きえる)"
10.1753103261194,0.264732729327955,0,1,"聞く (きく)"
7.13475731315362,0.23866545256916,0,1,"聞こえる (きこえる)"
10.2259326181856,0.218538427497262,0,1,"切る (きる)"
7.35121167666432,0.224600654730031,0,1,"くっつける"
8.00678025207293,0.305517826710577,0,1,"蹴る (ける)"
10.4573954651162,0.172294107779834,0,1,"壊す (こわす)"
9.67275627955612,0.258475438914137,0,1,"触る (さわる)"
11.7328886966339,0.38590225558,0,1,"知る (しる)"
8.27658911250606,0.255702944116021,0,1,"出す (だす)"
7.54037496547276,0.31723533722821,0,1,"助ける (たすける)"
11.8442727082842,0.260440496290716,0,1,"つかまえる"
7.11467378721751,0.269835536684554,0,1,"着く (つく)"
11.9407427110833,0.186646416873778,0,1,"作る (つくる)"
8.94098868056432,0.348301860951267,0,1,"付ける (つける)"
7.71952478165799,0.187132008837831,0,1,"飛ぶ (とぶ)"
10.9727565496996,0.207648231213506,0,1,"止まる (とまる)"
7.00881397445711,0.296990329340826,0,1,"なおす"
11.7482378478997,0.351628218181088,0,1,"舐める (なめる)"
8.20176541292593,0.35542574711223,0,1,"…なる"
9.51049378636492,0.302989621939709,0,1,"逃げる (にげる)"
9.0031316222691,0.277915717997604,0,1,"塗る (ぬる)"
9.70643938393166,0.261271812431942,0,1,"登る (のぼる)"
10.4543686134632,0.337282273361301,0,1,"運ぶ (はこぶ)"
9.85487160890941,0.112582964560655,0,1,"走る (はしる)"
9.78264658329823,0.291594924234487,0,1,"引っぱる (ひっぱる)"
11.3057403067564,0.277493847386187,0,1,"拾う (ひろう)"
7.67621681034954,0.481725520851792,0,1,"吹く (ふく)"
11.0058459598371,0.275785078766389,0,1,"ぶつかる"
10.0317900896849,0.293261555251963,0,1,"回る (まわる)"
7.73452148072025,0.2242765459762,0,1,"見える (みえる)"
8.69438440015507,0.312481916282701,0,1,"むく (皮などを)"
9.48835006887135,0.265549615047032,0,1,"もらう"
9.76079435877111,0.301335663745272,0,1,"破る (やぶる)"
9.84066287863956,0.297610629106999,0,1,"汚す (よごす)"
10.3002557342398,0.334745992974209,0,1,"呼ぶ (よぶ)"
7.89100489419272,0.306686652491281,0,1,"わかる"
5.37979898070101,0.287972794678979,0,1,"明日 (あした)"
6.45656603364725,0.449197280598313,0,1,"昨日 (きのう)"
8.19514414884891,0.503697355992573,0,1,"時間 (じかん)"
6.8423563473558,0.672387607865546,0,1,"夕方 (ゆうがた)"
4.06107854362102,-0.181726024815394,0,1,"青い (あおい)"
7.29222192777699,0.181759381270166,0,1,"明るい (あかるい)"
8.71798421798316,0.322365950744718,0,1,"新しい (あたらしい)"
5.54701531652036,0.575645841115698,0,1,"いじわる"
2.54159825106071,0.314105236643916,0,1,"上手い (うまい)"
6.81408510348868,-0.218052230870338,0,1,"大きい (おおきい)"
6.03133550765557,0.472299742222295,0,1,"おかしい"
10.1426191008989,0.328836543885665,0,1,"遅い (おそい)"
6.24342288889399,0.134155611305722,0,1,"固い (かたい)"
6.66096316183212,0.594443472098944,0,1,"乾いた (かわいた)"
6.36387416703502,0.223154436360898,0,1,"黒い (くろい)"
8.48646951666015,0.288171965980938,0,1,"元気 (げんき)"
6.06375504639237,0.395903022360759,0,1,"四角い (しかくい)"
6.97948972680879,0.133987671077914,0,1,"白い (しろい)"
6.27317686298843,0.049084996931907,0,1,"すごい"
7.94282996626577,0.11025489803938,0,1,"楽しい (たのしい)"
7.46224304321322,0.281881221119204,0,1,"疲れた (つかれた)"
8.81052777720728,0.16748599722804,0,1,"長い (ながい)"
8.45912214238298,0.47619831475261,0,1,"病気 (びょうき)"
7.0591860730775,0.433535222937344,0,1,"変 (へん)"
6.34520130811193,0.460368541893822,0,1,"まずい"
6.74493883940398,0.0786738166110861,0,1,"緑 (みどり)"
8.30535914473369,0.299411367848009,0,1,"難しい (むずかしい)"
8.07481332257673,0.394669008193379,0,1,"やさしい"
10.2464968999286,0.356474945675342,0,1,"柔らかい (やわらかい)"
10.6240147201155,0.296316910642963,0,1,"ゆっくり"
6.60726373237443,0.437545413619953,0,1,"あの"
3.9074742444308,1.13089776269459,0,1,"あんた"
6.01218150158859,0.843672207625191,0,1,"あんな"
5.57831278101235,0.365115343868961,0,1,"こう"
7.90508945098259,0.425223231401498,0,1,"この"
6.96724118357865,0.605528283436151,0,1,"こんな"
5.96818712794561,0.367297588958793,0,1,"そう"
7.42898092168039,0.590915351618846,0,1,"その"
7.27649986416774,0.753423887134803,0,1,"そんな"
3.75987559586842,0.587509475636037,0,1,"ぼくの"
3.97141060566896,0.642852831733009,0,1,"わたしの"
6.35822100155716,0.562453573233642,0,1,"いつ"
7.11084388014257,0.590830673421976,0,1,"どう"
6.11814178108257,0.465659772515659,0,1,"どうして"
4.85730804832978,0.792519105655386,0,1,"なぜ"
7.66442740591879,0.656531387870757,0,1,"あいだ"
7.28966498408611,0.806034370356009,0,1,"内 (うち)"
7.84839285481747,0.804337395856156,0,1,"角 (かど)"
7.29900352731175,0.901371773089119,0,1,"隅 (すみ)"
5.21752823302956,0.726590705373449,0,1,"傍 (そば; 位置と場所についてのことば)"
8.50073821356856,0.414000366618671,0,1,"近く (ちかく)"
6.71449321082715,0.31792729712473,0,1,"次 (つぎ)"
6.92982458798399,0.466381639210905,0,1,"遠く (とおく)"
7.13914721269577,0.354026631756842,0,1,"隣り (となり)"
7.6741818798684,0.714074320541148,0,1,"端 (はし)"
5.04879703716222,0.440839856374044,0,1,"左 (ひだり)"
5.14803635093479,1.07020889686058,0,1,"縁 (ふち)"
10.4321083655157,0.620882723371751,0,1,"周り (まわり)"
4.74276279390006,0.439758917207644,0,1,"右 (みぎ)"
5.3811617408288,1.10936786093443,0,1,"わき (位置と場所についてのことば)"
3.1980174906619,-0.222791337677066,0,1,"一 (いち; 数量をあらわすことば)"
7.61671476368699,0.264526802793592,0,1,"一番 (いちばん)"
4.59788837216674,0.078664198636351,0,1,"一回 (いっかい)"
7.56900644978705,0.0261395352317169,0,1,"同じ (おなじ)"
9.88938525458039,0.0751055439509347,0,1,"全部 (ぜんぶ)"
6.76334194957415,0.221498066753422,0,1,"たくさん"
8.79364991631684,0.156899863864962,0,1,"ちょっと"
5.91182209402993,0.056658898742395,0,1,"半分 (はんぶん)"
8.82297708575742,0.560395020929101,0,1,"ほかの"
5.61730419533353,0.926561759923489,0,1,"そして"
7.2590514070884,0.548860061014431,0,1,"だから"
5.17072311793713,0.791205084189667,0,1,"だけど"
5.25227950015167,0.620822028099239,0,1,"だって"
5.09648359021842,0.664441048271922,0,1,"でも"
3.82941797451842,1.35811984569363,0,1,"もしも"
