[
    {
        "page":"back",
        "contents":[
            {
                "fieldset":"מידע כללי",
                "fields":[
                    {
                        "field":"birth_order"
                    },
                    {
                        "field":"multi_birth_boolean",
                        "div":[
                            "multi_birth"
                        ]
                    },
                    {
                        "field":"birth_weight_kg",
                        "widget_type":"Select",
                        "choices":[
                            {
                                "key":"",
                                "value":"--------"
                            },
                            {
                                "key":"1.0",
                                "value":"פחות מ 1,500 גרם"
                            },
                            {
                                "key":"3.0",
                                "value":"1,500 - 1,749 גרם"
                            },
                            {
                                "key":"3.5",
                                "value":"1,750 - 1,999 גרם"
                            },
                            {
                                "key":"4.0",
                                "value":"2,000 - 2,249 גרם"
                            },
                            {
                                "key":"4.5",
                                "value":"2,250 - 2,499 גרם"
                            },
                            {
                                "key":"5.0",
                                "value":"2,500 - 2,749 גרם"
                            },
                            {
                                "key":"5.5",
                                "value":"2,750 - 2,999 גרם"
                            },
                            {
                                "key":"6.0",
                                "value":"3,000 - 3,249 גרם"
                            },
                            {
                                "key":"6.5",
                                "value":"3,250 - 3,499 גרם"
                            },
                            {
                                "key":"7.0",
                                "value":"3,500 - 3,749 גרם"
                            },
                            {
                                "key":"7.5",
                                "value":"3,750 - 3,999 גרם"
                            },
                            {
                                "key":"8.0",
                                "value":"4,000 - 4,249 גרם"
                            },
                            {
                                "key":"8.5",
                                "value":"4,250 - 4,499 גרם"
                            },
                            {
                                "key":"9.0",
                                "value":"4,500 - 4,749 גרם"
                            },
                            {
                                "key":"9.5",
                                "value":"4,750 - 4,999 גרם"
                            },
                            {
                                "key":"10.0",
                                "value":"5,000 גרם או יותר"
                            },
                            {
                                "key":"0.0",
                                "value":"מעדיף לא לענות"
                            }
                        ]
                    },
                    {
                        "field":"born_on_due_date",
                        "div":[
                            "early_or_late",
                            "due_date_diff"
                        ]
                    },
                    {
                        "field":"sibling_boolean",
                        "divs":[
                            {
                                "field":"sibling_count",
                                "css":"",
                                "div":[
                                    "sibling_data"
                                ]
                            }
                        ]
                    }
                ]
            },
            {
                "fieldset":"רקע משפחתי",
                "fields":[
                    {
                        "field":"primary_caregiver",
                        "div":[
                            "primary_caregiver_other"
                        ]
                    },
                    {
                        "field":"mother_yob"
                    },
                    {
                        "field":"mother_education",
                        "help":"נא לציין את מספר שנות הלימוד שהושלמו לצורך קבלת התעודה"
                    },
                    {
                        "field":"secondary_caregiver",
                        "div":[
                            "secondary_caregiver_other"
                        ]
                    },
                    {
                        "field":"father_yob"
                    },
                    {
                        "field":"father_education",
                        "help":"נא לציין את מספר שנות הלימוד שהושלמו לצורך קבלת התעודה"
                    },
                    {
                        "field":"annual_income",
                        "widget_type":"Select",
                        "choices":[
                            {
                                "key":"",
                                "value":"--------"
                            },
                            {
                                "key":"<25000",
                                "value":"פחות מ5000 שח"
                            },
                            {
                                "key":"25000-50000",
                                "value":"5,000-10,000 שח"
                            },
                            {
                                "key":"50000-75000",
                                "value":"10,000-15,000 שח"
                            },
                            {
                                "key":"75000-100000",
                                "value":"15,000-20,000 שח"
                            },
                            {
                                "key":"100000-125000",
                                "value":"20,000-25,000 שח"
                            },
                            {
                                "key":"125000-150000",
                                "value":"25,000-30,000 שח"
                            },
                            {
                                "key":"150000-175000",
                                "value":"30,000-40,000 שח"
                            },
                            {
                                "key":"175000-200000",
                                "value":"40,000-50,000 שח"
                            },
                            {
                                "key":">200000",
                                "value":"מעל 50,000 שח"
                            },
                            {
                                "key":"Prefer not to disclose",
                                "value":"מעדיף לא לענות"
                            }
                        ]
                    }
                ]
            },
            {
                "fieldset":"מידת הדתיות של המשפחה",
                "fields":[
                    {
                        "html":"<p>כיצד היית מגדיר את מידת הדתיות של המשפחה שלך?</p>"
                    },
                    {
                        "field":"child_ethnicity",
                        "widget_type":"CheckboxSelectMultiple",
                        "choices":[
                            {
                                "key":"N",
                                "value":"כלל לא דתי"
                            },
                            {
                                "key":"A",
                                "value":"מסורתי"
                            },
                            {
                                "key":"H",
                                "value":"דתי"
                            },
                            {
                                "key":"B",
                                "value":"חרדי"
                            },
                            {
                                "key":"W",
                                "value":"אחר"
                            },
                            {
                                "key":"O",
                                "value":"מעדיף לא לענות"
                            }
                        ]
                    }
                ]
            },
            {
                "fieldset":"מידע על ההורים",
                "fields":[
                    {
                        "field":"caregiver_info"
                    }
                ]
            },
            {
                "fieldset":"חשיפה לשפות",
                "fields":[
                    {
                        "field":"other_languages_boolean",
                        "divs":[
                            {
                                "field":"other_languages",
                                "choices":[
                                    {
                                        "key":"Russian",
                                        "value":"רוסית"
                                    },
                                    {
                                        "key":"Amharic",
                                        "value":"אמהרית"
                                    },
                                    {
                                        "key":"French",
                                        "value":"צרפתית"
                                    },
                                    {
                                        "key":"English",
                                        "value":"אנגלית"
                                    },
                                    {
                                        "key":"Spanish",
                                        "value":"ספרדית"
                                    },
                                    {
                                        "key":"Arabic",
                                        "value":"ערבית"
                                    },
                                    {
                                        "key":"Other",
                                        "value":"אחר"
                                    }
                                ],
                                "css":"make-selectize",
                                "div":[
                                    "language_from",
                                    "language_days_per_week",
                                    "language_hours_per_day"
                                ]
                            }
                        ]
                    }
                ]
            },
            {
                "fieldset":"בריאות",
                "fields":[
                    {
                        "field":"ear_infections_boolean",
                        "div":[
                            "ear_infections"
                        ]
                    },
                    {
                        "field":"hearing_loss_boolean",
                        "div":[
                            "hearing_loss"
                        ]
                    },
                    {
                        "field":"vision_problems_boolean",
                        "div":[
                            "vision_problems"
                        ]
                    },
                    {
                        "field":"illnesses_boolean",
                        "div":[
                            "illnesses"
                        ]
                    },
                    {
                        "field":"services_boolean",
                        "div":[
                            "services"
                        ]
                    },
                    {
                        "field":"worried_boolean",
                        "div":[
                            "worried"
                        ]
                    },
                    {
                        "field":"learning_disability_boolean",
                        "div":[
                            "learning_disability"
                        ]
                    }
                ]
            }
        ]
    },
    {
        "page":"front",
        "contents":[
            {
                "fieldset":"מידע כללי",
                "fields":[
                    {
                        "field":"form_filler",
                        "div":[
                            "form_filler_other"
                        ]
                    },
                    {
                        "field":"child_dob"
                    },
                    {
                        "field":"age"
                    },
                    {
                        "field":"sex"
                    }
                ]
            }
        ]
    }
]