[
    {
        "page":"back",
        "contents":[
            {
                "fieldset":"Información básica",
                "fields":[
                    {
                        "field":"birth_order"
                    },
                    {
                        "field":"multi_birth_boolean",
                        "div":[
                            "multi_birth"
                        ]
                    },
                    {
                        "field":"birth_weight_lb",
                        "widget_type":"Select"
                    },
                    {
                        "field":"born_on_due_date",
                        "div":[
                            "early_or_late",
                            "due_date_diff"
                        ]
                    }
                ]
            },
            {
                "fieldset":"Informe Familiar",
                "fields":[
                    {
                        "field":"primary_caregiver",
                        "div":[
                            "primary_caregiver_other"
                        ]
                    },
                    {
                        "field":"mother_yob"
                    },
                    {
                        "field":"mother_education"
                    },
                    {
                        "field":"secondary_caregiver",
                        "div":[
                            "secondary_caregiver_other"
                        ]
                    },
                    {
                        "field":"father_yob"
                    },
                    {
                        "field":"father_education"
                    },
                    {
                        "field":"annual_income",
                        "widget_type":"Select"
                    }
                ]
            },
            {
                "fieldset":"Etnicidad del Niño(a)",
                "fields":[
                    {
                        "html":"<p>El único propósito de la siguente información es para informar a nuestro instituto de financiamiento, es decir NIH (Instituto Nacional de Salud). NIH requiere esta información para garantizar la solidez e inclusión de nuestras investigaciones. Su cooperación es apreciada, pero opcional.</p>"
                    },
                    {
                        "field":"child_hispanic_latino",
                        "label":"¿El niño(a) es Hispano o Latino?"
                    },
                    {
                        "field":"child_ethnicity",
                        "widget_type":"CheckboxSelectMultiple",
                        "choices":[
                            {
                                "key":"N",
                                "value":"Nativo Americano / Nativo de Alaska"
                            },
                            {
                                "key":"A",
                                "value":"Asiático"
                            },
                            {
                                "key":"H",
                                "value":"Nativo Hawaiano o Otro Isleño del Pacífico"
                            },
                            {
                                "key":"B",
                                "value":"Negro o Afroamericano"
                            },
                            {
                                "key":"W",
                                "value":"Blanco"
                            },
                            {
                                "key":"O",
                                "value":"Otro"
                            }
                        ]
                    }
                ]
            },
            {
                "fieldset":"Información del Tutor",
                "fields":[
                    {
                        "field":"caregiver_info"
                    }
                ]
            },
            {
                "fieldset":"Exposición al lenguaje",
                "fields":[
                    {
                        "field":"other_languages_boolean",
                        "divs":[
                            {
                                "field":"other_languages",
                                "css":"make-selectize",
                                "div":[
                                    "language_from",
                                    "language_days_per_week",
                                    "language_hours_per_day"
                                ]
                            }
                        ]
                    }
                ]
            },
            {
                "fieldset":"Salud",
                "fields":[
                    {
                        "field":"ear_infections_boolean",
                        "div":[
                            "ear_infections"
                        ]
                    },
                    {
                        "field":"hearing_loss_boolean",
                        "div":[
                            "hearing_loss"
                        ]
                    },
                    {
                        "field":"vision_problems_boolean",
                        "div":[
                            "vision_problems"
                        ]
                    },
                    {
                        "field":"illnesses_boolean",
                        "div":[
                            "illnesses"
                        ]
                    },
                    {
                        "field":"services_boolean",
                        "div":[
                            "services"
                        ]
                    },
                    {
                        "field":"worried_boolean",
                        "div":[
                            "worried"
                        ]
                    },
                    {
                        "field":"learning_disability_boolean",
                        "div":[
                            "learning_disability"
                        ]
                    }
                ]
            }
        ]
    },
    {
        "page":"front",
        "contents":[
            {
                "fieldset":"Información básica",
                "fields":[
                    {
                        "field":"form_filler",
                        "div":[
                            "form_filler_other"
                        ]
                    },
                    {
                        "field":"source_id"
                    },
                    {
                        "field":"child_dob"
                    },
                    {
                        "field":"age"
                    },
                    {
                        "field":"sex"
                    },
                    {
                        "field":"country",
                        "div":[
                            "zip_code"
                        ]
                    },
                    {
                        "field":"mother_yob_confirmation"
                    },
                    {
                        "field":"birth_weight_confirmation_lb",
                        "widget_type":"Select"
                    }
                ]
            }
        ]
    }
]
