itemID,item,item_type,category,choices,definition,gloss,enabler,enable_response
item1,am,word,sounds,produces,¡am!,,,
item2,ay,word,sounds,produces,¡ay!,,,
item3,beemee,word,sounds,produces,bee/mee,,,
item4,cuacua,word,sounds,produces,cua-cuá,,,
item5,guagua,word,sounds,produces,guau-guau/ba-bau,,,
item6,miau,word,sounds,produces,miau,,,
item7,muu,word,sounds,produces,muu,,,
item8,piopio,word,sounds,produces,pio-pío,,,
item9,pum,word,sounds,produces,¡pum!,,,
item10,qiqiriqi,word,sounds,produces,qui-qui-ri-quí,,,
item11,rumrum,word,sounds,produces,rum-rum (coche),,,
item12,tutu,word,sounds,produces,tu-tú,,,
item13,abeja,word,animals,produces,abeja,,,
item14,animal,word,animals,produces,animal,,,
item15,arana,word,animals,produces,araña,,,
item16,ardilla,word,animals,produces,ardilla,,,
item17,ballena,word,animals,produces,ballena,,,
item18,bicho,word,animals,produces,bicho,,,
item19,burro,word,animals,produces,burro,,,
item20,caballo,word,animals,produces,caballo,,,
item21,cebra,word,animals,produces,cebra,,,
item22,chancho,word,animals,produces,chancho,,,
item23,ciervo,word,animals,produces,ciervo/bambi,,,
item24,cocdrilo,word,animals,produces,cocodrilo,,,
item25,conejo,word,animals,produces,conejo,,,
item26,cucaracha,word,animals,produces,cucaracha,,,
item27,elefante,word,animals,produces,elefante,,,
item28,foca,word,animals,produces,foca,,,
item29,gallina,word,animals,produces,gallina,,,
item30,gato,word,animals,produces,gato,,,
item31,gusano,word,animals,produces,gusano,,,
item32,hippotmo,word,animals,produces,hipopótamo,,,
item33,hormiga,word,animals,produces,hormiga,,,
item34,jirafa,word,animals,produces,jirafa,,,
item35,lechuza,word,animals,produces,lechuza,,,
item36,leon,word,animals,produces,león,,,
item37,lobo,word,animals,produces,lobo,,,
item38,mariposa,word,animals,produces,mariposa,,,
item39,mono,word,animals,produces,mono,,,
item40,mosca,word,animals,produces,mosca,,,
item41,mosquito,word,animals,produces,mosquito,,,
item42,oso,word,animals,produces,oso,,,
item43,oveja,word,animals,produces,oveja,,,
item44,pajaro,word,animals,produces,pájaro,,,
item45,pato,word,animals,produces,pato,,,
item46,pavo,word,animals,produces,pavo,,,
item47,perro,word,animals,produces,perro,,,
item48,pescado1,word,animals,produces,pescado/pez,,,
item49,pinguino,word,animals,produces,pingüino,,,
item50,pollito,word,animals,produces,pollito,,,
item51,rano,word,animals,produces,rana,,,
item52,raton,word,animals,produces,ratón/rata,,,
item53,sapo,word,animals,produces,sapo,,,
item54,tigre,word,animals,produces,tigre,,,
item55,tortuga,word,animals,produces,tortuga,,,
item56,vaca,word,animals,produces,vaca,,,
item57,vibora,word,animals,produces,víbora,,,
item58,ambulancia,word,vehicles,produces,ambulancia,,,
item59,auto,word,vehicles,produces,auto,,,
item60,auto de policía,word,vehicles,produces,auto de policía,,,
item61,avion,word,vehicles,produces,avión,,,
item62,barco,word,vehicles,produces,barco,,,
item63,biciclet,word,vehicles,produces,bicicleta/bici,,,
item64a,camion,word,vehicles,produces,camión,,,
item64,camibomb,word,vehicles,produces,camión de bombero,,,
item65,cochecito,word,vehicles,produces,cochecito de bebé,,,
item66,helicptr,word,vehicles,produces,helicóptero,,,
item67,micro,word,vehicles,produces,micro/colectivo,,,
item68,moto,word,vehicles,produces,moto,,,
item69,tractor,word,vehicles,produces,tractor,,,
item70,tren,word,vehicles,produces,tren,,,
item71,tricicl1,word,vehicles,produces,triciclo,,,
item72,taxi,word,vehicles,produces,taxi,,,
item73,aceituna,word,food_drink,produces,aceituna,,,
item74,agua,word,food_drink,produces,agua,,,
item75,alfajor,word,food_drink,produces,alfajor,,,
item76,arroz,word,food_drink,produces,arroz,,,
item77,atun,word,food_drink,produces,atún,,,
item78,azucar,word,food_drink,produces,azúcar,,,
item79,banana,word,food_drink,produces,banana,,,
item80,cafe,word,food_drink,produces,café,,,
item81,calabaza,word,food_drink,produces,calabaza,,,
item82,caramelo,word,food_drink,produces,caramelo,,,
item83,carne,word,food_drink,produces,carne,,,
item84,cereal,word,food_drink,produces,cereales,,,
item85,chicle,word,food_drink,produces,chicle,,,
item86,choclo,word,food_drink,produces,choclo,,,
item87,chocolatada,word,food_drink,produces,chocolatada,,,
item88,chocolat,word,food_drink,produces,chocolate,,,
item89,chupetin,word,food_drink,produces,chupetín,,,
item90,coca,word,food_drink,produces,coca,,,
item91,comida,word,food_drink,produces,comida/papa,,,
item92,dulce,word,food_drink,produces,dulce,,,
item93,durazno,word,food_drink,produces,durazno,,,
item94,empanada,word,food_drink,produces,empanada,,,
item95,fideos,word,food_drink,produces,fideos,,,
item96,frutilla,word,food_drink,produces,frutilla,,,
item97,galletita,word,food_drink,produces,galletita,,,
item98,gellatin,word,food_drink,produces,gelatina,,,
item99,hamburgs,word,food_drink,produces,hamburguesa/Paty,,,
item100,helado,word,food_drink,produces,helado,,,
item101,hielo,word,food_drink,produces,hielo,,,
item102,huevo,word,food_drink,produces,huevo,,,
item103,jamon,word,food_drink,produces,jamón,,,
item104,jugo,word,food_drink,produces,jugo,,,
item105,leche,word,food_drink,produces,leche,,,
item106,lentejas,word,food_drink,produces,lentejas,,,
item107,licuado,word,food_drink,produces,licuado,,,
item108,limonad,word,food_drink,produces,limonada,,,
item109,mani,word,food_drink,produces,maní,,,
item110,manteca,word,food_drink,produces,manteca,,,
item111,manzana,word,food_drink,produces,manzana,,,
item112,mate,word,food_drink,produces,mate,,,
item113,melon,word,food_drink,produces,melón,,,
item114,mermelad,word,food_drink,produces,mermelada,,,
item115,milanesa,word,food_drink,produces,milanesa,,,
item116,naranja,word,food_drink,produces,naranja,,,
item117,pan,word,food_drink,produces,pan,,,
item118,papasfritas,word,food_drink,produces,papas fritas,,,
item119,papas,word,food_drink,produces,papas,,,
item120,pescado2,word,food_drink,produces,pescado,,,
item121,pizza,word,food_drink,produces,pizza,,,
item122,pochoclo,word,food_drink,produces,pochoclo,,,
item123,pollo,word,food_drink,produces,pollo,,,
item124,queso,word,food_drink,produces,queso,,,
item125,sal,word,food_drink,produces,sal,,,
item126,salchch,word,food_drink,produces,salchicha/pancho,,,
item127,salsa,word,food_drink,produces,salsa,,,
item128,sandia,word,food_drink,produces,sandía,,,
item129,soda,word,food_drink,produces,soda/gaseosa,,,
item130,sopa,word,food_drink,produces,sopa,,,
item131,te1,word,food_drink,produces,té,,,
item132,tomate,word,food_drink,produces,tomate,,,
item133,torta,word,food_drink,produces,torta,,,
item134,tortila,word,food_drink,produces,tortilla,,,
item135,uvas,word,food_drink,produces,uvas,,,
item136,vainilla,word,food_drink,produces,vainilla,,,
item137,yoghurt,word,food_drink,produces,yogurt,,,
item138,zanahori,word,food_drink,produces,zanahoria,,,
item139,zapallo,word,food_drink,produces,zapallo,,,
item140,lentes,word,clothing,produces,anteojos/lentes,,,
item141,aros,word,clothing,produces,aros,,,
item142,babera,word,clothing,produces,babero,,,
item143,bombacha,word,clothing,produces,bombacha,,,
item144,botas,word,clothing,produces,botas,,,
item145,boton,word,clothing,produces,botón,,,
item146,bufanda,word,clothing,produces,bufanda,,,
item147,buzo,word,clothing,produces,buzo,,,
item148,calzon,word,clothing,produces,calzoncillo,,,
item149,camisa,word,clothing,produces,camisa,,,
item150,campera,word,clothing,produces,campera,,,
item151,cartera,word,clothing,produces,cartera,,,
item152,cierre,word,clothing,produces,cierre,,,
item153,collar,word,clothing,produces,collar,,,
item154,gorra,word,clothing,produces,gorra/gorro,,,
item155,guantes,word,clothing,produces,guantes,,,
item156,gomitas,word,clothing,produces,hebilla (de pelo)/gomita,,,
item157a,malla,word,clothing,produces,malla,,,
item157,medias,word,clothing,produces,medias,,,
item158,mochila,word,clothing,produces,mochila,,,
item159,ojotas,word,clothing,produces,ojotas,,,
item160,pantalon,word,clothing,produces,pantalón,,,
item161,panal,word,clothing,produces,pañal,,,
item162,pijama,word,clothing,produces,pijama,,,
item163,pollera,word,clothing,produces,pollera,,,
item164,pullover,word,clothing,produces,pullover,,,
item165,remera,word,clothing,produces,remera,,,
item166,ropas,word,clothing,produces,ropa,,,
item167,saco,word,clothing,produces,saco,,,
item168,shorts,word,clothing,produces,shorts,,,
item169,sombrero,word,clothing,produces,sombrero,,,
item170,vestido,word,clothing,produces,vestido,,,
item171,zapatilla,word,clothing,produces,zapatilla,,,
item172,zapato,word,clothing,produces,zapato,,,
item173,barba,word,body_parts,produces,barba,,,
item174,bigote,word,body_parts,produces,bigote,,,
item175,boca,word,body_parts,produces,boca,,,
item176,brazo,word,body_parts,produces,brazo,,,
item177,cabeza,word,body_parts,produces,cabeza,,,
item178,cachete,word,body_parts,produces,cachete,,,
item179,cara,word,body_parts,produces,cara,,,
item180,cola,word,body_parts,produces,cola/culo,,,
item181,dedo,word,body_parts,produces,dedo,,,
item182,dientes,word,body_parts,produces,dientes,,,
item183,gargnta,word,body_parts,produces,garganta/cuello,,,
item184,hombro,word,body_parts,produces,hombro,,,
item185,labios,word,body_parts,produces,labios,,,
item186,lengua,word,body_parts,produces,lengua,,,
item187,mano,word,body_parts,produces,mano,,,
item188,nariz,word,body_parts,produces,nariz,,,
item189,ojos,word,body_parts,produces,ojos,,,
item190,ombligo,word,body_parts,produces,ombligo/pupo*,,,
item191,oreja,word,body_parts,produces,oreja,,,
item192,panza,word,body_parts,produces,panza,,,
item193,pecho,word,body_parts,produces,pecho/teta*,,,
item194,pelo,word,body_parts,produces,pelo,,,
item195,pene,word,body_parts,produces,pene/pito*,,,
item196,piernas,word,body_parts,produces,pierna,,,
item197,pies,word,body_parts,produces,pies/patas,,,
item198,rodilla,word,body_parts,produces,rodilla,,,
item199,uñas,word,body_parts,produces,uñas,,,
item200,vagina,word,body_parts,produces,vagina*,,,
item201,birome,word,toys,produces,birome/lapicera,,,
item202,bolitas,word,toys,produces,bolitas,,,
item203,burbujas,word,toys,produces,burbujas,,,
item204,crayones,word,toys,produces,crayones,,,
item205,fibras,word,toys,produces,fibras,,,
item206,cubos,word,toys,produces,cubos,,,
item207,globo,word,toys,produces,globo,,,
item208,hoja,word,toys,produces,hoja/papel,,,
item209,juguete,word,toys,produces,juguete/chiche(s),,,
item210,lapiz,word,toys,produces,lápiz,,,
item211,libro,word,toys,produces,libro/cuento,,,
item212,muneca,word,toys,produces,muñeca,,,
item213,osito,word,toys,produces,osito,,,
item214,patines,word,toys,produces,patines,,,
item215,pelicula,word,toys,produces,película/peli,,,
item216,pelota,word,toys,produces,pelota,,,
item217,peluche,word,toys,produces,peluche,,,
item218,pintura,word,toys,produces,pinturitas,,,
item219,plastlin,word,toys,produces,plastilina,,,
item220,tambor,word,toys,produces,tambor,,,
item221,alfombra,word,household,produces,alfombra,,,
item222,almohada,word,household,produces,almohada,,,
item223,balde,word,household,produces,balde,,,
item224,basura,word,household,produces,basura,,,
item225,bolsa2,word,household,produces,bolsa/bolsita,,,
item226,botlmaml,word,household,produces,botella,,,
item227,caja,word,household,produces,caja,,,
item228,camara,word,household,produces,cámara,,,
item229,canasta,word,household,produces,canasta,,,
item230,celular,word,household,produces,celular/celu,,,
item231,cepillo,word,household,produces,cepillo,,,
item232,cepidnte,word,household,produces,cepillo de dientes,,,
item233,champu,word,household,produces,champú,,,
item234,chupete,word,household,produces,chupete,,,
item235,cigarrs,word,household,produces,cigarros/puchos,,,
item236,clavo,word,household,produces,clavo,,,
item237,cuadro,word,household,produces,cuadro,,,
item238,cuchara,word,household,produces,cuchara,,,
item239,cuchillo,word,household,produces,cuchillo,,,
item240,diario,word,household,produces,diario,,,
item241,dinero,word,household,produces,dinero/plata,,,
item242,escoba,word,household,produces,escoba,,,
item243,espejo,word,household,produces,espejo,,,
item244,fosforo,word,household,produces,fósforo,,,
item245,fotos,word,household,produces,fotos,,,
item246,frazada,word,household,produces,frazada,,,
item247,jabon,word,household,produces,jabón,,,
item248,lampara,word,household,produces,lámpara,,,
item249,llave,word,household,produces,llave,,,
item250,luz,word,household,produces,luz,,,
item251,mamadera,word,household,produces,mamadera/meme*,,,
item252,martillo,word,household,produces,martillo,,,
item253,olla,word,household,produces,olla,,,
item254,panuelo,word,household,produces,pañuelo,,,
item255,papel,word,household,produces,papel,,,
item256,pastdnte,word,household,produces,pasta de dientes,,,
item257,peine,word,household,produces,peine,,,
item258,pelela,word,household,produces,pelela,,,
item259,plancha,word,household,produces,plancha,,,
item260,plato,word,household,produces,plato,,,
item261,reloj,word,household,produces,reloj,,,
item262,remedio,word,household,produces,remedio,,,
item263,servleta,word,household,produces,servilleta,,,
item264,tacho,word,household,produces,tacho de basura,,,
item265,taza,word,household,produces,taza,,,
item266,telefono,word,household,produces,teléfono,,,
item267,tenedor,word,household,produces,tenedor,,,
item268,tijeras,word,household,produces,tijeras,,,
item269,toalla,word,household,produces,toalla,,,
item270,trapo,word,household,produces,trapo,,,
item271,vasos,word,household,produces,vasos,,,
item272,vela,word,household,produces,vela,,,
item273,banco1,word,furniture_rooms,produces,banco,,,
item274,banadera,word,furniture_rooms,produces,bañadera,,,
item275,bano,word,furniture_rooms,produces,baño,,,
item276,biblioteca,word,furniture_rooms,produces,biblioteca,,,
item277,cajon,word,furniture_rooms,produces,cajón,,,
item278,cama,word,furniture_rooms,produces,cama,,,
item279,cochera,word,furniture_rooms,produces,cochera/garage,,,
item280,cocina,word,furniture_rooms,produces,cocina,,,
item281,comptdra,word,furniture_rooms,produces,computadora/compu,,,
item282,cuna,word,furniture_rooms,produces,cuna,,,
item283,ducha,word,furniture_rooms,produces,ducha,,,
item284,escalera,word,furniture_rooms,produces,escaleras,,,
item285,estufa,word,furniture_rooms,produces,estufa,,,
item286,habitacion,word,furniture_rooms,produces,habitación/pieza,,,
item287,heladera,word,furniture_rooms,produces,heladera,,,
item288,horno,word,furniture_rooms,produces,horno,,,
item289,inodoro,word,furniture_rooms,produces,inodoro,,,
item290,lavarropas,word,furniture_rooms,produces,lavarropas,,,
item291,mesa,word,furniture_rooms,produces,mesa,,,
item292,mueble,word,furniture_rooms,produces,mueble,,,
item293,patio1,word,furniture_rooms,produces,patio,,,
item294,pileta,word,furniture_rooms,produces,pileta de lavar las manos,,,
item295,piso,word,furniture_rooms,produces,piso,,,
item296,placard,word,furniture_rooms,produces,placard,,,
item297,puerta,word,furniture_rooms,produces,puerta,,,
item298,silla,word,furniture_rooms,produces,silla,,,
item299,sillon,word,furniture_rooms,produces,sillón,,,
item300,televisn,word,furniture_rooms,produces,televisión/tele,,,
item301,ventana,word,furniture_rooms,produces,ventana,,,
item302,arbol,word,outside,produces,árbol,,,
item303,arena,word,outside,produces,arena,,,
item304,bandera,word,outside,produces,bandera,,,
item305,cielo,word,outside,produces,cielo,,,
item306,cucha,word,outside,produces,cucha,,,
item307,estrella,word,outside,produces,estrella,,,
item308,flor,word,outside,produces,flor,,,
item309,fuego,word,outside,produces,fuego,,,
item310,hamaca,word,outside,produces,hamaca,,,
item311,hojas,word,outside,produces,hojas,,,
item312,humo,word,outside,produces,humo,,,
item313,lluvia,word,outside,produces,lluvia,,,
item314,luna,word,outside,produces,luna,,,
item315,maceta,word,outside,produces,maceta,,,
item316,manguera,word,outside,produces,manguera,,,
item317,nieve,word,outside,produces,nieve,,,
item318,nube,word,outside,produces,nube,,,
item319,pala,word,outside,produces,pala,,,
item320,palo,word,outside,produces,palo,,,
item321,pasto,word,outside,produces,pasto,,,
item322,piedra,word,outside,produces,piedra,,,
item323,pile,word,outside,produces,pileta de natación/pile,,,
item324,planta,word,outside,produces,planta,,,
item325,reja,word,outside,produces,reja,,,
item326,sol,word,outside,produces,sol,,,
item327,techo,word,outside,produces,techo,,,
item328,tierra,word,outside,produces,tierra/barro,,,
item329,timbre,word,outside,produces,timbre,,,
item330,tobogan,word,outside,produces,tobogán,,,
item331,vientair,word,outside,produces,viento/aire,,,
item332,banco2,word,places,produces,banco,,,
item333,bosque,word,places,produces,bosque,,,
item334,calesita,word,places,produces,calesita,,,
item335,calle,word,places,produces,calle,,,
item336,campo,word,places,produces,campo,,,
item337,casa,word,places,produces,casa,,,
item338,cerro,word,places,produces,cerro/montaña,,,
item339,circo,word,places,produces,circo,,,
item340,cumple,word,places,produces,cumpleaños/cumple,,,
item341,escuela,word,places,produces,escuela/cole,,,
item342,fiesta,word,places,produces,fiesta,,,
item343,hospitl,word,places,produces,hospital/clínica,,,
item344,iglstmpl,word,places,produces,iglesia/templo,,,
item345,jardin,word,places,produces,jardín,,,
item346,mar,word,places,produces,mar,,,
item347,pelotero,word,places,produces,pelotero,,,
item348,playa,word,places,produces,playa,,,
item349,plaza,word,places,produces,plaza,,,
item350,rio,word,places,produces,río,,,
item351,tienmerc,word,places,produces,supermercado/súper,,,
item352,vereda,word,places,produces,vereda,,,
item353,zoologic,word,places,produces,zoológico,,,
item354,abuela,word,people,produces,abuela*,,,
item355,abuelo,word,people,produces,abuelo*,,,
item356,amiga,word,people,produces,amiga*,,,
item357,amigo,word,people,produces,amigo*,,,
item358,bebe,word,people,produces,bebé,,,
item359,doctor,word,people,produces,doctor,,,
item360,familia,word,people,produces,familia,,,
item361,hermana,word,people,produces,hermana*,,,
item362,hermano,word,people,produces,hermano*,,,
item363,madrina,word,people,produces,madrina*,,,
item364,maestra,word,people,produces,maestra/seño,,,
item365,mama,word,people,produces,mamá/mami*,,,
item366,niña,word,people,produces,niña/nena,,,
item367,niñera,word,people,produces,niñera*,,,
item368,niño,word,people,produces,niño/nene,,,
item369,padrino,word,people,produces,padrino*,,,
item370,papa,word,people,produces,papá/papi,,,
item371,payaso,word,people,produces,payaso,,,
item372,policia,word,people,produces,policía,,,
item373,prima,word,people,produces,prima*,,,
item374,primo,word,people,produces,primo*,,,
item375,señor,word,people,produces,señor,,,
item376,señora,word,people,produces,señora,,,
item377,tia,word,people,produces,tía*,,,
item378,tio,word,people,produces,tío*,,,
item379,nombre,word,people,produces,(nombre del niño[a]),,,
item380,aver,word,games_routines,produces,a ver... a pasear,,,
item381,adioschau,word,games_routines,produces,adíos-chau,,,
item382,ahivoy,word,games_routines,produces,ahí voy,,,
item383,alagapat,word,games_routines,produces,al agua patos...,,,
item384,arribalasmanos,word,games_routines,produces,arriba las manos,,,
item385,basta,word,games_routines,produces,basta,,,
item386,besitos,word,games_routines,produces,besitos,,,
item387,bravo,word,games_routines,produces,bravo,,,
item388,buennoch,word,games_routines,produces,buenas noches,,,
item389,buendias,word,games_routines,produces,buenos días,,,
item390,chaschas,word,games_routines,produces,chas chas,,,
item391,cosqlits,word,games_routines,produces,cosquillitas,,,
item392,cuco,word,games_routines,produces,Cuco/acá está,,,
item393,dale,word,games_routines,produces,dale,,,
item394,gol,word,games_routines,produces,gol,,,
item395,gracias,word,games_routines,produces,gracias,,,
item396,hola,word,games_routines,produces,hola,,,
item397,ojitos,word,games_routines,produces,ojitos,,,
item398,okey,word,games_routines,produces,okey,,,
item399,perdon,word,games_routines,produces,perdón,,,
item400,pis,word,games_routines,produces,pis,,,
item401,porfavor,word,games_routines,produces,por favor/porfi,,,
item402,pumba,word,games_routines,produces,pumba,,,
item403,manito,word,games_routines,produces,qué linda manito,,,
item404,salud,word,games_routines,produces,salud/chin chin,,,
item405,shhh,word,games_routines,produces,shhh,,,
item406,siesta,word,games_routines,produces,siesta/noni noni,,,
item407,tortitas,word,games_routines,produces,tortitas,,,
item408,unodostres,word,games_routines,produces,"uno, dos, tres",,,
item409,upa,word,games_routines,produces,upa,,,
item410,vamos,word,games_routines,produces,vamos,,,
item411,vivaviva,word,games_routines,produces,viva viva,,,
item412,yaesta,word,games_routines,produces,ya está/listo,,,
item413,abrir,word,action_words,produces,abrir,,,
item414,acabarse,word,action_words,produces,acabar,,,
item415,acompnar,word,action_words,produces,acompañar,,,
item416,acostar,word,action_words,produces,acostar(se),,,
item417,agarrar,word,action_words,produces,agarrar,,,
item418,almorzar,word,action_words,produces,almorzar,,,
item419,andar,word,action_words,produces,andar,,,
item420,apagar,word,action_words,produces,apagar,,,
item421,apurar,word,action_words,produces,apurar(se),,,
item422,arreglar,word,action_words,produces,arreglar(se),,,
item423,asustar,word,action_words,produces,asustar(se),,,
item424,atar,word,action_words,produces,atar,,,
item425,ayudar,word,action_words,produces,ayudar,,,
item426,bailar,word,action_words,produces,bailar,,,
item427,bajarse,word,action_words,produces,bajar(se),,,
item428,bañarse,word,action_words,produces,bañar(se),,,
item429,barrer,word,action_words,produces,barrer,,,
item430,besar,word,action_words,produces,besar,,,
item431,buscar,word,action_words,produces,buscar,,,
item432,caber,word,action_words,produces,caber,,,
item433,caer,word,action_words,produces,caer(se),,,
item434,callarse,word,action_words,produces,callar(se),,,
item435,caminar,word,action_words,produces,caminar,,,
item436,cantar,word,action_words,produces,cantar,,,
item437,cenar,word,action_words,produces,cenar,,,
item438,cerrar,word,action_words,produces,cerrar,,,
item439,chupar,word,action_words,produces,chupar,,,
item440,cocinar,word,action_words,produces,cocinar,,,
item441,comer,word,action_words,produces,comer(se),,,
item442,comprar,word,action_words,produces,comprar,,,
item443,correr,word,action_words,produces,correr,,,
item444,cortar,word,action_words,produces,cortar,,,
item445,dar,word,action_words,produces,dar,,,
item446,decir,word,action_words,produces,decir,,,
item447,dejar,word,action_words,produces,dejar,,,
item448,desyunar,word,action_words,produces,desayunar,,,
item449,dibujar,word,action_words,produces,dibujar,,,
item450,doler,word,action_words,produces,doler,,,
item451,dormir,word,action_words,produces,dormir(se),,,
item452,empujar,word,action_words,produces,empujar,,,
item453,encontra,word,action_words,produces,encontrar,,,
item454,ensenar,word,action_words,produces,enseñar,,,
item455,entrar,word,action_words,produces,entrar,,,
item456,equvcar,word,action_words,produces,equivocar(se),,,
item457,esconder,word,action_words,produces,esconder(se),,,
item458,escribir,word,action_words,produces,escribir,,,
item459,escuchar,word,action_words,produces,escuchar,,,
item460,esperar,word,action_words,produces,esperar(se),,,
item461,ganar,word,action_words,produces,ganar,,,
item462,gritar,word,action_words,produces,gritar,,,
item463,guardar,word,action_words,produces,guardar,,,
item464,gustar,word,action_words,produces,gustar,,,
item465,hablar,word,action_words,produces,hablar,,,
item466,hacer,word,action_words,produces,hacer,,,
item467,hamacar,word,action_words,produces,hamacar,,,
item468,ir,word,action_words,produces,ir(se),,,
item469,jugar,word,action_words,produces,jugar,,,
item470,juntar,word,action_words,produces,juntar,,,
item471,lastimar,word,action_words,produces,lastimar(se),,,
item472,lavar,word,action_words,produces,lavar(se),,,
item473,leer,word,action_words,produces,leer,,,
item474,levntar,word,action_words,produces,levantar(se),,,
item475,llevar,word,action_words,produces,llevar(se),,,
item476,llorar,word,action_words,produces,llorar,,,
item477,meterse,word,action_words,produces,meter(se),,,
item478,mirar,word,action_words,produces,mirar,,,
item479,morder,word,action_words,produces,morder,,,
item480,mostrar,word,action_words,produces,mostrar,,,
item481,mover,word,action_words,produces,mover,,,
item482,nadar,word,action_words,produces,nadar,,,
item483,oir,word,action_words,produces,oír,,,
item484,parar,word,action_words,produces,parar(se),,,
item485,patear,word,action_words,produces,patear,,,
item486,patinar,word,action_words,produces,patinar,,,
item487,pegar,word,action_words,produces,pegar,,,
item488,peinarse,word,action_words,produces,peinar(se),,,
item489,pensar,word,action_words,produces,pensar,,,
item490,perder,word,action_words,produces,perder,,,
item491,pintar,word,action_words,produces,pintar,,,
item492,poder,word,action_words,produces,poder,,,
item493,poner,word,action_words,produces,poner(se),,,
item494,prender,word,action_words,produces,prender,,,
item495,prestar,word,action_words,produces,prestar,,,
item496,quedar,word,action_words,produces,quedar(se),,,
item497,quemar,word,action_words,produces,quemar(se),,,
item498,querer,word,action_words,produces,querer,,,
item499,quitarse,word,action_words,produces,quitar(se),,,
item500,regalar,word,action_words,produces,regalar,,,
item501,romper,word,action_words,produces,romper,,,
item502,saber,word,action_words,produces,saber,,,
item503,sacar,word,action_words,produces,sacar,,,
item504,salir,word,action_words,produces,salir(se),,,
item505,saltar,word,action_words,produces,saltar,,,
item506,saludar,word,action_words,produces,saludar,,,
item507,sentar,word,action_words,produces,sentar(se),,,
item508,soplar,word,action_words,produces,soplar,,,
item509,subir,word,action_words,produces,subir(se),,,
item510,tapar,word,action_words,produces,tapar,,,
item511,tener,word,action_words,produces,tener,,,
item512,terminar,word,action_words,produces,terminar,,,
item513,tirar,word,action_words,produces,tirar,,,
item514,tocar,word,action_words,produces,tocar,,,
item515,tomar,word,action_words,produces,tomar(se),,,
item516,traer,word,action_words,produces,traer(se),,,
item517,venir,word,action_words,produces,venir(se),,,
item518,ver,word,action_words,produces,ver(se),,,
item519,volar,word,action_words,produces,volar,,,
item520,estar,word,states,produces,estar,,,
item521,habrhay,word,states,produces,haber/hay,,,
item522,ser,word,states,produces,ser,,,
item523,alto,word,descriptive_words,produces,alto,,,
item524,amarillo,word,descriptive_words,produces,amarillo,,,
item525,asco,word,descriptive_words,produces,asco/asqueroso,,,
item526,azul,word,descriptive_words,produces,azul,,,
item527,blanco,word,descriptive_words,produces,blanco,,,
item528,bueno,word,descriptive_words,produces,bueno,,,
item529,caca,word,descriptive_words,produces,caca/popó,,,
item530,caliente,word,descriptive_words,produces,caliente,,,
item531,cansado,word,descriptive_words,produces,cansado,,,
item532,chico,word,descriptive_words,produces,chico/chiquito,,,
item533,despiert,word,descriptive_words,produces,despierto,,,
item534,difernte,word,descriptive_words,produces,diferente/distinto,,,
item535,dificil,word,descriptive_words,produces,difícil,,,
item536,duro,word,descriptive_words,produces,duro,,,
item537,enfermo,word,descriptive_words,produces,enfermo,,,
item538,enojado,word,descriptive_words,produces,enojado,,,
item539,feliz,word,descriptive_words,produces,feliz,,,
item540,feo,word,descriptive_words,produces,feo,,,
item541,frio,word,descriptive_words,produces,frío,,,
item542,fuerte,word,descriptive_words,produces,fuerte,,,
item543,gordo,word,descriptive_words,produces,gordo,,,
item544,grande,word,descriptive_words,produces,grande,,,
item545,hambre,word,descriptive_words,produces,hambre,,,
item546,igual,word,descriptive_words,produces,igual,,,
item547,largo,word,descriptive_words,produces,largo,,,
item548,lento,word,descriptive_words,produces,lento,,,
item549,limpio,word,descriptive_words,produces,limpio,,,
item550,lindo,word,descriptive_words,produces,lindo,,,
item551,loco,word,descriptive_words,produces,loco,,,
item552,lleno,word,descriptive_words,produces,lleno,,,
item553,malo,word,descriptive_words,produces,malo,,,
item554,mejor,word,descriptive_words,produces,mejor,,,
item555,mentiroso,word,descriptive_words,produces,mentiroso,,,
item556,miedsust,word,descriptive_words,produces,miedo/susto,,,
item557,mojado,word,descriptive_words,produces,mojado,,,
item558,mugriento,word,descriptive_words,produces,mugriento,,,
item559,negro,word,descriptive_words,produces,negro,,,
item560,nuevo,word,descriptive_words,produces,nuevo,,,
item561,oscuro,word,descriptive_words,produces,oscuro,,,
item562,pelgrso,word,descriptive_words,produces,peligroso,,,
item563,pesado,word,descriptive_words,produces,pesado,,,
item564,pobre,word,descriptive_words,produces,pobre,,,
item565,primero,word,descriptive_words,produces,primero,,,
item566,rapido1,word,descriptive_words,produces,rápido,,,
item567,rico,word,descriptive_words,produces,rico,,,
item568,rojo,word,descriptive_words,produces,rojo,,,
item569,rosa,word,descriptive_words,produces,rosa,,,
item570,roto,word,descriptive_words,produces,roto,,,
item571,ruidoso,word,descriptive_words,produces,ruidoso,,,
item572,seco,word,descriptive_words,produces,seco,,,
item573,solo,word,descriptive_words,produces,solo,,,
item574,suave,word,descriptive_words,produces,suave,,,
item575,sucio,word,descriptive_words,produces,sucio,,,
item576,tonto,word,descriptive_words,produces,tonto/bobo,,,
item577,tranquil,word,descriptive_words,produces,tranquilo,,,
item578,triste,word,descriptive_words,produces,triste,,,
item579,ultimo,word,descriptive_words,produces,último,,,
item580,vacio,word,descriptive_words,produces,vacío,,,
item581,verde,word,descriptive_words,produces,verde,,,
item582,viejo,word,descriptive_words,produces,viejo,,,
item583,violeta,word,descriptive_words,produces,violeta,,,
item584,alamañana,word,time_words,produces,a la mañana,,,
item585,alanoche,word,time_words,produces,a la noche,,,
item586,a la tarde,word,time_words,produces,a la tarde,,,
item587,ahora,word,time_words,produces,ahora,,,
item588,años,word,time_words,produces,años,,,
item589,ayer,word,time_words,produces,ayer,,,
item590,despues,word,time_words,produces,después,,,
item591,dia,word,time_words,produces,día,,,
item592,hoy,word,time_words,produces,hoy,,,
item593,mañana,word,time_words,produces,mañana,,,
item594,noche,word,time_words,produces,noche,,,
item595,aquel,word,pronouns,produces,aquel,,,
item596,aquelos,word,pronouns,produces,aquellos,,,
item597,aquela,word,pronouns,produces,aquella,,,
item598,aquelas,word,pronouns,produces,aquellas,,,
item599,el1,word,pronouns,produces,él,,,
item600,ellos,word,pronouns,produces,ellos,,,
item601,ella,word,pronouns,produces,ella,,,
item602,ellas,word,pronouns,produces,ellas,,,
item603,esa,word,pronouns,produces,esa,,,
item604,esas,word,pronouns,produces,esas,,,
item605,ese,word,pronouns,produces,ese,,,
item606,eso,word,pronouns,produces,eso,,,
item607,esos,word,pronouns,produces,esos,,,
item608,esta,word,pronouns,produces,ésta,,,
item609,estas,word,pronouns,produces,éstas,,,
item610,este,word,pronouns,produces,éste,,,
item611,esto,word,pronouns,produces,esto,,,
item612,estos,word,pronouns,produces,éstos,,,
item613,prole,word,pronouns,produces,le,,,
item614,les,word,pronouns,produces,les,,,
item615,lo,word,pronouns,produces,lo,,,
item616,me,word,pronouns,produces,me,,,
item617,mi,word,pronouns,produces,mi,,,
item618,mia,word,pronouns,produces,mía,,,
item619,mias,word,pronouns,produces,mías,,,
item620,mio,word,pronouns,produces,mío,,,
item621,mios,word,pronouns,produces,míos,,,
item622,nosotros,word,pronouns,produces,nosotros,,,
item623,nuestro,word,pronouns,produces,nuestro,,,
item624,se,word,pronouns,produces,se,,,
item625,su,word,pronouns,produces,su,,,
item626,suya,word,pronouns,produces,suya,,,
item627,suyas,word,pronouns,produces,suyas,,,
item628,suyo,word,pronouns,produces,suyo,,,
item629,suyos,word,pronouns,produces,suyos,,,
item630,te2,word,pronouns,produces,te,,,
item631,tu,word,pronouns,produces,tú,,,
item632,tuya,word,pronouns,produces,tuya,,,
item633,tuyas,word,pronouns,produces,tuyas,,,
item634,tuyo,word,pronouns,produces,tuyo,,,
item635,tuyos,word,pronouns,produces,tuyos,,,
item636,vos,word,pronouns,produces,vos,,,
item637,yo,word,pronouns,produces,yo,,,
item638,como,word,question_words,produces,cómo,,,
item639,cual,word,question_words,produces,cuál,,,
item640,cuando,word,question_words,produces,cuándo,,,
item641,donde,word,question_words,produces,dónde,,,
item642,porque,word,question_words,produces,por qué,,,
item643,que1,word,question_words,produces,qué,,,
item644,quien,word,question_words,produces,quién,,,
item645,a,word,prepositions,produces,a/al,,,
item646,con,word,prepositions,produces,con,,,
item647,de,word,prepositions,produces,de/del,,,
item648,el2,word,prepositions,produces,el,,,
item649,en,word,prepositions,produces,en,,,
item650,entre,word,prepositions,produces,entre,,,
item651,la,word,prepositions,produces,la,,,
item652,las,word,prepositions,produces,las,,,
item653,los,word,prepositions,produces,los,,,
item654,para,word,prepositions,produces,para,,,
item655,pero,word,prepositions,produces,pero,,,
item656,un,word,prepositions,produces,un,,,
item657,una,word,prepositions,produces,una,,,
item658,unas,word,prepositions,produces,unas,,,
item659,unos,word,prepositions,produces,unos,,,
item660,asi,word,quantifiers,produces,así,,,
item661,bien,word,quantifiers,produces,bien,,,
item662,despacio,word,quantifiers,produces,despacio,,,
item663,mal,word,quantifiers,produces,mal,,,
item664,mas,word,quantifiers,produces,más,,,
item665,mucho,word,quantifiers,produces,mucho,,,
item666,nada,word,quantifiers,produces,nada,,,
item667,no,word,quantifiers,produces,no,,,
item668,nohay,word,quantifiers,produces,no hay,,,
item669,otravez,word,quantifiers,produces,otro/otra vez,,,
item670,pocquito,word,quantifiers,produces,poco/poquito,,,
item671,rapido2,word,quantifiers,produces,rápido,,,
item672,si,word,quantifiers,produces,sí (afirmación),,,
item673,todavia,word,quantifiers,produces,todavía,,,
item674,todo,word,quantifiers,produces,todo,,,
item675,ya,word,quantifiers,produces,ya,,,
item676,abajo,word,locations,produces,abajo,,,
item677,aca,word,locations,produces,acá,,,
item678,adelante,word,locations,produces,adelante,,,
item679,adentro,word,locations,produces,adentro,,,
item680,afuera,word,locations,produces,afuera,,,
item681,ahi,word,locations,produces,ahí,,,
item682,allado,word,locations,produces,al lado,,,
item683,alla,word,locations,produces,allá,,,
item684,aqui,word,locations,produces,aquí,,,
item685,arriba,word,locations,produces,arriba,,,
item686,atras,word,locations,produces,atrás,,,
item687,cerca,word,locations,produces,cerca,,,
item688,enfrente,word,locations,produces,enfrente,,,
item689,lejos,word,locations,produces,lejos,,,
item690,entonces,word,connecting_words,produces,entonces,,,
item691,o,word,connecting_words,produces,o,,,
item692,porque,word,connecting_words,produces,porque,,,
item693,que,word,connecting_words,produces,que,,,
item694,siteportas,word,connecting_words,produces,si (te portás bien),,,
item695,sino,word,connecting_words,produces,sino,,,
item696,tambien,word,connecting_words,produces,también,,,
item697,y,word,connecting_words,produces,y,,,
item698,habpas,usage,how_use_words,not yet; sometimes; often,"¿Su hijo/a habla de las situaciones del pasado? Por ejemplo, si unos días antes fueron al circo y vieron un payaso, ¿lo menciona después?",,,
item699,habnovel,usage,how_use_words,not yet; sometimes; often,"¿Su hijo/a habla sobre objetos que no están presentes? Por ejemplo, ¿pide un juguete favorito o un alimento o pregunta por una persona cuando no la puede ver?",,,
item700,usefuture,usage,how_use_words,not yet; sometimes; often,"¿ Tu hijo/a habla de cosas que van a pasar en el futuro? Por ejemplo, al ponerse el abrigo ¿dice que va a ir a las hamacas, o le dce a otra persona que va a ver a su abuela?",,,
item701,misscomp,usage,how_use_words,not yet; sometimes; often,"¿Su hijo/a entiende cuando le piden que traiga algo de otro cuarto? Por ejemplo, si le preguntan, “¿dónde está tu pelota?” ¿el niño/a va a buscarla a otro cuarto?",,,
item702,dicenombre,usage,how_use_words,not yet; sometimes; often,"¿Al señalar o tomar un objeto, su hijo/a dice el nombre de la persona a la que pertenece aunque esa persona no esté presente? Por ejemplo, ¿encuentra los lentes de su papá y dice “papá”?",,,
item703,termino,word_forms,word_forms_prese,produces,termino,,,
item704,terminas,word_forms,word_forms_prese,produces,terminas,,,
item705,termina,word_forms,word_forms_prese,produces,termina,,,
item706,terminamos,word_forms,word_forms_prese,produces,terminamos,,,
item707,acomer,word_forms,word_forms_prese,produces,a comer,,,
item708,como,word_forms,word_forms_prese,produces,como,,,
item709,comes,word_forms,word_forms_prese,produces,comes,,,
item710,come,word_forms,word_forms_prese,produces,come,,,
item711,comemos,word_forms,word_forms_prese,produces,comemos,,,
item712,arriba,word_forms,word_forms_prese,produces,arriba,,,
item713,subo,word_forms,word_forms_prese,produces,subo,,,
item714,subis,word_forms,word_forms_prese,produces,subís,,,
item715,sube,word_forms,word_forms_prese,produces,sube,,,
item716,subimos,word_forms,word_forms_prese,produces,subimos,,,
item716b,subi,word_forms,word_forms_suced,produces,subi,,,
item716c,subio,word_forms,word_forms_suced,produces,subió,,,
item717,termine,word_forms,word_forms_suced,produces,terminé,,,
item718,termino,word_forms,word_forms_suced,produces,terminó,,,
item719,comi,word_forms,word_forms_suced,produces,comí,,,
item720,comio,word_forms,word_forms_suced,produces,comió,,,
item721,subi,word_forms,word_forms_orden,produces,subí,,,
item722,termina,word_forms,word_forms_orden,produces,terminá (la leche),,,
item723,come,word_forms,word_forms_orden,produces,comé (la carne),,,
item724,scombine,combine,combine,not yet; sometimes; often,"¿Su hijo/a ya empezó a combinar palabras, como “papá coche” o “más agua”?",,,
item725,combination_example1,combination_examples,combination_examples,,,,item724,sometimes; often
item726,combination_example2,combination_examples,combination_examples,,,,item724,sometimes; often
item727,combination_example3,combination_examples,combination_examples,,,,item724,sometimes; often
item728,cmplx01,complexity,complexity,simple; complex,Nene quiere \ Quiero chupetín,,item724,sometimes; often
item729,cmplx02,complexity,complexity,simple; complex,Tuyo esto \ Este es tuyo.,,item724,sometimes; often
item730,cmplx03,complexity,complexity,simple; complex,Nene malo \ Soy malo.,,item724,sometimes; often
item731,cmplx04,complexity,complexity,simple; complex,Pablo uvas.* \ Quiero uvas.,,item724,sometimes; often
item732,cmplx05,complexity,complexity,simple; complex,Agua vamos. \ Vamos al agua,,item724,sometimes; often
item733,cmplx06,complexity,complexity,simple; complex,A silla \ En la silla,,item724,sometimes; often
item734,cmplx07,complexity,complexity,simple; complex,Pollo no \ No quiero pollo,,item724,sometimes; often
item735,cmplx08,complexity,complexity,simple; complex,Llorando María.* \ María esta llorando,,item724,sometimes; often
item736,cmplx09,complexity,complexity,simple; complex,Mío lápiz. \ Este es mi lapiz,,item724,sometimes; often
item737,cmplx10,complexity,complexity,simple; complex,Mas leche \ Dame más leche.,,item724,sometimes; often
item738,cmplx11,complexity,complexity,simple; complex,Papo mami \ El zapato es de mami,,item724,sometimes; often
item739,cmplx12,complexity,complexity,simple; complex,No acá \ Ese no está acá,,item724,sometimes; often
item740,cmplx13,complexity,complexity,simple; complex,Rompió globo \ Se rompió el globo.,,item724,sometimes; often
item741,cmplx14,complexity,complexity,simple; complex,Leche quema \ La leche está caliente,,item724,sometimes; often
item742,cmplx15,complexity,complexity,simple; complex,Duele panza \ Me duele la panza,,item724,sometimes; often
item743,cmplx16,complexity,complexity,simple; complex,Guau-guau grande. \ Tengo un perro grande,,item724,sometimes; often
item744,cmplx17,complexity,complexity,simple; complex,Calle allá esta \ Allá esta la calle,,item724,sometimes; often
item745,cmplx18,complexity,complexity,simple; complex,Puse a mano \ Lo puse en mi mano,,item724,sometimes; often
item746,cmplx19,complexity,complexity,simple; complex,Acabó agua \ Se me acabó el agua,,item724,sometimes; often
item747,cmplx20,complexity,complexity,simple; complex,Fue casa \ Se fue a casa.,,item724,sometimes; often
item748,cmplx21,complexity,complexity,simple; complex,Silla subir \ Me quiero subir a la silla,,item724,sometimes; often
item749,cmplx22,complexity,complexity,simple; complex,María papá.* \ Quiero ir con papá,,item724,sometimes; often
item750,cmplx23,complexity,complexity,simple; complex,Bravo Pablo circo.* \ Dije bravo en el circo,,item724,sometimes; often
item751,cmplx24,complexity,complexity,simple; complex,Papá calle \ Papá se fué a trabajar,,item724,sometimes; often
item752,cmplx25,complexity,complexity,simple; complex,Ya puse. \ Ya se lo puse,,item724,sometimes; often
item753,cmplx26,complexity,complexity,simple; complex,Manu osito coche.* \ Manu dejó el osito en el coche,,item724,sometimes; often
item754,cmplx27,complexity,complexity,simple; complex,Lapiz dibujar \ DIbujo con el lápiz,,item724,sometimes; often
item755,cmplx28,complexity,complexity,simple; complex,Ya pinté \ Ya terminé de pintar,,item724,sometimes; often
item756,cmplx29,complexity,complexity,simple; complex,nene rompió bici Danny \ el nene rompió la bici de Danny,,item724,sometimes; often
item757,cmplx30,complexity,complexity,simple; complex,Pone no. \ No lo pongas,,item724,sometimes; often
item758,cmplx31,complexity,complexity,simple; complex,Vamos comer papas carne \ vamos a comer papas y carne,,item724,sometimes; often
item759,cmplx32,complexity,complexity,simple; complex,Nene llora cayó \ El nene llora porque se cayó.,,item724,sometimes; often
item760,cmplx33,complexity,complexity,simple; complex,Mamá nene compra \ Mamá y el nene fueron a comprar,,item724,sometimes; often
item761,cmplx34,complexity,complexity,simple; complex,Abrí dame galletita \ Abría la caja y dame una galletita,,item724,sometimes; often
item762,cmplx35,complexity,complexity,simple; complex,"No toca, quemás \ No lo toqués porque te quemás.",,item724,sometimes; often
item763,cmplx36,complexity,complexity,simple; complex,Quiero libro papá \ Quiero el libro que compró papá,,item724,sometimes; often
item764,cmplx37,complexity,complexity,simple; complex,Pongo agua flores \ pongo agua para que crezcan las flores.,,item724,sometimes; often
