itemID,item,item_type,category,choices,definition,uni_lemma,gloss,complexity_category,scoring_category,enabler,enable_response
item_1,aie,word,sounds,produces,aïe,,,,,,
item_2,beee_beee,word,sounds,produces,bêêê bêêê,,,,,,
item_3,cocorico,word,sounds,produces,cocorico,,,,,,
item_4,coin_coin,word,sounds,produces,coin coin,,,,,,
item_5,grr,word,sounds,produces,grr,,,,,,
item_6,miam_miam,word,sounds,produces,miam miam,,,,,,
item_7,miaou,word,sounds,produces,miaou,,,,,,
item_8,meuh,word,sounds,produces,meuh,,,,,,
item_9,oh_oh,word,sounds,produces,oh oh,,,,,,
item_10,tchou_tchou,word,sounds,produces,tchou tchou,,,,,,
item_11,vroum,word,sounds,produces,vroum,,,,,,
item_12,wouf_wouf,word,sounds,produces,wouf wouf,,,,,,
item_13,abeille,word,animals,produces,abeille,,,,,,
item_14,agneau,word,animals,produces,agneau,,,,,,
item_15,alligatorcroco,word,animals,produces,alligator/crocodile,,,,,,
item_16,ane,word,animals,produces,âne,,,,,,
item_17,animal,word,animals,produces,animal,,,,,,
item_18,bibitte,word,animals,produces,bibitte,,,,,,
item_19,canard,word,animals,produces,canard,,,,,,
item_20,chat,word,animals,produces,chat,,,,,,
item_21,cheval,word,animals,produces,cheval,,,,,,
item_22,chevreuil,word,animals,produces,chevreuil,,,,,,
item_23,chien,word,animals,produces,chien,,,,,,
item_24,cochon,word,animals,produces,cochon,,,,,,
item_25,coq,word,animals,produces,coq,,,,,,
item_26,dinde,word,animals,produces,dinde,,,,,,
item_27,ecureuil,word,animals,produces,écureuil,,,,,,
item_28,elephant,word,animals,produces,éléphant,,,,,,
item_29,fourmi,word,animals,produces,fourmi,,,,,,
item_30,girafe,word,animals,produces,girafe,,,,,,
item_31,grenouille,word,animals,produces,grenouille,,,,,,
item_32,hibou,word,animals,produces,hibou,,,,,,
item_33,lapin,word,animals,produces,lapin,,,,,,
item_34,lion,word,animals,produces,lion,,,,,,
item_35,loup,word,animals,produces,loup,,,,,,
item_36,mouton,word,animals,produces,mouton,,,,,,
item_37,oie,word,animals,produces,oie,,,,,,
item_38,oiseau,word,animals,produces,oiseau,,,,,,
item_39,orignal,word,animals,produces,orignal,,,,,,
item_40,ours,word,animals,produces,ours,,,,,,
item_41,oursonnounours,word,animals,produces,ourson/nounours,,,,,,
item_42,panda,word,animals,produces,panda,,,,,,
item_43,papillon,word,animals,produces,papillon,,,,,,
item_44,pingouin,word,animals,produces,pingouin,,,,,,
item_45,poisson1,word,animals,produces,poisson,,,,,,
item_46,poule,word,animals,produces,poule,,,,,,
item_47,poulet1,word,animals,produces,poulet,,,,,,
item_48,singe,word,animals,produces,singe,,,,,,
item_49,souris,word,animals,produces,souris,,,,,,
item_50,tigre,word,animals,produces,tigre,,,,,,
item_51,tortue,word,animals,produces,tortue,,,,,,
item_52,vache,word,animals,produces,vache,,,,,,
item_53,zebre,word,animals,produces,zèbre,,,,,,
item_54,auto,word,vehicles,produces,auto,,,,,,
item_55,autobus,word,vehicles,produces,autobus,,,,,,
item_56,avion,word,vehicles,produces,avion,,,,,,
item_57,bateau,word,vehicles,produces,bateau,,,,,,
item_58,bicyclette,word,vehicles,produces,bicyclette,,,,,,
item_59,camion,word,vehicles,produces,camion,,,,,,
item_60,camion_de_pompi,word,vehicles,produces,camion de pompier,,,,,,
item_61,helicoptere,word,vehicles,produces,hélicoptère,,,,,,
item_62,moto,word,vehicles,produces,moto,,,,,,
item_63,poussette,word,vehicles,produces,poussette,,,,,,
item_64,tracteur,word,vehicles,produces,tracteur,,,,,,
item_65,train,word,vehicles,produces,train,,,,,,
item_66,traineau,word,vehicles,produces,traîneau,,,,,,
item_67,tricycle,word,vehicles,produces,tricycle,,,,,,
item_68,balle,word,toys,produces,balle,,,,,,
item_69,ballon,word,toys,produces,ballon,,,,,,
item_70,baton1,word,toys,produces,bâton,,,,,,
item_71,bloc,word,toys,produces,bloc,,,,,,
item_72,bulles,word,toys,produces,bulles,,,,,,
item_73,cadeau,word,toys,produces,cadeau,,,,,,
item_74,casse-tete,word,toys,produces,casse-tête,,,,,,
item_75,colle,word,toys,produces,colle,,,,,,
item_76,craie,word,toys,produces,craie,,,,,,
item_77,crayon,word,toys,produces,crayon,,,,,,
item_78,crayon_de_coule,word,toys,produces,crayon de couleur,,,,,,
item_79,histoire,word,toys,produces,histoire,,,,,,
item_80,jeu,word,toys,produces,jeu,,,,,,
item_81,jouet,word,toys,produces,jouet,,,,,,
item_82,lego,word,toys,produces,lego,,,,,,
item_83,livre,word,toys,produces,livre,,,,,,
item_84,pate_a_modele,word,toys,produces,pâte à modeler,,,,,,
item_85,poupee,word,toys,produces,poupée,,,,,,
item_86,stylo,word,toys,produces,stylo,,,,,,
item_87,toutou,word,toys,produces,toutou,,,,,,
item_88,banane,word,food_drink,produces,banane,,,,,,
item_89,beigne,word,food_drink,produces,beigne,,,,,,
item_90,beurre,word,food_drink,produces,beurre,,,,,,
item_91,beurre_pinnote,word,food_drink,produces,beurre de pinnote/d'arachide,,,,,,
item_92,biscuit,word,food_drink,produces,biscuit,,,,,,
item_93,biscuit_soda,word,food_drink,produces,biscuit soda,,,,,,
item_94,ble_dinde,word,food_drink,produces,blé d'inde,,,,,,
item_95,bonbon,word,food_drink,produces,bonbon,,,,,,
item_96,cafe,word,food_drink,produces,café,,,,,,
item_97,carotte,word,food_drink,produces,carotte,,,,,,
item_98,cereale,word,food_drink,produces,céréale,,,,,,
item_99,cheerios,word,food_drink,produces,cheerios,,,,,,
item_100,chips,word,food_drink,produces,chips,,,,,,
item_101,chocolat,word,food_drink,produces,chocolat,,,,,,
item_102,citrouille,word,food_drink,produces,citrouille,,,,,,
item_103,coke,word,food_drink,produces,coke,,,,,,
item_104,compote,word,food_drink,produces,compote aux pommes,,,,,,
item_105,confiture,word,food_drink,produces,confiture,,,,,,
item_106,cornichon,word,food_drink,produces,cornichon,,,,,,
item_107,creme_glacee,word,food_drink,produces,crème glacée,,,,,,
item_108,crepe,word,food_drink,produces,crêpe,,,,,,
item_109,eau1,word,food_drink,produces,eau,,,,,,
item_110,fraise,word,food_drink,produces,fraise,,,,,,
item_111,fromage,word,food_drink,produces,fromage,,,,,,
item_112,gateau,word,food_drink,produces,gâteau,,,,,,
item_113,glace,word,food_drink,produces,glace,,,,,,
item_114,gomme,word,food_drink,produces,gomme,,,,,,
item_115,hamburger,word,food_drink,produces,hamburger,,,,,,
item_116,haricot,word,food_drink,produces,haricot,,,,,,
item_117,jello,word,food_drink,produces,jello,,,,,,
item_118,jus,word,food_drink,produces,jus,,,,,,
item_119,lait,word,food_drink,produces,lait,,,,,,
item_120,melon,word,food_drink,produces,melon,,,,,,
item_121,muffin,word,food_drink,produces,muffin,,,,,,
item_122,noix,word,food_drink,produces,noix,,,,,,
item_123,nouillespates,word,food_drink,produces,nouilles/pâtes,,,,,,
item_124,nourriture,word,food_drink,produces,nourriture,,,,,,
item_125,oeuf,word,food_drink,produces,oeuf,,,,,,
item_126,orange1,word,food_drink,produces,orange,,,,,,
item_127,pain,word,food_drink,produces,pain,,,,,,
item_128,patate,word,food_drink,produces,patate,,,,,,
item_129,patate_frite,word,food_drink,produces,patate frite,,,,,,
item_130,pizza,word,food_drink,produces,pizza,,,,,,
item_131,pois,word,food_drink,produces,pois,,,,,,
item_132,poisson2,word,food_drink,produces,poisson,,,,,,
item_133,pomme,word,food_drink,produces,pomme,,,,,,
item_134,popcorn,word,food_drink,produces,popcorn,,,,,,
item_135,popsicle,word,food_drink,produces,popsicle,,,,,,
item_136,pouding,word,food_drink,produces,pouding,,,,,,
item_137,poulet2,word,food_drink,produces,poulet,,,,,,
item_138,raisin,word,food_drink,produces,raisin,,,,,,
item_139,raisin_sec,word,food_drink,produces,raisin sec,,,,,,
item_140,sandwich,word,food_drink,produces,sandwich,,,,,,
item_141,sauce,word,food_drink,produces,sauce,,,,,,
item_142,sel,word,food_drink,produces,sel,,,,,,
item_143,soupe,word,food_drink,produces,soupe,,,,,,
item_144,spaghetti,word,food_drink,produces,spaghetti,,,,,,
item_145,sucon,word,food_drink,produces,suçon,,,,,,
item_146,thon,word,food_drink,produces,thon,,,,,,
item_147,toast,word,food_drink,produces,toast,,,,,,
item_148,vanille,word,food_drink,produces,vanille,,,,,,
item_149,viande,word,food_drink,produces,viande,,,,,,
item_150,vitamine,word,food_drink,produces,vitamine,,,,,,
item_151,yogourt,word,food_drink,produces,yogourt,,,,,,
item_152,bas,word,clothing,produces,bas,,,,,,
item_153,bavette,word,clothing,produces,bavette,,,,,,
item_154,bottes,word,clothing,produces,bottes,,,,,,
item_155,bouton,word,clothing,produces,bouton,,,,,,
item_156,ceinture,word,clothing,produces,ceinture,,,,,,
item_157,chandail,word,clothing,produces,chandail,,,,,,
item_158,chapeau,word,clothing,produces,chapeau,,,,,,
item_159,chemise,word,clothing,produces,chemise,,,,,,
item_160,collants,word,clothing,produces,collants,,,,,,
item_161,collier,word,clothing,produces,collier,,,,,,
item_162,couche,word,clothing,produces,couche,,,,,,
item_163,espadrille,word,clothing,produces,espadrille/soulier de course,,,,,,
item_164,foulard,word,clothing,produces,foulard,,,,,,
item_165,gants,word,clothing,produces,gants,,,,,,
item_166,habit_de_neige,word,clothing,produces,habit de neige,,,,,,
item_167,jeans,word,clothing,produces,jeans,,,,,,
item_168,manteau,word,clothing,produces,manteau,,,,,,
item_169,mitaine,word,clothing,produces,mitaine,,,,,,
item_170,pantalons,word,clothing,produces,pantalons,,,,,,
item_171,pantoufle,word,clothing,produces,pantoufle,,,,,,
item_172,perlesboules,word,clothing,produces,perles/boules,,,,,,
item_173,culotte,word,clothing,produces,petite culotte/culotte,,,,,,
item_174,pyjama,word,clothing,produces,pyjama,,,,,,
item_175,robe,word,clothing,produces,robe,,,,,,
item_176,shorts,word,clothing,produces,shorts,,,,,,
item_177,soulier,word,clothing,produces,soulier,,,,,,
item_178,zip,word,clothing,produces,zip/fermeture-éclair,,,,,,
item_179,bedaineventre,word,body_parts,produces,bedaine/ventre,,,,,,
item_180,bobo,word,body_parts,produces,bobo,,,,,,
item_181,bouche,word,body_parts,produces,bouche,,,,,,
item_182,bras,word,body_parts,produces,bras,,,,,,
item_183,cheveux,word,body_parts,produces,cheveux,,,,,,
item_184,dent,word,body_parts,produces,dent,,,,,,
item_185,doigt,word,body_parts,produces,doigt,,,,,,
item_186,epaule,word,body_parts,produces,épaule,,,,,,
item_187,fesses,word,body_parts,produces,fesses*,,,,,,
item_188,genou,word,body_parts,produces,genou,,,,,,
item_189,jambe,word,body_parts,produces,jambe,,,,,,
item_190,joue,word,body_parts,produces,joue,,,,,,
item_191,langue,word,body_parts,produces,langue,,,,,,
item_192,levres,word,body_parts,produces,lèvres,,,,,,
item_193,main,word,body_parts,produces,main,,,,,,
item_194,menton,word,body_parts,produces,menton,,,,,,
item_195,moustache,word,body_parts,produces,moustache,,,,,,
item_196,nez,word,body_parts,produces,nez,,,,,,
item_197,nombril,word,body_parts,produces,nombril,,,,,,
item_198,oreille,word,body_parts,produces,oreille,,,,,,
item_199,orteil,word,body_parts,produces,orteil,,,,,,
item_200,penis,word,body_parts,produces,pénis*,,,,,,
item_201,pieds,word,body_parts,produces,pieds,,,,,,
item_202,tete,word,body_parts,produces,tête,,,,,,
item_203,vagin,word,body_parts,produces,vagin/vulve*,,,,,,
item_204,visage,word,body_parts,produces,visage,,,,,,
item_205,yeux,word,body_parts,produces,yeux,,,,,,
item_206,argent,word,household,produces,argent,,,,,,
item_207,aspirateur,word,household,produces,aspirateur,,,,,,
item_208,assiette,word,household,produces,assiette,,,,,,
item_209,balai,word,household,produces,balai,,,,,,
item_210,boite,word,household,produces,boîte,,,,,,
item_211,bol,word,household,produces,bol,,,,,,
item_212,bouteille,word,household,produces,bouteille,,,,,,
item_213,brosse,word,household,produces,brosse,,,,,,
item_214,brossedent,word,household,produces,brosse à dent,,,,,,
item_215,camera,word,household,produces,camera,,,,,,
item_216,ciseaux,word,household,produces,ciseaux,,,,,,
item_217,cles,word,household,produces,clés,,,,,,
item_218,clou,word,household,produces,clou,,,,,,
item_219,couteau,word,household,produces,couteau,,,,,,
item_220,couverte,word,household,produces,couverte/couverture,,,,,,
item_221,cuillere,word,household,produces,cuillère,,,,,,
item_222,fourchette,word,household,produces,fourchette,,,,,,
item_223,horloge,word,household,produces,horloge,,,,,,
item_224,image,word,household,produces,image,,,,,,
item_225,lampe,word,household,produces,lampe,,,,,,
item_226,lumiere,word,household,produces,lumière,,,,,,
item_227,lunettes,word,household,produces,lunettes,,,,,,
item_228,marteau,word,household,produces,marteau,,,,,,
item_229,medicament,word,household,produces,médicament,,,,,,
item_230,montre,word,household,produces,montre,,,,,,
item_231,mouchoir,word,household,produces,mouchoir/kleenex,,,,,,
item_232,oreiller,word,household,produces,oreiller,,,,,,
item_233,panier,word,household,produces,panier,,,,,,
item_234,papier,word,household,produces,papier,,,,,,
item_235,peigne,word,household,produces,peigne,,,,,,
item_236,photo,word,household,produces,photo,,,,,,
item_237,plante,word,household,produces,plante,,,,,,
item_238,plat,word,household,produces,plat,,,,,,
item_239,pot1,word,household,produces,pot,,,,,,
item_240,poubelle,word,household,produces,poubelle,,,,,,
item_241,radio,word,household,produces,radio,,,,,,
item_242,ruban,word,household,produces,ruban,,,,,,
item_243,sacochesac_a_,word,household,produces,sacoche/sac à main,,,,,,
item_244,savon,word,household,produces,savon,,,,,,
item_245,seau,word,household,produces,seau,,,,,,
item_246,serviette,word,household,produces,serviette,,,,,,
item_247,serviette_de_ta,word,household,produces,serviette de table,,,,,,
item_248,sou,word,household,produces,sou,,,,,,
item_249,tasse,word,household,produces,tasse,,,,,,
item_250,telephone,word,household,produces,téléphone,,,,,,
item_251,verre,word,household,produces,verre,,,,,,
item_252,vidanges,word,household,produces,vidanges,,,,,,
item_253,bain1,word,furniture_rooms,produces,bain,,,,,,
item_254,banc,word,furniture_rooms,produces,banc,,,,,,
item_255,bassinetteberc,word,furniture_rooms,produces,bassinette/berceau,,,,,,
item_256,chaise,word,furniture_rooms,produces,chaise,,,,,,
item_257,chaise_bercante,word,furniture_rooms,produces,chaise berçante,,,,,,
item_258,chaise_haute,word,furniture_rooms,produces,chaise haute,,,,,,
item_259,chambre,word,furniture_rooms,produces,chambre,,,,,,
item_260,cuisine,word,furniture_rooms,produces,cuisine,,,,,,
item_261,divansofa,word,furniture_rooms,produces,divan/sofa,,,,,,
item_262,douche,word,furniture_rooms,produces,douche,,,,,,
item_263,entree,word,furniture_rooms,produces,entrée,,,,,,
item_264,escalier,word,furniture_rooms,produces,escalier,,,,,,
item_265,evierlavabo,word,furniture_rooms,produces,évier/lavabo,,,,,,
item_266,fenetre,word,furniture_rooms,produces,fenêtre,,,,,,
item_267,four,word,furniture_rooms,produces,four,,,,,,
item_268,foyer,word,furniture_rooms,produces,foyer,,,,,,
item_269,frigidaire,word,furniture_rooms,produces,frigidaire/frigo,,,,,,
item_270,garage,word,furniture_rooms,produces,garage,,,,,,
item_271,garde-robe,word,furniture_rooms,produces,garde-robe,,,,,,
item_272,laveuse,word,furniture_rooms,produces,laveuse,,,,,,
item_273,lit,word,furniture_rooms,produces,lit,,,,,,
item_274,marche,word,furniture_rooms,produces,marche,,,,,,
item_275,parc_denfant,word,furniture_rooms,produces,parc (d'enfant),,,,,,
item_276,piece,word,furniture_rooms,produces,pièce,,,,,,
item_277,poele,word,furniture_rooms,produces,poêle,,,,,,
item_278,porte,word,furniture_rooms,produces,porte,,,,,,
item_279,pot2,word,furniture_rooms,produces,pot,,,,,,
item_280,salle_de_baint,word,furniture_rooms,produces,salle de bain/toilette,,,,,,
item_281,salon,word,furniture_rooms,produces,salon,,,,,,
item_282,secheuse,word,furniture_rooms,produces,sécheuse,,,,,,
item_283,sous-sol,word,furniture_rooms,produces,sous-sol,,,,,,
item_284,table,word,furniture_rooms,produces,table,,,,,,
item_285,television,word,furniture_rooms,produces,télévision,,,,,,
item_286,tiroir,word,furniture_rooms,produces,tiroir,,,,,,
item_287,arbre,word,outside,produces,arbre,,,,,,
item_288,arrosoir,word,outside,produces,arrosoir,,,,,,
item_289,balancoire,word,outside,produces,balançoire,,,,,,
item_290,baton2,word,outside,produces,bâton,,,,,,
item_291,bonhomme_de_nei,word,outside,produces,bonhomme de neige,,,,,,
item_292,ciel,word,outside,produces,ciel,,,,,,
item_293,cour,word,outside,produces,cour,,,,,,
item_294,drapeau,word,outside,produces,drapeau,,,,,,
item_295,eau2,word,outside,produces,eau,,,,,,
item_296,echelle,word,outside,produces,échelle,,,,,,
item_297,etoile,word,outside,produces,étoile,,,,,,
item_298,fleur,word,outside,produces,fleur,,,,,,
item_299,gazon,word,outside,produces,gazon,,,,,,
item_300,glissoire,word,outside,produces,glissoire,,,,,,
item_301,jardin,word,outside,produces,jardin,,,,,,
item_302,lune,word,outside,produces,lune,,,,,,
item_303,neige,word,outside,produces,neige,,,,,,
item_304,nuage,word,outside,produces,nuage,,,,,,
item_305,pelle,word,outside,produces,pelle,,,,,,
item_306,pierre,word,outside,produces,pierre,,,,,,
item_307,piscine,word,outside,produces,piscine,,,,,,
item_308,pluie,word,outside,produces,pluie,,,,,,
item_309,roche,word,outside,produces,roche,,,,,,
item_310,roue,word,outside,produces,roue,,,,,,
item_311,rue,word,outside,produces,rue,,,,,,
item_312,sable,word,outside,produces,sable,,,,,,
item_313,soleil,word,outside,produces,soleil,,,,,,
item_314,toit,word,outside,produces,toit,,,,,,
item_315,tondeuse,word,outside,produces,tondeuse,,,,,,
item_316,trottoir,word,outside,produces,trottoir,,,,,,
item_317,tuyauboyau,word,outside,produces,tuyau/boyau,,,,,,
item_318,vent,word,outside,produces,vent,,,,,,
item_319,veranda,word,outside,produces,véranda/balcon,,,,,,
item_320,campagne,word,places,produces,campagne,,,,,,
item_321,camping,word,places,produces,camping,,,,,,
item_322,chez_nous,word,places,produces,chez nous,,,,,,
item_323,cirque,word,places,produces,cirque,,,,,,
item_324,dehors,word,places,produces,dehors,,,,,,
item_325,ecole,word,places,produces,école,,,,,,
item_326,eglise,word,places,produces,église*,,,,,,
item_327,ferme,word,places,produces,ferme,,,,,,
item_328,fete,word,places,produces,fête,,,,,,
item_329,foret,word,places,produces,forêt,,,,,,
item_330,garage_essence,word,places,produces,garage (essence),,,,,,
item_331,magasin,word,places,produces,magasin,,,,,,
item_332,maison,word,places,produces,maison,,,,,,
item_333,parc,word,places,produces,parc,,,,,,
item_334,pique-nique,word,places,produces,pique-nique,,,,,,
item_335,plage,word,places,produces,plage,,,,,,
item_336,terrain_de_jeu,word,places,produces,terrain de jeu,,,,,,
item_337,travailbureau,word,places,produces,travail/bureau,,,,,,
item_338,zoo,word,places,produces,zoo,,,,,,
item_339,ami,word,people,produces,ami,,,,,,
item_340,bebe,word,people,produces,bébé,,,,,,
item_341,bonhomme,word,people,produces,bonhomme,,,,,,
item_342,clown,word,people,produces,clown,,,,,,
item_343,cowboy,word,people,produces,cowboy,,,,,,
item_344,docteur,word,people,produces,docteur,,,,,,
item_345,enfant,word,people,produces,enfant,,,,,,
item_346,facteur,word,people,produces,facteur,,,,,,
item_347,fille,word,people,produces,fille,,,,,,
item_348,frere,word,people,produces,frère,,,,,,
item_349,garcon,word,people,produces,garçon,,,,,,
item_350,gardienne,word,people,produces,gardienne,,,,,,
item_351,gensmonde,word,people,produces,gens/monde,,,,,,
item_352,grandmaman,word,people,produces,grand-maman*,,,,,,
item_353,grandpapa,word,people,produces,grand-papa*,,,,,,
item_354,madame,word,people,produces,madame,,,,,,
item_355,maman,word,people,produces,maman*,,,,,,
item_356,monsieur,word,people,produces,monsieur,,,,,,
item_357,nomanimal,word,people,produces,nom de l'animal domestique,,,,,,
item_358,nomgardi,word,people,produces,nom du gardien(ne),,,,,,
item_359,oncle,word,people,produces,oncle/mononcle,,,,,,
item_360,papa,word,people,produces,papa*,,,,,,
item_361,personne,word,people,produces,personne,,,,,,
item_362,police,word,people,produces,police,,,,,,
item_363,pompier,word,people,produces,pompier,,,,,,
item_364,professeure,word,people,produces,professeur(e),,,,,,
item_365,soeur,word,people,produces,soeur,,,,,,
item_366,son_propre_nom,word,people,produces,son propre nom,,,,,,
item_367,tantematante,word,people,produces,tante/matante,,,,,,
item_368,aller_au_magasi,word,games_routines,produces,aller au magasin,,,,,,
item_369,allo,word,games_routines,produces,allô,,,,,,
item_370,bain2,word,games_routines,produces,bain,,,,,,
item_371,bonjour,word,games_routines,produces,bonjour,,,,,,
item_372,bonne_nuit,word,games_routines,produces,bonne nuit,,,,,,
item_373,bravo,word,games_routines,produces,bravo!,,,,,,
item_374,byeau_revoir,word,games_routines,produces,bye/au revoir,,,,,,
item_375,chut,word,games_routines,produces,chut,,,,,,
item_376,collation,word,games_routines,produces,collation,,,,,,
item_377,coucou,word,games_routines,produces,coucou,,,,,,
item_378,dejeuner,word,games_routines,produces,déjeuner,,,,,,
item_379,diner,word,games_routines,produces,dîner,,,,,,
item_380,dodo,word,games_routines,produces,dodo,,,,,,
item_381,donnemoi,word,games_routines,produces,donne moi cinq/tape dedans,,,,,,
item_382,faire_cacafair,word,games_routines,produces,faire caca/faire pipi,,,,,,
item_383,faire_le_tour_d,word,games_routines,produces,faire le tour de la maison,,,,,,
item_384,groscomme,word,games_routines,produces,gros comme ça!,,,,,,
item_385,je_te_tiens_par,word,games_routines,produces,je te tiens par la barbichette,,,,,,
item_386,jvais_tattrap,word,games_routines,produces,j'vais t'attraper,,,,,,
item_387,menouche_menouc,word,games_routines,produces,menouche menouche,,,,,,
item_388,merci,word,games_routines,produces,merci,,,,,,
item_389,non,word,games_routines,produces,non,,,,,,
item_390,ok,word,games_routines,produces,o.k.,,,,,,
item_391,oui,word,games_routines,produces,oui,,,,,,
item_392,parler_au_tel,word,games_routines,produces,parler (au téléphone),,,,,,
item_393,retourne-toi,word,games_routines,produces,retourne-toi,,,,,,
item_394,sil-vous-plai,word,games_routines,produces,s'il-vous-plaît,,,,,,
item_395,souper,word,games_routines,produces,souper,,,,,,
item_396,tape_tape,word,games_routines,produces,tape tape,,,,,,
item_397,acheter,word,action_words,produces,acheter,,,,,,
item_398,aider,word,action_words,produces,aider,,,,,,
item_399,aimer,word,action_words,produces,aimer,,,,,,
item_400,aller,word,action_words,produces,aller,,,,,,
item_401,allumer,word,action_words,produces,allumer,,,,,,
item_402,amener,word,action_words,produces,amener,,,,,,
item_403,applaudir,word,action_words,produces,applaudir,,,,,,
item_404,apporter,word,action_words,produces,apporter,,,,,,
item_405,arreter,word,action_words,produces,arrêter,,,,,,
item_406,arroser,word,action_words,produces,arroser,,,,,,
item_407,asseoir,word,action_words,produces,asseoir,,,,,,
item_408,attacher,word,action_words,produces,attacher,,,,,,
item_409,attendre,word,action_words,produces,attendre,,,,,,
item_410,attraper,word,action_words,produces,attraper,,,,,,
item_411,avoir,word,action_words,produces,avoir,,,,,,
item_412,balancer,word,action_words,produces,balancer,,,,,,
item_413,balayer,word,action_words,produces,balayer,,,,,,
item_414,bercer,word,action_words,produces,bercer,,,,,,
item_415,boire,word,action_words,produces,boire,,,,,,
item_416,brasser,word,action_words,produces,brasser,,,,,,
item_417,brisercasser,word,action_words,produces,briser/casser,,,,,,
item_418,brosser,word,action_words,produces,brosser,,,,,,
item_419,cacher,word,action_words,produces,cacher,,,,,,
item_420,chanter,word,action_words,produces,chanter,,,,,,
item_421,chatouiller,word,action_words,produces,chatouiller,,,,,,
item_422,chercher,word,action_words,produces,chercher,,,,,,
item_423,choisir,word,action_words,produces,choisir,,,,,,
item_424,cogner_a,word,action_words,produces,cogner (à),,,,,,
item_425,coller,word,action_words,produces,coller,,,,,,
item_426,conduire,word,action_words,produces,conduire,,,,,,
item_427,construirebat,word,action_words,produces,construire/bâtir,,,,,,
item_428,couper,word,action_words,produces,couper,,,,,,
item_429,courir,word,action_words,produces,courir,,,,,,
item_430,couvrir,word,action_words,produces,couvrir,,,,,,
item_431,cracher,word,action_words,produces,cracher,,,,,,
item_432,danser,word,action_words,produces,danser,,,,,,
item_433,debarquer,word,action_words,produces,débarquer,,,,,,
item_434,dechirer,word,action_words,produces,déchirer,,,,,,
item_435,descendre,word,action_words,produces,descendre,,,,,,
item_436,dessiner,word,action_words,produces,dessiner,,,,,,
item_437,dire,word,action_words,produces,dire,,,,,,
item_438,donner,word,action_words,produces,donner,,,,,,
item_439,dormir,word,action_words,produces,dormir,,,,,,
item_440,echapper,word,action_words,produces,échapper,,,,,,
item_441,ecouter,word,action_words,produces,écouter,,,,,,
item_442,ecrire,word,action_words,produces,écrire,,,,,,
item_443,embarquer,word,action_words,produces,embarquer,,,,,,
item_444,embrasser,word,action_words,produces,embrasser,,,,,,
item_445,enlever,word,action_words,produces,enlever,,,,,,
item_446,entendre,word,action_words,produces,entendre,,,,,,
item_447,essayer,word,action_words,produces,essayer,,,,,,
item_448,essuyer,word,action_words,produces,essuyer,,,,,,
item_449,etre,word,action_words,produces,être,,,,,,
item_450,faire,word,action_words,produces,faire,,,,,,
item_451,fermer,word,action_words,produces,fermer,,,,,,
item_452,finir,word,action_words,produces,finir,,,,,,
item_453,glisser,word,action_words,produces,glisser,,,,,,
item_454,gouter,word,action_words,produces,goûter,,,,,,
item_455,grimper,word,action_words,produces,grimper,,,,,,
item_456,jeter,word,action_words,produces,jeter,,,,,,
item_457,jouer,word,action_words,produces,jouer,,,,,,
item_458,lancer,word,action_words,produces,lancer,,,,,,
item_459,laver,word,action_words,produces,laver,,,,,,
item_460,lecher,word,action_words,produces,lécher,,,,,,
item_461,lire,word,action_words,produces,lire,,,,,,
item_462,manger,word,action_words,produces,manger,,,,,,
item_463,marcher,word,action_words,produces,marcher,,,,,,
item_464,mettre,word,action_words,produces,mettre,,,,,,
item_465,monter,word,action_words,produces,monter,,,,,,
item_466,montrer,word,action_words,produces,montrer,,,,,,
item_467,mordre,word,action_words,produces,mordre,,,,,,
item_468,nager,word,action_words,produces,nager,,,,,,
item_469,nettoyer,word,action_words,produces,nettoyer,,,,,,
item_470,ouvrir,word,action_words,produces,ouvrir,,,,,,
item_471,parler,word,action_words,produces,parler,,,,,,
item_472,partager,word,action_words,produces,partager,,,,,,
item_473,patiner,word,action_words,produces,patiner,,,,,,
item_474,peinturer,word,action_words,produces,peinturer,,,,,,
item_475,penser,word,action_words,produces,penser,,,,,,
item_476,pleurer,word,action_words,produces,pleurer,,,,,,
item_477,pousser,word,action_words,produces,pousser,,,,,,
item_478,pouvoir,word,action_words,produces,pouvoir,,,,,,
item_479,prendre,word,action_words,produces,prendre,,,,,,
item_480,ramasser,word,action_words,produces,ramasser,,,,,,
item_481,ranger,word,action_words,produces,ranger,,,,,,
item_482,regarder,word,action_words,produces,regarder,,,,,,
item_483,renverser,word,action_words,produces,renverser,,,,,,
item_484,reparer,word,action_words,produces,réparer,,,,,,
item_485,rester,word,action_words,produces,rester,,,,,,
item_486,reveiller,word,action_words,produces,réveiller,,,,,,
item_487,sauter,word,action_words,produces,sauter,,,,,,
item_488,secher,word,action_words,produces,sécher,,,,,,
item_489,se_depecher,word,action_words,produces,se dépêcher,,,,,,
item_490,souffler,word,action_words,produces,souffler,,,,,,
item_491,sourire,word,action_words,produces,sourire,,,,,,
item_492,surveiller,word,action_words,produces,surveiller,,,,,,
item_493,taper,word,action_words,produces,taper,,,,,,
item_494,tenir,word,action_words,produces,tenir,,,,,,
item_495,tirer,word,action_words,produces,tirer,,,,,,
item_496,tomber,word,action_words,produces,tomber,,,,,,
item_497,toucher,word,action_words,produces,toucher,,,,,,
item_498,tourner,word,action_words,produces,tourner,,,,,,
item_499,transporter,word,action_words,produces,transporter,,,,,,
item_500,travailler,word,action_words,produces,travailler,,,,,,
item_501,trouver,word,action_words,produces,trouver,,,,,,
item_502,venir,word,action_words,produces,venir,,,,,,
item_503,verser,word,action_words,produces,verser,,,,,,
item_504,voir,word,action_words,produces,voir,,,,,,
item_505,vouloir,word,action_words,produces,vouloir,,,,,,
item_506,avoir_mal,word,descriptive_words,produces,(avoir) mal,,,,,,
item_507,beaubelle,word,descriptive_words,produces,beau/belle,,,,,,
item_508,bien,word,descriptive_words,produces,bien,,,,,,
item_509,blanc,word,descriptive_words,produces,blanc,,,,,,
item_510,bleu,word,descriptive_words,produces,bleu,,,,,,
item_511,bon,word,descriptive_words,produces,bon,,,,,,
item_512,brisecasse,word,descriptive_words,produces,brisé/cassé,,,,,,
item_513,brun,word,descriptive_words,produces,brun,,,,,,
item_514,capable,word,descriptive_words,produces,capable,,,,,,
item_515,chaud,word,descriptive_words,produces,chaud,,,,,,
item_516,collant,word,descriptive_words,produces,collant,,,,,,
item_517,content,word,descriptive_words,produces,content,,,,,,
item_518,debout,word,descriptive_words,produces,debout,,,,,,
item_519,degueulasse,word,descriptive_words,produces,dégueulasse,,,,,,
item_520,dernier,word,descriptive_words,produces,dernier,,,,,,
item_521,doux,word,descriptive_words,produces,doux,,,,,,
item_522,dur,word,descriptive_words,produces,dur,,,,,,
item_523,endormi,word,descriptive_words,produces,endormi,,,,,,
item_524,fache,word,descriptive_words,produces,fâché,,,,,,
item_525,faim,word,descriptive_words,produces,faim,,,,,,
item_526,fatigue,word,descriptive_words,produces,fatigué,,,,,,
item_527,fini,word,descriptive_words,produces,fini,,,,,,
item_528,fort,word,descriptive_words,produces,fort,,,,,,
item_529,froid,word,descriptive_words,produces,froid,,,,,,
item_530,gentil,word,descriptive_words,produces,gentil,,,,,,
item_531,grosgrand,word,descriptive_words,produces,gros/grand,,,,,,
item_532,haut,word,descriptive_words,produces,haut,,,,,,
item_533,jaune,word,descriptive_words,produces,jaune,,,,,,
item_534,joli,word,descriptive_words,produces,joli,,,,,,
item_535,long,word,descriptive_words,produces,long,,,,,,
item_536,lourd,word,descriptive_words,produces,lourd,,,,,,
item_537,mal,word,descriptive_words,produces,mal,,,,,,
item_538,malade,word,descriptive_words,produces,malade,,,,,,
item_539,mieux,word,descriptive_words,produces,mieux,,,,,,
item_540,mignoncute,word,descriptive_words,produces,mignon/cute,,,,,,
item_541,mouille,word,descriptive_words,produces,mouillé,,,,,,
item_542,noir,word,descriptive_words,produces,noir,,,,,,
item_543,nouveau,word,descriptive_words,produces,nouveau,,,,,,
item_544,orange,word,descriptive_words,produces,orange,,,,,,
item_545,parti,word,descriptive_words,produces,parti,,,,,,
item_546,pauvre,word,descriptive_words,produces,pauvre,,,,,,
item_547,petit,word,descriptive_words,produces,petit,,,,,,
item_548,peur,word,descriptive_words,produces,peur,,,,,,
item_549,plein,word,descriptive_words,produces,plein,,,,,,
item_550,premier,word,descriptive_words,produces,premier,,,,,,
item_551,pris,word,descriptive_words,produces,pris,,,,,,
item_552,propre,word,descriptive_words,produces,propre,,,,,,
item_553,reveille,word,descriptive_words,produces,réveillé,,,,,,
item_554,rond,word,descriptive_words,produces,rond,,,,,,
item_555,rouge,word,descriptive_words,produces,rouge,,,,,,
item_556,sale,word,descriptive_words,produces,sale,,,,,,
item_557,sec,word,descriptive_words,produces,sec,,,,,,
item_558,soif,word,descriptive_words,produces,soif,,,,,,
item_559,tannantmechan,word,descriptive_words,produces,tannant/méchant,,,,,,
item_560,tranquille,word,descriptive_words,produces,tranquille,,,,,,
item_561,triste,word,descriptive_words,produces,triste/(avoir) peine,,,,,,
item_562,vert,word,descriptive_words,produces,vert,,,,,,
item_563,vide,word,descriptive_words,produces,vide,,,,,,
item_564,vieux,word,descriptive_words,produces,vieux,,,,,,
item_565,vite,word,descriptive_words,produces,vite,,,,,,
item_566,apres,word,time_words,produces,après,,,,,,
item_567,aujourdhui,word,time_words,produces,aujourd'hui,,,,,,
item_568,avant,word,time_words,produces,avant,,,,,,
item_569,bientot,word,time_words,produces,bientôt,,,,,,
item_570,ce_soir,word,time_words,produces,ce soir,,,,,,
item_571,demain,word,time_words,produces,demain,,,,,,
item_572,heure,word,time_words,produces,heure,,,,,,
item_573,hier,word,time_words,produces,hier,,,,,,
item_574,jour,word,time_words,produces,jour,,,,,,
item_575,maintenant,word,time_words,produces,maintenant,,,,,,
item_576,matin,word,time_words,produces,matin,,,,,,
item_577,nuit,word,time_words,produces,nuit,,,,,,
item_578,plus_tard,word,time_words,produces,plus tard,,,,,,
item_579,tantot,word,time_words,produces,tantôt,,,,,,
item_580,tout_a_lheure,word,time_words,produces,tout à l'heure,,,,,,
item_581,a_eux,word,pronouns,produces,à eux,,,,,,
item_582,a_lui,word,pronouns,produces,à lui,,,,,,
item_583,a_moi,word,pronouns,produces,à moi,,,,,,
item_584,a_nous,word,pronouns,produces,à nous,,,,,,
item_585,a_toi,word,pronouns,produces,à toi,,,,,,
item_586,a_vous,word,pronouns,produces,à vous,,,,,,
item_587,ca,word,pronouns,produces,ça,,,,,,
item_588,ce,word,pronouns,produces,ce,,,,,,
item_589,celui-la,word,pronouns,produces,celui-là,,,,,,
item_590,elle,word,pronouns,produces,elle,,,,,,
item_591,elles,word,pronouns,produces,elles,,,,,,
item_592,il,word,pronouns,produces,il,,,,,,
item_593,ils,word,pronouns,produces,ils,,,,,,
item_594,je,word,pronouns,produces,je,,,,,,
item_595,le_mien,word,pronouns,produces,le mien,,,,,,
item_596,le_tien,word,pronouns,produces,le tien,,,,,,
item_597,lui,word,pronouns,produces,lui,,,,,,
item_598,me,word,pronouns,produces,me,,,,,,
item_599,moi,word,pronouns,produces,moi,,,,,,
item_600,mon,word,pronouns,produces,mon,,,,,,
item_601,nous,word,pronouns,produces,nous,,,,,,
item_602,notrenos,word,pronouns,produces,nôtre/nos,,,,,,
item_603,on,word,pronouns,produces,on,,,,,,
item_604,son,word,pronouns,produces,son,,,,,,
item_605,toi,word,pronouns,produces,toi,,,,,,
item_606,ton,word,pronouns,produces,ton,,,,,,
item_607,tu,word,pronouns,produces,tu,,,,,,
item_608,vous,word,pronouns,produces,vous,,,,,,
item_609,comment,word,question_words,produces,comment,,,,,,
item_610,lequellaquelle,word,question_words,produces,lequel/laquelle,,,,,,
item_611,ou,word,question_words,produces,où,,,,,,
item_612,pourquoi,word,question_words,produces,pourquoi,,,,,,
item_613,quand,word,question_words,produces,quand,,,,,,
item_614,quel,word,question_words,produces,quel,,,,,,
item_615,qui,word,question_words,produces,qui,,,,,,
item_616,quoi,word,question_words,produces,quoi,,,,,,
item_617,a_au,word,locations,produces,à/au,,,,,,
item_618,a_cote_de,word,locations,produces,à côté de,,,,,,
item_619,a_terrepar_te,word,locations,produces,à terre/par terre,,,,,,
item_620,au-dessus,word,locations,produces,au-dessus,,,,,,
item_621,autour,word,locations,produces,autour,,,,,,
item_622,avec,word,locations,produces,avec,,,,,,
item_623,comme,word,locations,produces,comme,,,,,,
item_624,dans,word,locations,produces,dans,,,,,,
item_625,de,word,locations,produces,de,,,,,,
item_626,de_lautre_cot,word,locations,produces,de l'autre côté,,,,,,
item_627,devanten_avant,word,locations,produces,devant/en avant,,,,,,
item_628,en,word,locations,produces,en,,,,,,
item_629,en_arriere,word,locations,produces,en arrière,,,,,,
item_630,en_bas,word,locations,produces,en bas,,,,,,
item_631,en_dehors,word,locations,produces,en dehors (de),,,,,,
item_632,en_haut,word,locations,produces,en haut,,,,,,
item_633,ici,word,locations,produces,ici,,,,,,
item_634,lala-bas,word,locations,produces,là/là-bas,,,,,,
item_635,loin,word,locations,produces,loin,,,,,,
item_636,par,word,locations,produces,par,,,,,,
item_637,par-dessus,word,locations,produces,par-dessus,,,,,,
item_638,pour,word,locations,produces,pour,,,,,,
item_639,sous_dessous,word,locations,produces,sous/en dessous,,,,,,
item_640,sur,word,locations,produces,sur,,,,,,
item_641,y,word,locations,produces,"y (par exemple, ""on y va"")",,,,,,
item_642,autre,word,quantifiers,produces,autre,,,,,,
item_643,beaucoup,word,quantifiers,produces,beaucoup,,,,,,
item_644,dedu,word,quantifiers,produces,de/du,,,,,,
item_645,des,word,quantifiers,produces,des,,,,,,
item_646,encore,word,quantifiers,produces,encore,,,,,,
item_647,lela,word,quantifiers,produces,le/la,,,,,,
item_648,meme,word,quantifiers,produces,même,,,,,,
item_649,pareil,word,quantifiers,produces,pareil,,,,,,
item_650,pas,word,quantifiers,produces,pas,,,,,,
item_651,plus,word,quantifiers,produces,plus,,,,,,
item_652,plusieurs,word,quantifiers,produces,plusieurs,,,,,,
item_653,touttoute,word,quantifiers,produces,tout/toute,,,,,,
item_654,trop,word,quantifiers,produces,trop,,,,,,
item_655,unune,word,quantifiers,produces,un/une,,,,,,
item_656,un_autre,word,quantifiers,produces,un autre,,,,,,
item_657,un_peu,word,quantifiers,produces,un peu,,,,,,
item_658,alors,word,connecting_words,produces,alors,,,,,,
item_659,aussi,word,connecting_words,produces,aussi,,,,,,
item_660,et,word,connecting_words,produces,et,,,,,,
item_661,mais,word,connecting_words,produces,mais,,,,,,
item_662,parce_que,word,connecting_words,produces,parce que,,,,,,
item_663,puis,word,connecting_words,produces,puis,,,,,,
item_664,si,word,connecting_words,produces,si,,,,,,
item_665,usepast,usage,how_use_words,not yet; sometimes; often,"Votre enfant parle-t-il d'événements passés ou de personnes qui ne sont pas présentes? Par exemple, si vous avez vu une parade ensemble la semaine dernière, lui arrive-t-il de vous en ""parler"" en mentionnant des mots comme ""parade"", ""clown"", etc.?",,,,,,
item_666,usefut,usage,how_use_words,not yet; sometimes; often,"Votre enfant parle-t-il de choses qui se produiront plus tard? Par exemple, dirait-il ""tchou tchou"" ou ""avion"" avant de partir en voyage ou ""balançoire"" avant d'aller au parc?",,,,,,
item_667,usemiss,usage,how_use_words,not yet; sometimes; often,"Votre enfant parle-t-il d'objets qui ne sont pas présents? Par exemple, demande-t-il un jouet qui n'est pas là, mentionne-t-il un animal hors de son champ de vision ou une personne absente?",,,,,,
item_668,useroom,usage,how_use_words,not yet; sometimes; often,"Votre enfant comprend-il quand vous lui demandez un objet qui n'est pas dans la même pièce? Par exemple, va-t-il dans sa chambre chercher son toutou lorsque vous dites ""Où il est ton nounours?""",,,,,,
item_669,useposs,usage,how_use_words,not yet; sometimes; often,"Votre enfant pointe-t-il ou prend-il un objet en nommant un personne absente à qui appartient cet objet? Par exemple, lui arrive-t-il de montrer les souliers de sa maman en disant ""maman""?",,,,,,
item_670,praime,word_forms,word_forms_prese,produces,aim__e__,,,,word_forms_verb_tenses,,
item_671,praimons,word_forms,word_forms_prese,produces,aim__ons__,,,,word_forms_verb_tenses,,
item_672,praimez,word_forms,word_forms_prese,produces,aim__ez__,,,,word_forms_verb_tenses,,
item_673,praimer,word_forms,word_forms_prese,produces,aim__er__,,,,word_forms_verb_tenses,,
item_674,prfinis,word_forms,word_forms_prese,produces,fin__is__,,,,word_forms_verb_tenses,,
item_675,prfinissons,word_forms,word_forms_prese,produces,fin__issons__,,,,word_forms_verb_tenses,,
item_676,prfinissez,word_forms,word_forms_prese,produces,fin__issez__,,,,word_forms_verb_tenses,,
item_677,prfinir,word_forms,word_forms_prese,produces,fin__ir__,,,,word_forms_verb_tenses,,
item_678,prveux,word_forms,word_forms_prese,produces,v__eux__,,,,word_forms_verb_tenses,,
item_679,prvoulons,word_forms,word_forms_prese,produces,voul__ons__,,,,word_forms_verb_tenses,,
item_680,prvoulez,word_forms,word_forms_prese,produces,voul__ez__,,,,word_forms_verb_tenses,,
item_681,prvouloir,word_forms,word_forms_prese,produces,voul__oir__,,,,word_forms_verb_tenses,,
item_682,pavamang,word_forms,word_forms_futur,produces,va manger,,,,word_forms_verb_tenses,,
item_683,pamanger,word_forms,word_forms_futur,produces,mang__erai__,,,,word_forms_verb_tenses,,
item_684,fufini,word_forms,word_forms_suced,produces,fini,,,,word_forms_verb_tenses,,
item_685,fuafini,word_forms,word_forms_suced,produces,a fini,,,,word_forms_verb_tenses,,
item_686,fufiniss,word_forms,word_forms_suced,produces,fini__ssais__,,,,word_forms_verb_tenses,,
item_687,imange,word_forms,word_forms_orden,produces,mang__e__,,,,word_forms_verb_tenses,,
item_688,ifinis,word_forms,word_forms_orden,produces,fin__is__,,,,word_forms_verb_tenses,,
item_689,iviens,word_forms,word_forms_orden,produces,v__iens__,,,,word_forms_verb_tenses,,
item_690,ai,word_forms,verb_endings,produces,ai,,,,word_forms_verb_endings,,
item_691,asa,word_forms,verb_endings,produces,as/a,,,,word_forms_verb_endings,,
item_692,avons,word_forms,verb_endings,produces,avons,,,,word_forms_verb_endings,,
item_693,avez,word_forms,verb_endings,produces,avez,,,,word_forms_verb_endings,,
item_694,ont,word_forms,verb_endings,produces,ont,,,,word_forms_verb_endings,,
item_695,suis,word_forms,verb_endings,produces,suis,,,,word_forms_verb_endings,,
item_696,es_est,word_forms,verb_endings,produces,es/est,,,,word_forms_verb_endings,,
item_697,sommes,word_forms,verb_endings,produces,sommes,,,,word_forms_verb_endings,,
item_698,etes,word_forms,verb_endings,produces,êtes,,,,word_forms_verb_endings,,
item_699,sont,word_forms,verb_endings,produces,sont,,,,word_forms_verb_endings,,
item_700,vais,word_forms,verb_endings,produces,vais,,,,word_forms_verb_endings,,
item_701,vas_va,word_forms,verb_endings,produces,vas/va,,,,word_forms_verb_endings,,
item_702,allons,word_forms,verb_endings,produces,allons,,,,word_forms_verb_endings,,
item_703,allez,word_forms,verb_endings,produces,allez,,,,word_forms_verb_endings,,
item_704,vont,word_forms,verb_endings,produces,vont,,,,word_forms_verb_endings,,
item_705,adjectives,word_forms,adjectives,no; yes,"Votre enfant utilise-t-il la forme masculine et féminine d’un même adjectif (par ex., gros/grosse, beau/belle)",,,,word_forms_adjectives,,
item_706,scombine,combine,combine,not yet; sometimes; often,"Votre enfant a-t-il commencé à combiner des mots? Par exemple, dit-il des choses comme ""papa parti"" ou ""encore jus""?",,,,,,
item_example1,combination_example1,combination_examples,combination_examples,,,,,,,item_706,sometimes; often
item_example2,combination_example2,combination_examples,combination_examples,,,,,,,item_706,sometimes; often
item_example3,combination_example3,combination_examples,combination_examples,,,,,,,item_706,sometimes; often
item_707,cmplx01,complexity,complexity,simple; complex,Auto papa \ Auto à papa,,,,,item_706,sometimes; often
item_708,cmplx02,complexity,complexity,simple; complex,Toutou bébé \ Toutou au bébé,,,,,item_706,sometimes; often
item_709,cmplx03,complexity,complexity,simple; complex,Fille maison \ Fille dans maison,,,,,item_706,sometimes; often
item_710,cmplx04,complexity,complexity,simple; complex,Biscuit maman \ Biscuit pour maman,,,,,item_706,sometimes; often
item_711,cmplx05,complexity,complexity,simple; complex,Chien table \ Chien sur (la) table,,,,,item_706,sometimes; often
item_712,cmplx06,complexity,complexity,simple; complex,Encore biscuit \ Encore des biscuits,,,,,item_706,sometimes; often
item_713,cmplx07,complexity,complexity,simple; complex,"Donne pomme, maman \ Donne une pomme, maman",,,,,item_706,sometimes; often
item_714,cmplx08,complexity,complexity,simple; complex,Papa parti \ Papa est parti,,,,,item_706,sometimes; often
item_715,cmplx09,complexity,complexity,simple; complex,Pelle Pascal \ Pascal a une pelle,,,,,item_706,sometimes; often
item_716,cmplx10,complexity,complexity,simple; complex,Belle ta robe \ Ta robe est belle,,,,,item_706,sometimes; often
item_717,cmplx11,complexity,complexity,simple; complex,Où maman? \ Est où maman?,,,,,item_706,sometimes; often
item_718,cmplx12,complexity,complexity,simple; complex,Mon camion \ C'est mon camion,,,,,item_706,sometimes; often
item_719,cmplx13,complexity,complexity,simple; complex,Chat là \ (Il) y un chat,,,,,item_706,sometimes; often
item_720,cmplx14,complexity,complexity,simple; complex,Lancer balle \ Lance (la) balle,,,,,item_706,sometimes; often
item_721,cmplx15,complexity,complexity,simple; complex,Pas laver poupée \ Lave pas poupée,,,,,item_706,sometimes; often
item_722,cmplx16,complexity,complexity,simple; complex,Encore jus \ Veux d'autre jus,,,,,item_706,sometimes; often
item_723,cmplx17,complexity,complexity,simple; complex,Regarder télé \ Veux regarder télé,,,,,item_706,sometimes; often
item_724,cmplx18,complexity,complexity,simple; complex,Donner un bec \ Veux donner un bec,,,,,item_706,sometimes; often
item_725,cmplx19,complexity,complexity,simple; complex,Toi saute? \ Peux-tu sauter,,,,,item_706,sometimes; often
item_726,cmplx20,complexity,complexity,simple; complex,Moi pas faire ça \ Moi peux pas faire ça,,,,,item_706,sometimes; often
item_727,cmplx21,complexity,complexity,simple; complex,Pipi dehors minou \ Minou fait pipi dehors,,,,,item_706,sometimes; often
item_728,cmplx22,complexity,complexity,simple; complex,Pas marcher là \ Faut pas marcher là,,,,,item_706,sometimes; often
item_729,cmplx23,complexity,complexity,simple; complex,Moi livre \ Le livre à moi,,,,,item_706,sometimes; often
item_730,cmplx24,complexity,complexity,simple; complex,Mange une pomme \ Je mange une pomme,,,,,item_706,sometimes; often
item_731,cmplx25,complexity,complexity,simple; complex,La tête tombé \ Il (est) tombé sur la tête,,,,,item_706,sometimes; often
item_732,cmplx26,complexity,complexity,simple; complex,Papa parti \ Papa parti travailler,,,,,item_706,sometimes; often
item_733,cmplx27,complexity,complexity,simple; complex,Regarde-moi \ Regarde-moi danser,,,,,item_706,sometimes; often
item_734,cmplx28,complexity,complexity,simple; complex,Donne cuillère \ Donne (la) cuillère pour manger,,,,,item_706,sometimes; often
item_735,cmplx29,complexity,complexity,simple; complex,Veux biscuits \ Veux biscuits et (pis) lait,,,,,item_706,sometimes; often
item_736,cmplx30,complexity,complexity,simple; complex,On a fait ça \ Sophie et (pis) moi a fait ça,,,,,item_706,sometimes; often
item_737,cmplx31,complexity,complexity,simple; complex,Je chante une chanson \ Je chante une chanson pour toi,,,,,item_706,sometimes; often
item_738,cmplx32,complexity,complexity,simple; complex,Pas lire le livre \ Veux pas tu lis le livre,,,,,item_706,sometimes; often
item_739,cmplx33,complexity,complexity,simple; complex,C'est maman chante \ C'est maman qui chante,,,,,item_706,sometimes; often
item_740,cmplx34,complexity,complexity,simple; complex,Je veux lui \ Je veux lui que tu as,,,,,item_706,sometimes; often
item_741,cmplx35,complexity,complexity,simple; complex,Regarde ça \ Regarde ce que j'ai,,,,,item_706,sometimes; often
item_742,cmplx36,complexity,complexity,simple; complex,Bébé rit \ Bébé rit parce que content,,,,,item_706,sometimes; often
item_743,cmplx37,complexity,complexity,simple; complex,Le chapeau de le monsieur \ Le chapeau du monsieur,,,,,item_706,sometimes; often
item_744,pronoun1,pronoun_usage,pronoun_usage,pronoun; article,Mon camion \ Camion Simon,,,,,,
item_745,pronoun2,pronoun_usage,pronoun_usage,pronoun; article,Moi sali \ Simon sali,,,,,,
item_746,pronoun3,pronoun_usage,pronoun_usage,pronoun; article,Prends-moi \ Prends Simon,,,,,,
item_747,pronoun4,pronoun_usage,pronoun_usage,pronoun; article,Veux jus \ Simon jus,,,,,,
item_748,pronoun5,pronoun_usage,pronoun_usage,pronoun; article,Toi belle \ Maman belle,,,,,,
item_749,pronoun6,pronoun_usage,pronoun_usage,pronoun; article,Brosse les dents \ Brosse dents maman,,,,,,
item_750,pronoun7,pronoun_usage,pronoun_usage,pronoun; article,Il dort \ Le chat dort,,,,,,
item_751,pronoun8,pronoun_usage,pronoun_usage,pronoun; article,Ouvre-la \ Ouvre la porte,,,,,,
item_752,pronoun9,pronoun_usage,pronoun_usage,pronoun; article,C'est chaud \ La soupe est chaude,,,,,,
item_753,pronoun10,pronoun_usage,pronoun_usage,pronoun; article,Pas faire ça \ Pas laver cheveux,,,,,,
item_754,pronoun11,pronoun_usage,pronoun_usage,pronoun; article,Jus dedans \ Jus dans tasse,,,,,,
