itemID,item_type,pdf_header
item_1,first_signs,1Respond
item_2,first_signs,2Respond
item_3,first_signs,3React
item_4,phrases,understands_1
item_5,phrases,understands_2
item_6,phrases,understands_3
item_7,phrases,understands_4
item_8,phrases,understands_5
item_9,phrases,understands_6
item_10,phrases,understands_7
item_11,phrases,understands_8
item_12,phrases,understands_9
item_13,phrases,understands_10
item_14,phrases,understands_11
item_15,phrases,understands_12
item_16,phrases,understands_13
item_17,phrases,understands_14
item_18,phrases,understands_15
item_19,phrases,understands_16
item_20,phrases,understands_17
item_21,phrases,understands_18
item_22,phrases,understands_19
item_23,phrases,understands_20
item_24,phrases,understands_21
item_25,phrases,understands_22
item_26,phrases,understands_23
item_27,phrases,understands_24
item_28,phrases,understands_25
item_29,phrases,understands_26
item_30,phrases,understands_27
item_31,phrases,understands_28
item_32,starting_to_talk,C1_talk
item_33,starting_to_talk,C2_talk
item_34,word,baa baa
item_35,word,choo choo
item_36,word,cockadoodledoo
item_37,word,grrr
item_38,word,meow
item_39,word,moo
item_40,word,ouch
item_41,word,quack quack
item_42,word,uh oh
item_43,word,vroom
item_44,word,woof woof
item_45,word,yum yum
item_46,word,animal
item_47,word,bear
item_48,word,bee
item_49,word,bird
item_50,word,bug
item_51,word,bunny
item_52,word,butterfly
item_53,word,cat
item_54,word,chicken
item_55,word,cow
item_56,word,deer
item_57,word,dog
item_58,word,donkey
item_59,word,duck
item_60,word,elephant
item_61,word,fish
item_62,word,frog
item_63,word,giraffe
item_64,word,goose
item_65,word,horse
item_66,word,kitty
item_67,word,lamb
item_68,word,lion
item_69,word,monkey
item_70,word,mouse
item_71,word,owl
item_72,word,penguin
item_73,word,pig
item_74,word,pony
item_75,word,puppy
item_76,word,sheep
item_77,word,squirrel
item_78,word,teddy bear
item_79,word,tiger
item_80,word,turkey
item_81,word,turtle
item_82,word,airplane
item_83,word,bicycle
item_84,word,bus
item_85,word,car
item_86,word,firetruck
item_87,word,motorcycle
item_88,word,stroller
item_89,word,train
item_90,word,truck
item_91,word,ball
item_92,word,balloon
item_93,word,block
item_94,word,book
item_95,word,bubbles
item_96,word,doll
item_97,word,pen
item_98,word,toy
item_99,word,apple
item_100,word,banana
item_101,word,bread
item_102,word,butter
item_103,word,cake
item_104,word,candy
item_105,word,carrots
item_106,word,cereal
item_107,word,cheerios
item_108,word,cheese
item_109,word,chicken1
item_110,word,coffee
item_111,word,cookie
item_112,word,cracker
item_113,word,drink
item_114,word,egg
item_115,word,fish1
item_116,word,food
item_117,word,ice cream
item_118,word,juice
item_119,word,meat
item_120,word,milk
item_121,word,noodles
item_122,word,orange
item_123,word,peas
item_124,word,pizza
item_125,word,raisin
item_126,word,spaghetti
item_127,word,toast
item_128,word,water1
item_129,word,beads
item_130,word,bib
item_131,word,boots
item_132,word,button
item_133,word,coat
item_134,word,diaper
item_135,word,dress
item_136,word,hat
item_137,word,jacket
item_138,word,jeans
item_139,word,necklace
item_140,word,pajamas
item_141,word,pants
item_142,word,shirt
item_143,word,shoe
item_144,word,shorts
item_145,word,sock
item_146,word,sweater
item_147,word,zipper
item_148,word,arm
item_149,word,belly button
item_150,word,cheek
item_151,word,ear
item_152,word,eye
item_153,word,face
item_154,word,foot
item_155,word,finger
item_156,word,hair
item_157,word,hand
item_158,word,head
item_159,word,knee
item_160,word,leg
item_161,word,mouth
item_162,word,nose
item_163,word,owie/boo boo
item_164,word,tooth
item_165,word,toe
item_166,word,tongue
item_167,word,tummy
item_168,word,bathroom
item_169,word,bathtub
item_170,word,bed
item_171,word,bedroom
item_172,word,chair
item_173,word,couch
item_174,word,crib
item_175,word,door
item_176,word,drawer
item_177,word,garage
item_178,word,high chair
item_179,word,kitchen
item_180,word,living room
item_181,word,oven
item_182,word,play pen
item_183,word,potty
item_184,word,refrigerator
item_185,word,rocking chair
item_186,word,sink
item_187,word,stairs
item_188,word,stove
item_189,word,table
item_190,word,TV
item_191,word,window
item_192,word,blanket
item_193,word,bottle
item_194,word,bowl
item_195,word,box
item_196,word,broom
item_197,word,brush
item_198,word,clock
item_199,word,comb
item_200,word,cup
item_201,word,dish
item_202,word,fork
item_203,word,glass
item_204,word,glasses
item_205,word,hammer
item_206,word,keys
item_207,word,lamp
item_208,word,light
item_209,word,medicine
item_210,word,money
item_211,word,paper
item_212,word,penny
item_213,word,picture
item_214,word,pillow
item_215,word,plant
item_216,word,plate
item_217,word,purse
item_218,word,radio
item_219,word,scissors
item_220,word,soap
item_221,word,spoon
item_222,word,telephone
item_223,word,toothbrush
item_224,word,towel
item_225,word,trash
item_226,word,vacuum
item_227,word,watch
item_228,word,backyard
item_229,word,beach
item_230,word,church
item_231,word,flower
item_232,word,garden
item_233,word,home
item_234,word,house
item_235,word,moon
item_236,word,outside
item_237,word,park
item_238,word,party
item_239,word,pool
item_240,word,rain
item_241,word,rock
item_242,word,school
item_243,word,shovel
item_244,word,sky
item_245,word,slide
item_246,word,snow
item_247,word,star
item_248,word,store
item_249,word,sun
item_250,word,swing
item_251,word,tree
item_252,word,water
item_253,word,work
item_254,word,zoo
item_255,word,aunt
item_256,word,baby
item_257,word,babysitter
item_258,word,babysitter's name
item_259,word,boy
item_260,word,brother
item_261,word,child
item_262,word,daddy
item_263,word,girl
item_264,word,grandma
item_265,word,grandpa
item_266,word,lady
item_267,word,man
item_268,word,mommy
item_269,word,child's own name
item_270,word,people
item_271,word,person
item_272,word,sister
item_273,word,teacher
item_274,word,uncle
item_275,word,bath
item_276,word,breakfast
item_277,word,bye
item_278,word,dinner
item_279,word,dont
item_280,word,hello
item_281,word,hi
item_282,word,lunch
item_283,word,nap
item_284,word,night_night
item_285,word,no
item_286,word,patty cake
item_287,word,peekaboo
item_288,word,please
item_289,word,shh
item_290,word,thank you
item_291,word,wait
item_292,word,wanna/want to
item_293,word,yes
item_294,word,bite
item_295,word,blow
item_296,word,break
item_297,word,bring
item_298,word,bump
item_299,word,clean
item_300,word,close
item_301,word,cry
item_302,word,dance
item_303,word,draw
item_304,word,drink1
item_305,word,drive
item_306,word,eat
item_307,word,fall
item_308,word,feed
item_309,word,finish
item_310,word,get
item_311,word,give
item_312,word,go
item_313,word,help
item_314,word,hit
item_315,word,hug
item_316,word,hurry
item_317,word,jump
item_318,word,kick
item_319,word,kiss
item_320,word,look
item_321,word,love
item_322,word,open
item_323,word,play
item_324,word,pull
item_325,word,push
item_326,word,put
item_327,word,read
item_328,word,ride
item_329,word,run
item_330,word,say
item_331,word,see
item_332,word,show
item_333,word,sing
item_334,word,sleep
item_335,word,smile
item_336,word,splash
item_337,word,stop
item_338,word,swim
item_339,word,swing1
item_340,word,take
item_341,word,throw
item_342,word,tickle
item_343,word,touch
item_344,word,watch1
item_345,word,walk
item_346,word,wash
item_347,word,wipe
item_348,word,write
item_349,word,day
item_350,word,later
item_351,word,morning
item_352,word,night1
item_353,word,now
item_354,word,today
item_355,word,tomorrow
item_356,word,tonight
item_357,word,all gone
item_358,word,asleep
item_359,word,bad
item_360,word,big
item_361,word,blue
item_362,word,broken
item_363,word,careful
item_364,word,clean1
item_365,word,cold
item_366,word,cute
item_367,word,dark
item_368,word,dirty
item_369,word,dry
item_370,word,empty
item_371,word,fast
item_372,word,fine
item_373,word,gentle
item_374,word,good
item_375,word,happy
item_376,word,hard
item_377,word,hot
item_378,word,hungry
item_379,word,hurt
item_380,word,little
item_381,word,naughty
item_382,word,nice
item_383,word,old
item_384,word,pretty
item_385,word,red
item_386,word,scared
item_387,word,sick
item_388,word,sleepy
item_389,word,soft
item_390,word,thirsty
item_391,word,tired
item_392,word,wet
item_393,word,yucky
item_394,word,his
item_395,word,her
item_396,word,i
item_397,word,it
item_398,word,me
item_399,word,mine
item_400,word,my
item_401,word,that
item_402,word,this
item_403,word,you
item_404,word,your
item_405,word,how
item_406,word,what
item_407,word,when
item_408,word,where
item_409,word,who
item_410,word,why
item_411,word,away
item_412,word,back
item_413,word,down
item_414,word,in
item_415,word,inside
item_416,word,off
item_417,word,on
item_418,word,out
item_419,word,there
item_420,word,under
item_421,word,up
item_422,word,all
item_423,word,another
item_424,word,more
item_425,word,none
item_426,word,not
item_427,word,other
item_428,word,same
item_429,word,some
item_430,gestures,A1
item_431,gestures,A2
item_432,gestures,A3
item_433,gestures,A4
item_434,gestures,A5
item_435,gestures,A6
item_436,gestures,A7
item_437,gestures,A8
item_438,gestures,A9
item_439,gestures,A10
item_440,gestures,A11
item_441,gestures,A12
item_442,gestures,B1
item_443,gestures,B2
item_444,gestures,B3
item_445,gestures,B4
item_446,gestures,B5
item_447,gestures,B6
item_448,gestures,C1
item_449,gestures,C2
item_450,gestures,C3
item_451,gestures,C4
item_452,gestures,C5
item_453,gestures,C6
item_454,gestures,C7
item_455,gestures,C8
item_456,gestures,C9
item_457,gestures,C10
item_458,gestures,C11
item_459,gestures,C12
item_460,gestures,C13
item_461,gestures,C14
item_462,gestures,C15
item_463,gestures,C16
item_464,gestures,C17
item_465,gestures,D1
item_466,gestures,D2
item_467,gestures,D3
item_468,gestures,D4
item_469,gestures,D5
item_470,gestures,D6
item_471,gestures,D7
item_472,gestures,D8
item_473,gestures,D9
item_474,gestures,D10
item_475,gestures,D11
item_476,gestures,D12
item_477,gestures,D13
item_478,gestures,E1
item_479,gestures,E2
item_480,gestures,E3
item_481,gestures,E4
item_482,gestures,E5
item_483,gestures,E6
item_484,gestures,E7
item_485,gestures,E8
item_486,gestures,E9
item_487,gestures,E10
item_488,gestures,E11
item_489,gestures,E12
item_490,gestures,E13
item_491,gestures,E14
item_492,gestures,E15
