[{"model": "auth.permission", "pk": 1, "fields": {"name": "Can add administration", "content_type": 1, "codename": "add_administration"}}, {"model": "auth.permission", "pk": 2, "fields": {"name": "Can change administration", "content_type": 1, "codename": "change_administration"}}, {"model": "auth.permission", "pk": 3, "fields": {"name": "Can delete administration", "content_type": 1, "codename": "delete_administration"}}, {"model": "auth.permission", "pk": 4, "fields": {"name": "Can view administration", "content_type": 1, "codename": "view_administration"}}, {"model": "auth.permission", "pk": 5, "fields": {"name": "Can add administration_data", "content_type": 2, "codename": "add_administration_data"}}, {"model": "auth.permission", "pk": 6, "fields": {"name": "Can change administration_data", "content_type": 2, "codename": "change_administration_data"}}, {"model": "auth.permission", "pk": 7, "fields": {"name": "Can delete administration_data", "content_type": 2, "codename": "delete_administration_data"}}, {"model": "auth.permission", "pk": 8, "fields": {"name": "Can view administration_data", "content_type": 2, "codename": "view_administration_data"}}, {"model": "auth.permission", "pk": 9, "fields": {"name": "Can add instrument", "content_type": 3, "codename": "add_instrument"}}, {"model": "auth.permission", "pk": 10, "fields": {"name": "Can change instrument", "content_type": 3, "codename": "change_instrument"}}, {"model": "auth.permission", "pk": 11, "fields": {"name": "Can delete instrument", "content_type": 3, "codename": "delete_instrument"}}, {"model": "auth.permission", "pk": 12, "fields": {"name": "Can view instrument", "content_type": 3, "codename": "view_instrument"}}, {"model": "auth.permission", "pk": 13, "fields": {"name": "Can add study", "content_type": 4, "codename": "add_study"}}, {"model": "auth.permission", "pk": 14, "fields": {"name": "Can change study", "content_type": 4, "codename": "change_study"}}, {"model": "auth.permission", "pk": 15, "fields": {"name": "Can delete study", "content_type": 4, "codename": "delete_study"}}, {"model": "auth.permission", "pk": 16, "fields": {"name": "Can view study", "content_type": 4, "codename": "view_study"}}, {"model": "auth.permission", "pk": 17, "fields": {"name": "Can add payment_code", "content_type": 5, "codename": "add_payment_code"}}, {"model": "auth.permission", "pk": 18, "fields": {"name": "Can change payment_code", "content_type": 5, "codename": "change_payment_code"}}, {"model": "auth.permission", "pk": 19, "fields": {"name": "Can delete payment_code", "content_type": 5, "codename": "delete_payment_code"}}, {"model": "auth.permission", "pk": 20, "fields": {"name": "Can view payment_code", "content_type": 5, "codename": "view_payment_code"}}, {"model": "auth.permission", "pk": 21, "fields": {"name": "Can add ip_address", "content_type": 6, "codename": "add_ip_address"}}, {"model": "auth.permission", "pk": 22, "fields": {"name": "Can change ip_address", "content_type": 6, "codename": "change_ip_address"}}, {"model": "auth.permission", "pk": 23, "fields": {"name": "Can delete ip_address", "content_type": 6, "codename": "delete_ip_address"}}, {"model": "auth.permission", "pk": 24, "fields": {"name": "Can view ip_address", "content_type": 6, "codename": "view_ip_address"}}, {"model": "auth.permission", "pk": 25, "fields": {"name": "Can add researcher", "content_type": 7, "codename": "add_researcher"}}, {"model": "auth.permission", "pk": 26, "fields": {"name": "Can change researcher", "content_type": 7, "codename": "change_researcher"}}, {"model": "auth.permission", "pk": 27, "fields": {"name": "Can delete researcher", "content_type": 7, "codename": "delete_researcher"}}, {"model": "auth.permission", "pk": 28, "fields": {"name": "Can view researcher", "content_type": 7, "codename": "view_researcher"}}, {"model": "auth.permission", "pk": 29, "fields": {"name": "Can add Administration Summary", "content_type": 8, "codename": "add_administrationsummary"}}, {"model": "auth.permission", "pk": 30, "fields": {"name": "Can change Administration Summary", "content_type": 8, "codename": "change_administrationsummary"}}, {"model": "auth.permission", "pk": 31, "fields": {"name": "Can delete Administration Summary", "content_type": 8, "codename": "delete_administrationsummary"}}, {"model": "auth.permission", "pk": 32, "fields": {"name": "Can view Administration Summary", "content_type": 8, "codename": "view_administrationsummary"}}, {"model": "auth.permission", "pk": 33, "fields": {"name": "Can add instrument score", "content_type": 9, "codename": "add_instrumentscore"}}, {"model": "auth.permission", "pk": 34, "fields": {"name": "Can change instrument score", "content_type": 9, "codename": "change_instrumentscore"}}, {"model": "auth.permission", "pk": 35, "fields": {"name": "Can delete instrument score", "content_type": 9, "codename": "delete_instrumentscore"}}, {"model": "auth.permission", "pk": 36, "fields": {"name": "Can view instrument score", "content_type": 9, "codename": "view_instrumentscore"}}, {"model": "auth.permission", "pk": 37, "fields": {"name": "Can add benchmark", "content_type": 10, "codename": "add_benchmark"}}, {"model": "auth.permission", "pk": 38, "fields": {"name": "Can change benchmark", "content_type": 10, "codename": "change_benchmark"}}, {"model": "auth.permission", "pk": 39, "fields": {"name": "Can delete benchmark", "content_type": 10, "codename": "delete_benchmark"}}, {"model": "auth.permission", "pk": 40, "fields": {"name": "Can view benchmark", "content_type": 10, "codename": "view_benchmark"}}, {"model": "auth.permission", "pk": 41, "fields": {"name": "Can add log entry", "content_type": 11, "codename": "add_logentry"}}, {"model": "auth.permission", "pk": 42, "fields": {"name": "Can change log entry", "content_type": 11, "codename": "change_logentry"}}, {"model": "auth.permission", "pk": 43, "fields": {"name": "Can delete log entry", "content_type": 11, "codename": "delete_logentry"}}, {"model": "auth.permission", "pk": 44, "fields": {"name": "Can view log entry", "content_type": 11, "codename": "view_logentry"}}, {"model": "auth.permission", "pk": 45, "fields": {"name": "Can add permission", "content_type": 12, "codename": "add_permission"}}, {"model": "auth.permission", "pk": 46, "fields": {"name": "Can change permission", "content_type": 12, "codename": "change_permission"}}, {"model": "auth.permission", "pk": 47, "fields": {"name": "Can delete permission", "content_type": 12, "codename": "delete_permission"}}, {"model": "auth.permission", "pk": 48, "fields": {"name": "Can view permission", "content_type": 12, "codename": "view_permission"}}, {"model": "auth.permission", "pk": 49, "fields": {"name": "Can add group", "content_type": 13, "codename": "add_group"}}, {"model": "auth.permission", "pk": 50, "fields": {"name": "Can change group", "content_type": 13, "codename": "change_group"}}, {"model": "auth.permission", "pk": 51, "fields": {"name": "Can delete group", "content_type": 13, "codename": "delete_group"}}, {"model": "auth.permission", "pk": 52, "fields": {"name": "Can view group", "content_type": 13, "codename": "view_group"}}, {"model": "auth.permission", "pk": 53, "fields": {"name": "Can add user", "content_type": 14, "codename": "add_user"}}, {"model": "auth.permission", "pk": 54, "fields": {"name": "Can change user", "content_type": 14, "codename": "change_user"}}, {"model": "auth.permission", "pk": 55, "fields": {"name": "Can delete user", "content_type": 14, "codename": "delete_user"}}, {"model": "auth.permission", "pk": 56, "fields": {"name": "Can view user", "content_type": 14, "codename": "view_user"}}, {"model": "auth.permission", "pk": 57, "fields": {"name": "Can add content type", "content_type": 15, "codename": "add_contenttype"}}, {"model": "auth.permission", "pk": 58, "fields": {"name": "Can change content type", "content_type": 15, "codename": "change_contenttype"}}, {"model": "auth.permission", "pk": 59, "fields": {"name": "Can delete content type", "content_type": 15, "codename": "delete_contenttype"}}, {"model": "auth.permission", "pk": 60, "fields": {"name": "Can view content type", "content_type": 15, "codename": "view_contenttype"}}, {"model": "auth.permission", "pk": 61, "fields": {"name": "Can add session", "content_type": 16, "codename": "add_session"}}, {"model": "auth.permission", "pk": 62, "fields": {"name": "Can change session", "content_type": 16, "codename": "change_session"}}, {"model": "auth.permission", "pk": 63, "fields": {"name": "Can delete session", "content_type": 16, "codename": "delete_session"}}, {"model": "auth.permission", "pk": 64, "fields": {"name": "Can view session", "content_type": 16, "codename": "view_session"}}, {"model": "auth.permission", "pk": 65, "fields": {"name": "Can add background info", "content_type": 17, "codename": "add_backgroundinfo"}}, {"model": "auth.permission", "pk": 66, "fields": {"name": "Can change background info", "content_type": 17, "codename": "change_backgroundinfo"}}, {"model": "auth.permission", "pk": 67, "fields": {"name": "Can delete background info", "content_type": 17, "codename": "delete_backgroundinfo"}}, {"model": "auth.permission", "pk": 68, "fields": {"name": "Can view background info", "content_type": 17, "codename": "view_backgroundinfo"}}, {"model": "auth.permission", "pk": 69, "fields": {"name": "Can add requests_log", "content_type": 18, "codename": "add_requests_log"}}, {"model": "auth.permission", "pk": 70, "fields": {"name": "Can change requests_log", "content_type": 18, "codename": "change_requests_log"}}, {"model": "auth.permission", "pk": 71, "fields": {"name": "Can delete requests_log", "content_type": 18, "codename": "delete_requests_log"}}, {"model": "auth.permission", "pk": 72, "fields": {"name": "Can view requests_log", "content_type": 18, "codename": "view_requests_log"}}, {"model": "auth.permission", "pk": 73, "fields": {"name": "Can add zipcode", "content_type": 19, "codename": "add_zipcode"}}, {"model": "auth.permission", "pk": 74, "fields": {"name": "Can change zipcode", "content_type": 19, "codename": "change_zipcode"}}, {"model": "auth.permission", "pk": 75, "fields": {"name": "Can delete zipcode", "content_type": 19, "codename": "delete_zipcode"}}, {"model": "auth.permission", "pk": 76, "fields": {"name": "Can view zipcode", "content_type": 19, "codename": "view_zipcode"}}, {"model": "auth.permission", "pk": 77, "fields": {"name": "Can add choices", "content_type": 20, "codename": "add_choices"}}, {"model": "auth.permission", "pk": 78, "fields": {"name": "Can change choices", "content_type": 20, "codename": "change_choices"}}, {"model": "auth.permission", "pk": 79, "fields": {"name": "Can delete choices", "content_type": 20, "codename": "delete_choices"}}, {"model": "auth.permission", "pk": 80, "fields": {"name": "Can view choices", "content_type": 20, "codename": "view_choices"}}, {"model": "auth.permission", "pk": 81, "fields": {"name": "Can add instrument_ forms", "content_type": 21, "codename": "add_instrument_forms"}}, {"model": "auth.permission", "pk": 82, "fields": {"name": "Can change instrument_ forms", "content_type": 21, "codename": "change_instrument_forms"}}, {"model": "auth.permission", "pk": 83, "fields": {"name": "Can delete instrument_ forms", "content_type": 21, "codename": "delete_instrument_forms"}}, {"model": "auth.permission", "pk": 84, "fields": {"name": "Can view instrument_ forms", "content_type": 21, "codename": "view_instrument_forms"}}, {"model": "auth.permission", "pk": 85, "fields": {"name": "Can add registration profile", "content_type": 22, "codename": "add_registrationprofile"}}, {"model": "auth.permission", "pk": 86, "fields": {"name": "Can change registration profile", "content_type": 22, "codename": "change_registrationprofile"}}, {"model": "auth.permission", "pk": 87, "fields": {"name": "Can delete registration profile", "content_type": 22, "codename": "delete_registrationprofile"}}, {"model": "auth.permission", "pk": 88, "fields": {"name": "Can view registration profile", "content_type": 22, "codename": "view_registrationprofile"}}, {"model": "auth.permission", "pk": 89, "fields": {"name": "Can accept registration", "content_type": 22, "codename": "accept_registration"}}, {"model": "auth.permission", "pk": 90, "fields": {"name": "Can reject registration", "content_type": 22, "codename": "reject_registration"}}, {"model": "auth.permission", "pk": 91, "fields": {"name": "Can activate user in admin site", "content_type": 22, "codename": "activate_user"}}, {"model": "auth.permission", "pk": 92, "fields": {"name": "Can add my registration supplement", "content_type": 23, "codename": "add_myregistrationsupplement"}}, {"model": "auth.permission", "pk": 93, "fields": {"name": "Can change my registration supplement", "content_type": 23, "codename": "change_myregistrationsupplement"}}, {"model": "auth.permission", "pk": 94, "fields": {"name": "Can delete my registration supplement", "content_type": 23, "codename": "delete_myregistrationsupplement"}}, {"model": "auth.permission", "pk": 95, "fields": {"name": "Can view my registration supplement", "content_type": 23, "codename": "view_myregistrationsupplement"}}, {"model": "auth.permission", "pk": 96, "fields": {"name": "Can add site", "content_type": 24, "codename": "add_site"}}, {"model": "auth.permission", "pk": 97, "fields": {"name": "Can change site", "content_type": 24, "codename": "change_site"}}, {"model": "auth.permission", "pk": 98, "fields": {"name": "Can delete site", "content_type": 24, "codename": "delete_site"}}, {"model": "auth.permission", "pk": 99, "fields": {"name": "Can view site", "content_type": 24, "codename": "view_site"}}, {"model": "auth.permission", "pk": 100, "fields": {"name": "Can add access attempt", "content_type": 25, "codename": "add_accessattempt"}}, {"model": "auth.permission", "pk": 101, "fields": {"name": "Can change access attempt", "content_type": 25, "codename": "change_accessattempt"}}, {"model": "auth.permission", "pk": 102, "fields": {"name": "Can delete access attempt", "content_type": 25, "codename": "delete_accessattempt"}}, {"model": "auth.permission", "pk": 103, "fields": {"name": "Can view access attempt", "content_type": 25, "codename": "view_accessattempt"}}, {"model": "auth.permission", "pk": 104, "fields": {"name": "Can add access log", "content_type": 26, "codename": "add_accesslog"}}, {"model": "auth.permission", "pk": 105, "fields": {"name": "Can change access log", "content_type": 26, "codename": "change_accesslog"}}, {"model": "auth.permission", "pk": 106, "fields": {"name": "Can delete access log", "content_type": 26, "codename": "delete_accesslog"}}, {"model": "auth.permission", "pk": 107, "fields": {"name": "Can view access log", "content_type": 26, "codename": "view_accesslog"}}, {"model": "auth.permission", "pk": 108, "fields": {"name": "Can add test model", "content_type": 27, "codename": "add_testmodel"}}, {"model": "auth.permission", "pk": 109, "fields": {"name": "Can change test model", "content_type": 27, "codename": "change_testmodel"}}, {"model": "auth.permission", "pk": 110, "fields": {"name": "Can delete test model", "content_type": 27, "codename": "delete_testmodel"}}, {"model": "auth.permission", "pk": 111, "fields": {"name": "Can view test model", "content_type": 27, "codename": "view_testmodel"}}, {"model": "auth.user", "pk": 1, "fields": {"password": "pbkdf2_sha256$150000$l0RxOz6SMtZp$e+toxZTaHc/tkOzB8sb82A5Ep3LWacX0j3IXSfAR5Y0=", "last_login": "2019-10-07T12:42:49Z", "is_superuser": true, "username": "admin", "first_name": "", "last_name": "", "email": "hjsmehta@gmail.com", "is_staff": true, "is_active": true, "date_joined": "2019-10-07T12:41:04Z", "groups": [], "user_permissions": []}}]