[{"model": "cdi_forms.choices", "pk": 1, "fields": {"choice_set": "produces", "choice_set_en": "produces", "choice_set_es": "produce", "choice_set_fr_ca": "dit", "choice_set_en_ca": "produces", "choice_set_nl": "produceert"}}, {"model": "cdi_forms.choices", "pk": 2, "fields": {"choice_set": "not yet; sometimes; often", "choice_set_en": "not yet; sometimes; often", "choice_set_es": "todav\u00eda no; de vez en cuando; frecuentemente", "choice_set_fr_ca": "pas encore; parfois; souvent", "choice_set_en_ca": "not yet; sometimes; often", "choice_set_nl": "nog niet; soms; vaak "}}, {"model": "cdi_forms.choices", "pk": 3, "fields": {"choice_set": "simple; complex", "choice_set_en": "simple; complex", "choice_set_es": "simple; complex", "choice_set_fr_ca": "simple; complex", "choice_set_en_ca": "simple; complex", "choice_set_nl": " eenvoudig; complex"}}, {"model": "cdi_forms.choices", "pk": 4, "fields": {"choice_set": "no; yes", "choice_set_en": "no; yes", "choice_set_es": "no; s\u00ed", "choice_set_fr_ca": "non; oui", "choice_set_en_ca": " no; yes", "choice_set_nl": " nee; ja"}}, {"model": "cdi_forms.choices", "pk": 5, "fields": {"choice_set": "understands", "choice_set_en": "understands", "choice_set_es": "comprende", "choice_set_fr_ca": "comprend", "choice_set_en_ca": "understands", "choice_set_nl": " begrijpt"}}, {"model": "cdi_forms.choices", "pk": 6, "fields": {"choice_set": "never; sometimes; often", "choice_set_en": "never; sometimes; often", "choice_set_es": "todav\u00eda no; de vez en cuando; frecuentemente", "choice_set_fr_ca": "jamais; parfois; souvent", "choice_set_en_ca": "never; sometimes; often", "choice_set_nl": " nooit; soms; vaak"}}, {"model": "cdi_forms.choices", "pk": 7, "fields": {"choice_set": "understands; produces", "choice_set_en": "understands; produces", "choice_set_es": "comprende; produce", "choice_set_fr_ca": "comprend; dit", "choice_set_en_ca": "understands; produces", "choice_set_nl": " begrijpt; produceert"}}, {"model": "cdi_forms.choices", "pk": 8, "fields": {"choice_set": "pronoun; article", "choice_set_en": "pronoun; article", "choice_set_es": "", "choice_set_fr_ca": "pronoun; article", "choice_set_en_ca": " pronoun; article", "choice_set_nl": " voornaamwoord; artikel"}}]