title,percentile,age,raw_score,raw_score_boy,raw_score_girl
Complexity,5,16,0,0,0
Complexity,5,17,0,0,0
Complexity,5,18,0,0,0
Complexity,5,19,0,0,0
Complexity,5,20,0,0,0
Complexity,5,21,0,0,0
Complexity,5,22,0,0,0
Complexity,5,23,0,0,0
Complexity,5,24,0,0,0
Complexity,5,25,0,0,0
Complexity,5,26,0,0,0
Complexity,5,27,0,0,0
Complexity,5,28,0,0,0
Complexity,5,29,0,0,1
Complexity,5,30,0,0,1
Complexity,10,16,0,0,0
Complexity,10,17,0,0,0
Complexity,10,18,0,0,0
Complexity,10,19,0,0,0
Complexity,10,20,0,0,0
Complexity,10,21,0,0,0
Complexity,10,22,0,0,0
Complexity,10,23,0,0,0
Complexity,10,24,0,0,0
Complexity,10,25,0,0,0
Complexity,10,26,0,0,0
Complexity,10,27,0,0,1
Complexity,10,28,1,0,1
Complexity,10,29,1,0,2
Complexity,10,30,1,1,3
Complexity,15,16,0,0,0
Complexity,15,17,0,0,0
Complexity,15,18,0,0,0
Complexity,15,19,0,0,0
Complexity,15,20,0,0,0
Complexity,15,21,0,0,0
Complexity,15,22,0,0,0
Complexity,15,23,0,0,0
Complexity,15,24,0,0,0
Complexity,15,25,0,0,1
Complexity,15,26,1,0,1
Complexity,15,27,1,1,2
Complexity,15,28,1,1,2
Complexity,15,29,2,1,4
Complexity,15,30,3,1,5
Complexity,20,16,0,0,0
Complexity,20,17,0,0,0
Complexity,20,18,0,0,0
Complexity,20,19,0,0,0
Complexity,20,20,0,0,0
Complexity,20,21,0,0,0
Complexity,20,22,0,0,0
Complexity,20,23,0,0,0
Complexity,20,24,0,0,1
Complexity,20,25,1,0,1
Complexity,20,26,1,1,2
Complexity,20,27,2,1,3
Complexity,20,28,2,1,4
Complexity,20,29,3,2,6
Complexity,20,30,5,3,8
Complexity,25,16,0,0,0
Complexity,25,17,0,0,0
Complexity,25,18,0,0,0
Complexity,25,19,0,0,0
Complexity,25,20,0,0,0
Complexity,25,21,0,0,0
Complexity,25,22,0,0,0
Complexity,25,23,0,0,1
Complexity,25,24,1,1,1
Complexity,25,25,1,1,2
Complexity,25,26,2,1,3
Complexity,25,27,2,2,4
Complexity,25,28,4,2,6
Complexity,25,29,5,3,8
Complexity,25,30,7,4,11
Complexity,30,16,0,0,0
Complexity,30,17,0,0,0
Complexity,30,18,0,0,0
Complexity,30,19,0,0,0
Complexity,30,20,0,0,0
Complexity,30,21,0,0,0
Complexity,30,22,0,0,1
Complexity,30,23,1,1,1
Complexity,30,24,1,1,2
Complexity,30,25,2,1,3
Complexity,30,26,3,2,4
Complexity,30,27,4,2,6
Complexity,30,28,5,3,8
Complexity,30,29,7,5,11
Complexity,30,30,9,6,14
Complexity,35,16,0,0,0
Complexity,35,17,0,0,0
Complexity,35,18,0,0,0
Complexity,35,19,0,0,0
Complexity,35,20,0,0,0
Complexity,35,21,0,0,1
Complexity,35,22,1,1,1
Complexity,35,23,1,1,2
Complexity,35,24,2,1,3
Complexity,35,25,3,2,4
Complexity,35,26,4,3,5
Complexity,35,27,5,4,8
Complexity,35,28,7,5,10
Complexity,35,29,9,6,13
Complexity,35,30,12,8,17
Complexity,40,16,0,0,0
Complexity,40,17,0,0,0
Complexity,40,18,0,0,0
Complexity,40,19,0,0,0
Complexity,40,20,0,0,1
Complexity,40,21,1,1,1
Complexity,40,22,1,1,2
Complexity,40,23,2,1,2
Complexity,40,24,2,2,3
Complexity,40,25,4,3,5
Complexity,40,26,5,4,7
Complexity,40,27,7,5,10
Complexity,40,28,9,6,13
Complexity,40,29,12,8,16
Complexity,40,30,15,11,20
Complexity,45,16,0,0,0
Complexity,45,17,0,0,0
Complexity,45,18,0,0,0
Complexity,45,19,0,0,1
Complexity,45,20,1,1,1
Complexity,45,21,1,1,1
Complexity,45,22,2,1,2
Complexity,45,23,2,2,3
Complexity,45,24,3,3,5
Complexity,45,25,5,4,6
Complexity,45,26,6,5,9
Complexity,45,27,9,6,12
Complexity,45,28,11,8,15
Complexity,45,29,14,10,19
Complexity,45,30,18,13,23
Complexity,50,16,0,0,0
Complexity,50,17,0,0,0
Complexity,50,18,1,0,1
Complexity,50,19,1,1,1
Complexity,50,20,1,1,1
Complexity,50,21,2,1,2
Complexity,50,22,2,2,3
Complexity,50,23,3,3,4
Complexity,50,24,5,3,6
Complexity,50,25,6,5,8
Complexity,50,26,8,6,11
Complexity,50,27,11,8,14
Complexity,50,28,14,10,18
Complexity,50,29,17,13,22
Complexity,50,30,21,16,26
Complexity,55,16,0,0,0
Complexity,55,17,1,0,1
Complexity,55,18,1,1,1
Complexity,55,19,1,1,1
Complexity,55,20,2,1,2
Complexity,55,21,2,2,3
Complexity,55,22,3,3,4
Complexity,55,23,4,3,5
Complexity,55,24,6,5,7
Complexity,55,25,8,6,10
Complexity,55,26,10,8,13
Complexity,55,27,13,10,17
Complexity,55,28,16,12,20
Complexity,55,29,20,15,24
Complexity,55,30,23,19,28
Complexity,60,16,1,1,1
Complexity,60,17,1,1,1
Complexity,60,18,1,1,1
Complexity,60,19,2,1,2
Complexity,60,20,2,2,3
Complexity,60,21,3,3,4
Complexity,60,22,4,3,5
Complexity,60,23,6,5,7
Complexity,60,24,7,6,9
Complexity,60,25,10,8,12
Complexity,60,26,12,10,15
Complexity,60,27,15,12,19
Complexity,60,28,19,15,23
Complexity,60,29,22,18,27
Complexity,60,30,26,22,30
Complexity,65,16,1,1,1
Complexity,65,17,1,1,1
Complexity,65,18,2,1,2
Complexity,65,19,2,2,2
Complexity,65,20,3,3,3
Complexity,65,21,4,3,5
Complexity,65,22,5,5,6
Complexity,65,23,7,6,9
Complexity,65,24,9,7,11
Complexity,65,25,12,9,14
Complexity,65,26,15,12,18
Complexity,65,27,18,14,22
Complexity,65,28,22,17,26
Complexity,65,29,25,21,29
Complexity,65,30,29,24,32
Complexity,70,16,1,1,1
Complexity,70,17,2,2,2
Complexity,70,18,2,2,2
Complexity,70,19,3,3,3
Complexity,70,20,4,4,4
Complexity,70,21,5,5,6
Complexity,70,22,7,6,8
Complexity,70,23,9,7,11
Complexity,70,24,11,9,14
Complexity,70,25,14,12,17
Complexity,70,26,17,14,21
Complexity,70,27,21,17,24
Complexity,70,28,24,20,28
Complexity,70,29,28,24,31
Complexity,70,30,31,27,34
Complexity,75,16,2,2,2
Complexity,75,17,2,2,2
Complexity,75,18,3,3,3
Complexity,75,19,4,4,4
Complexity,75,20,5,5,6
Complexity,75,21,7,6,8
Complexity,75,22,9,8,10
Complexity,75,23,11,9,13
Complexity,75,24,14,12,16
Complexity,75,25,17,14,20
Complexity,75,26,20,17,23
Complexity,75,27,24,20,27
Complexity,75,28,27,23,30
Complexity,75,29,30,26,33
Complexity,75,30,33,30,35
Complexity,80,16,3,3,2
Complexity,80,17,3,3,3
Complexity,80,18,4,4,4
Complexity,80,19,6,5,6
Complexity,80,20,7,6,8
Complexity,80,21,9,8,10
Complexity,80,22,11,10,13
Complexity,80,23,14,12,16
Complexity,80,24,17,14,19
Complexity,80,25,20,17,23
Complexity,80,26,23,20,26
Complexity,80,27,27,23,29
Complexity,80,28,30,26,32
Complexity,80,29,32,29,34
Complexity,80,30,34,32,36
Complexity,85,16,4,4,4
Complexity,85,17,5,5,5
Complexity,85,18,6,6,6
Complexity,85,19,8,7,8
Complexity,85,20,9,9,10
Complexity,85,21,12,11,13
Complexity,85,22,14,13,16
Complexity,85,23,17,15,19
Complexity,85,24,20,18,22
Complexity,85,25,23,20,26
Complexity,85,26,27,23,29
Complexity,85,27,30,26,32
Complexity,85,28,32,29,34
Complexity,85,29,34,32,35
Complexity,85,30,36,34,36
Complexity,90,16,6,6,5
Complexity,90,17,7,7,7
Complexity,90,18,9,8,8
Complexity,90,19,10,10,11
Complexity,90,20,13,12,13
Complexity,90,21,15,14,16
Complexity,90,22,18,16,19
Complexity,90,23,21,19,23
Complexity,90,24,24,22,26
Complexity,90,25,27,24,29
Complexity,90,26,30,27,32
Complexity,90,27,32,30,34
Complexity,90,28,34,32,35
Complexity,90,29,36,34,36
Complexity,90,30,36,35,37
Complexity,95,16,9,10,8
Complexity,95,17,11,11,10
Complexity,95,18,13,13,13
Complexity,95,19,15,15,15
Complexity,95,20,18,17,18
Complexity,95,21,21,19,21
Complexity,95,22,24,22,25
Complexity,95,23,27,24,28
Complexity,95,24,29,27,31
Complexity,95,25,32,29,33
Complexity,95,26,34,31,35
Complexity,95,27,35,33,36
Complexity,95,28,36,35,37
Complexity,95,29,37,36,37
Complexity,95,30,37,37,37
Complexity,99,16,16,18,15
Complexity,99,17,19,20,18
Complexity,99,18,21,22,21
Complexity,99,19,24,24,24
Complexity,99,20,27,26,27
Complexity,99,21,29,28,30
Complexity,99,22,31,30,32
Complexity,99,23,33,32,34
Complexity,99,24,35,33,35
Complexity,99,25,36,35,36
Complexity,99,26,36,36,37
Complexity,99,27,37,36,37
Complexity,99,28,37,37,37
Complexity,99,29,37,37,37
Complexity,99,30,37,37,37
Total Produced,99,16,294,285,355
Total Produced,99,17,351,332,406
Total Produced,99,18,412,382,458
Total Produced,99,19,471,433,507
Total Produced,99,20,526,482,551
Total Produced,99,21,571,527,588
Total Produced,99,22,606,566,616
Total Produced,99,23,631,597,637
Total Produced,99,24,648,622,651
Total Produced,99,25,659,640,662
Total Produced,99,26,667,654,668
Total Produced,99,27,672,663,673
Total Produced,99,28,675,670,676
Total Produced,99,29,677,675,678
Total Produced,99,30,679,677,679
Total Produced,95,16,205,197,254
Total Produced,95,17,251,235,299
Total Produced,95,18,304,277,348
Total Produced,95,19,361,324,399
Total Produced,95,20,419,372,449
Total Produced,95,21,473,421,496
Total Produced,95,22,521,467,537
Total Produced,95,23,560,509,571
Total Produced,95,24,591,546,598
Total Produced,95,25,614,577,620
Total Produced,95,26,632,602,636
Total Produced,95,27,646,624,649
Total Produced,95,28,657,641,659
Total Produced,95,29,665,654,666
Total Produced,95,30,671,664,672
Total Produced,90,16,161,154,202
Total Produced,90,17,200,186,241
Total Produced,90,18,246,222,286
Total Produced,90,19,298,263,334
Total Produced,90,20,353,308,384
Total Produced,90,21,408,354,432
Total Produced,90,22,458,401,477
Total Produced,90,23,503,446,517
Total Produced,90,24,541,487,551
Total Produced,90,25,571,524,580
Total Produced,90,26,596,556,603
Total Produced,90,27,617,584,622
Total Produced,90,28,633,608,638
Total Produced,90,29,647,628,650
Total Produced,90,30,658,645,660
Total Produced,85,16,133,128,169
Total Produced,85,17,168,155,204
Total Produced,85,18,209,187,244
Total Produced,85,19,256,224,289
Total Produced,85,20,307,265,337
Total Produced,85,21,360,308,384
Total Produced,85,22,411,354,431
Total Produced,85,23,458,399,473
Total Produced,85,24,499,441,511
Total Produced,85,25,534,480,544
Total Produced,85,26,564,516,572
Total Produced,85,27,589,548,596
Total Produced,85,28,610,577,616
Total Produced,85,29,628,603,633
Total Produced,85,30,643,624,647
Total Produced,80,16,113,108,144
Total Produced,80,17,144,132,176
Total Produced,80,18,180,161,213
Total Produced,80,19,223,194,254
Total Produced,80,20,271,231,299
Total Produced,80,21,321,272,345
Total Produced,80,22,371,315,391
Total Produced,80,23,419,359,435
Total Produced,80,24,462,402,475
Total Produced,80,25,500,442,511
Total Produced,80,26,533,480,543
Total Produced,80,27,561,515,570
Total Produced,80,28,586,548,594
Total Produced,80,29,608,577,615
Total Produced,80,30,627,603,632
Total Produced,75,16,97,93,125
Total Produced,75,17,124,114,153
Total Produced,75,18,157,139,186
Total Produced,75,19,196,169,225
Total Produced,75,20,240,203,267
Total Produced,75,21,288,241,311
Total Produced,75,22,337,282,356
Total Produced,75,23,384,325,400
Total Produced,75,24,428,367,442
Total Produced,75,25,467,408,480
Total Produced,75,26,503,447,514
Total Produced,75,27,534,484,545
Total Produced,75,28,562,518,572
Total Produced,75,29,588,551,595
Total Produced,75,30,610,580,616
Total Produced,70,16,84,80,108
Total Produced,70,17,108,99,134
Total Produced,70,18,137,121,164
Total Produced,70,19,173,148,199
Total Produced,70,20,213,179,239
Total Produced,70,21,258,215,281
Total Produced,70,22,305,253,325
Total Produced,70,23,352,294,368
Total Produced,70,24,396,335,411
Total Produced,70,25,436,375,450
Total Produced,70,26,473,415,486
Total Produced,70,27,507,453,519
Total Produced,70,28,538,490,548
Total Produced,70,29,566,524,575
Total Produced,70,30,591,556,598
Total Produced,65,16,73,69,94
Total Produced,65,17,94,86,117
Total Produced,65,18,120,106,145
Total Produced,65,19,152,130,177
Total Produced,65,20,190,158,213
Total Produced,65,21,232,191,253
Total Produced,65,22,276,227,295
Total Produced,65,23,321,266,338
Total Produced,65,24,365,305,380
Total Produced,65,25,406,345,421
Total Produced,65,26,444,384,458
Total Produced,65,27,480,423,493
Total Produced,65,28,513,461,525
Total Produced,65,29,543,497,554
Total Produced,65,30,571,531,579
Total Produced,60,16,63,60,82
Total Produced,60,17,82,74,102
Total Produced,60,18,105,92,127
Total Produced,60,19,134,114,156
Total Produced,60,20,168,139,190
Total Produced,60,21,207,169,228
Total Produced,60,22,249,203,268
Total Produced,60,23,293,239,309
Total Produced,60,24,336,277,351
Total Produced,60,25,377,316,392
Total Produced,60,26,415,355,430
Total Produced,60,27,452,394,466
Total Produced,60,28,487,432,500
Total Produced,60,29,520,469,531
Total Produced,60,30,550,506,559
Total Produced,55,16,55,51,71
Total Produced,55,17,71,64,89
Total Produced,55,18,92,80,111
Total Produced,55,19,118,99,138
Total Produced,55,20,149,122,169
Total Produced,55,21,184,150,204
Total Produced,55,22,224,181,242
Total Produced,55,23,265,215,282
Total Produced,55,24,307,251,323
Total Produced,55,25,348,288,363
Total Produced,55,26,387,326,402
Total Produced,55,27,424,364,440
Total Produced,55,28,460,403,475
Total Produced,55,29,495,441,508
Total Produced,55,30,527,479,538
Total Produced,50,16,47,44,61
Total Produced,50,17,61,55,77
Total Produced,50,18,79,69,97
Total Produced,50,19,102,86,121
Total Produced,50,20,130,107,149
Total Produced,50,21,163,131,181
Total Produced,50,22,200,160,217
Total Produced,50,23,239,192,255
Total Produced,50,24,279,226,295
Total Produced,50,25,319,261,335
Total Produced,50,26,358,298,374
Total Produced,50,27,396,336,412
Total Produced,50,28,433,374,448
Total Produced,50,29,469,412,483
Total Produced,50,30,503,451,515
Total Produced,45,16,40,37,52
Total Produced,45,17,52,47,66
Total Produced,45,18,68,59,84
Total Produced,45,19,89,74,105
Total Produced,45,20,114,92,131
Total Produced,45,21,143,114,160
Total Produced,45,22,177,140,193
Total Produced,45,23,214,169,229
Total Produced,45,24,252,201,268
Total Produced,45,25,291,235,307
Total Produced,45,26,329,270,346
Total Produced,45,27,367,307,384
Total Produced,45,28,405,344,421
Total Produced,45,29,442,383,456
Total Produced,45,30,477,421,490
Total Produced,40,16,33,31,44
Total Produced,40,17,44,40,56
Total Produced,40,18,58,50,71
Total Produced,40,19,76,63,90
Total Produced,40,20,98,79,113
Total Produced,40,21,124,99,140
Total Produced,40,22,155,122,170
Total Produced,40,23,189,148,204
Total Produced,40,24,225,178,241
Total Produced,40,25,262,209,278
Total Produced,40,26,300,243,317
Total Produced,40,27,337,278,355
Total Produced,40,28,375,314,392
Total Produced,40,29,413,352,429
Total Produced,40,30,449,391,463
Total Produced,35,16,28,26,36
Total Produced,35,17,37,33,47
Total Produced,35,18,48,42,60
Total Produced,35,19,64,53,76
Total Produced,35,20,83,67,97
Total Produced,35,21,107,84,120
Total Produced,35,22,134,104,148
Total Produced,35,23,165,128,179
Total Produced,35,24,199,155,214
Total Produced,35,25,234,184,250
Total Produced,35,26,270,215,287
Total Produced,35,27,307,248,325
Total Produced,35,28,345,284,362
Total Produced,35,29,382,321,399
Total Produced,35,30,420,358,434
Total Produced,30,16,22,21,29
Total Produced,30,17,30,27,38
Total Produced,30,18,40,34,49
Total Produced,30,19,53,43,63
Total Produced,30,20,69,55,81
Total Produced,30,21,89,70,102
Total Produced,30,22,114,87,127
Total Produced,30,23,142,109,155
Total Produced,30,24,173,133,187
Total Produced,30,25,205,159,221
Total Produced,30,26,240,188,257
Total Produced,30,27,275,219,294
Total Produced,30,28,312,252,331
Total Produced,30,29,350,288,367
Total Produced,30,30,387,324,403
Total Produced,25,16,18,16,23
Total Produced,25,17,24,21,30
Total Produced,25,18,31,27,39
Total Produced,25,19,42,34,51
Total Produced,25,20,56,44,66
Total Produced,25,21,73,56,84
Total Produced,25,22,94,71,105
Total Produced,25,23,119,90,131
Total Produced,25,24,146,111,159
Total Produced,25,25,176,134,191
Total Produced,25,26,208,160,225
Total Produced,25,27,242,189,261
Total Produced,25,28,278,220,296
Total Produced,25,29,315,253,333
Total Produced,25,30,352,288,368
Total Produced,20,16,13,12,17
Total Produced,20,17,18,16,23
Total Produced,20,18,24,20,30
Total Produced,20,19,32,26,40
Total Produced,20,20,43,34,52
Total Produced,20,21,57,44,66
Total Produced,20,22,75,56,85
Total Produced,20,23,96,71,107
Total Produced,20,24,120,89,132
Total Produced,20,25,147,109,161
Total Produced,20,26,176,132,192
Total Produced,20,27,207,158,225
Total Produced,20,28,241,186,260
Total Produced,20,29,276,216,294
Total Produced,20,30,312,249,329
Total Produced,15,16,9,8,12
Total Produced,15,17,12,11,16
Total Produced,15,18,17,14,22
Total Produced,15,19,23,18,29
Total Produced,15,20,31,24,38
Total Produced,15,21,42,32,49
Total Produced,15,22,56,41,64
Total Produced,15,23,73,53,82
Total Produced,15,24,93,68,104
Total Produced,15,25,116,84,129
Total Produced,15,26,142,104,157
Total Produced,15,27,170,125,187
Total Produced,15,28,201,150,219
Total Produced,15,29,234,177,251
Total Produced,15,30,268,206,285
Total Produced,10,16,5,5,7
Total Produced,10,17,8,6,10
Total Produced,10,18,10,9,14
Total Produced,10,19,14,11,18
Total Produced,10,20,20,15,25
Total Produced,10,21,28,20,33
Total Produced,10,22,38,27,44
Total Produced,10,23,50,36,57
Total Produced,10,24,66,46,74
Total Produced,10,25,84,59,94
Total Produced,10,26,104,74,118
Total Produced,10,27,128,91,144
Total Produced,10,28,155,111,172
Total Produced,10,29,184,133,201
Total Produced,10,30,215,157,232
Total Produced,5,16,2,2,3
Total Produced,5,17,3,3,4
Total Produced,5,18,5,4,6
Total Produced,5,19,7,5,9
Total Produced,5,20,10,7,12
Total Produced,5,21,14,10,17
Total Produced,5,22,19,13,23
Total Produced,5,23,27,18,31
Total Produced,5,24,36,24,42
Total Produced,5,25,48,32,56
Total Produced,5,26,62,41,73
Total Produced,5,27,80,53,92
Total Produced,5,28,100,66,114
Total Produced,5,29,123,82,137
Total Produced,5,30,147,99,162
Word Endings 1,5,16,0,0,0
Word Endings 1,5,17,0,0,0
Word Endings 1,5,18,0,0,0
Word Endings 1,5,19,0,0,0
Word Endings 1,5,20,0,0,0
Word Endings 1,5,21,0,0,0
Word Endings 1,5,22,0,0,0
Word Endings 1,5,23,0,0,0
Word Endings 1,5,24,0,0,0
Word Endings 1,5,25,0,0,0
Word Endings 1,5,26,0,0,0
Word Endings 1,5,27,0,0,0
Word Endings 1,5,28,0,0,0
Word Endings 1,5,29,0,0,0
Word Endings 1,5,30,0,0,0
Word Endings 1,10,16,0,0,0
Word Endings 1,10,17,0,0,0
Word Endings 1,10,18,0,0,0
Word Endings 1,10,19,0,0,0
Word Endings 1,10,20,0,0,0
Word Endings 1,10,21,0,0,0
Word Endings 1,10,22,0,0,0
Word Endings 1,10,23,0,0,0
Word Endings 1,10,24,0,0,0
Word Endings 1,10,25,0,0,0
Word Endings 1,10,26,0,0,0
Word Endings 1,10,27,0,0,0
Word Endings 1,10,28,0,0,0
Word Endings 1,10,29,0,0,0
Word Endings 1,10,30,0,0,0
Word Endings 1,15,16,0,0,0
Word Endings 1,15,17,0,0,0
Word Endings 1,15,18,0,0,0
Word Endings 1,15,19,0,0,0
Word Endings 1,15,20,0,0,0
Word Endings 1,15,21,0,0,0
Word Endings 1,15,22,0,0,0
Word Endings 1,15,23,0,0,0
Word Endings 1,15,24,0,0,0
Word Endings 1,15,25,0,0,0
Word Endings 1,15,26,0,0,0
Word Endings 1,15,27,0,0,0
Word Endings 1,15,28,0,0,0
Word Endings 1,15,29,0,0,0
Word Endings 1,15,30,0,0,0
Word Endings 1,20,16,0,0,0
Word Endings 1,20,17,0,0,0
Word Endings 1,20,18,0,0,0
Word Endings 1,20,19,0,0,0
Word Endings 1,20,20,0,0,0
Word Endings 1,20,21,0,0,0
Word Endings 1,20,22,0,0,0
Word Endings 1,20,23,0,0,0
Word Endings 1,20,24,0,0,0
Word Endings 1,20,25,0,0,0
Word Endings 1,20,26,0,0,0
Word Endings 1,20,27,0,0,0
Word Endings 1,20,28,0,0,0
Word Endings 1,20,29,0,0,0
Word Endings 1,20,30,0,0,1
Word Endings 1,25,16,0,0,0
Word Endings 1,25,17,0,0,0
Word Endings 1,25,18,0,0,0
Word Endings 1,25,19,0,0,0
Word Endings 1,25,20,0,0,0
Word Endings 1,25,21,0,0,0
Word Endings 1,25,22,0,0,0
Word Endings 1,25,23,0,0,0
Word Endings 1,25,24,0,0,0
Word Endings 1,25,25,0,0,0
Word Endings 1,25,26,0,0,0
Word Endings 1,25,27,0,0,0
Word Endings 1,25,28,0,0,0
Word Endings 1,25,29,0,0,1
Word Endings 1,25,30,1,0,1
Word Endings 1,30,16,0,0,0
Word Endings 1,30,17,0,0,0
Word Endings 1,30,18,0,0,0
Word Endings 1,30,19,0,0,0
Word Endings 1,30,20,0,0,0
Word Endings 1,30,21,0,0,0
Word Endings 1,30,22,0,0,0
Word Endings 1,30,23,0,0,0
Word Endings 1,30,24,0,0,0
Word Endings 1,30,25,0,0,0
Word Endings 1,30,26,0,0,0
Word Endings 1,30,27,0,0,1
Word Endings 1,30,28,0,0,1
Word Endings 1,30,29,1,0,1
Word Endings 1,30,30,1,1,1
Word Endings 1,35,16,0,0,0
Word Endings 1,35,17,0,0,0
Word Endings 1,35,18,0,0,0
Word Endings 1,35,19,0,0,0
Word Endings 1,35,20,0,0,0
Word Endings 1,35,21,0,0,0
Word Endings 1,35,22,0,0,0
Word Endings 1,35,23,0,0,0
Word Endings 1,35,24,0,0,0
Word Endings 1,35,25,0,0,0
Word Endings 1,35,26,0,0,1
Word Endings 1,35,27,1,0,1
Word Endings 1,35,28,1,1,1
Word Endings 1,35,29,1,1,1
Word Endings 1,35,30,1,1,2
Word Endings 1,40,16,0,0,0
Word Endings 1,40,17,0,0,0
Word Endings 1,40,18,0,0,0
Word Endings 1,40,19,0,0,0
Word Endings 1,40,20,0,0,0
Word Endings 1,40,21,0,0,0
Word Endings 1,40,22,0,0,0
Word Endings 1,40,23,0,0,0
Word Endings 1,40,24,0,0,1
Word Endings 1,40,25,1,0,1
Word Endings 1,40,26,1,0,1
Word Endings 1,40,27,1,1,1
Word Endings 1,40,28,1,1,1
Word Endings 1,40,29,1,1,2
Word Endings 1,40,30,2,1,2
Word Endings 1,45,16,0,0,0
Word Endings 1,45,17,0,0,0
Word Endings 1,45,18,0,0,0
Word Endings 1,45,19,0,0,0
Word Endings 1,45,20,0,0,0
Word Endings 1,45,21,0,0,0
Word Endings 1,45,22,0,0,0
Word Endings 1,45,23,0,0,1
Word Endings 1,45,24,1,0,1
Word Endings 1,45,25,1,1,1
Word Endings 1,45,26,1,1,1
Word Endings 1,45,27,1,1,2
Word Endings 1,45,28,1,1,2
Word Endings 1,45,29,2,1,2
Word Endings 1,45,30,2,2,3
Word Endings 1,50,16,0,0,0
Word Endings 1,50,17,0,0,0
Word Endings 1,50,18,0,0,0
Word Endings 1,50,19,0,0,0
Word Endings 1,50,20,0,0,0
Word Endings 1,50,21,0,0,1
Word Endings 1,50,22,1,0,1
Word Endings 1,50,23,1,1,1
Word Endings 1,50,24,1,1,1
Word Endings 1,50,25,1,1,1
Word Endings 1,50,26,1,1,2
Word Endings 1,50,27,2,1,2
Word Endings 1,50,28,2,2,3
Word Endings 1,50,29,2,2,3
Word Endings 1,50,30,3,2,4
Word Endings 1,55,16,0,0,0
Word Endings 1,55,17,0,0,0
Word Endings 1,55,18,0,0,0
Word Endings 1,55,19,0,0,0
Word Endings 1,55,20,0,0,1
Word Endings 1,55,21,1,0,1
Word Endings 1,55,22,1,1,1
Word Endings 1,55,23,1,1,1
Word Endings 1,55,24,1,1,1
Word Endings 1,55,25,1,1,2
Word Endings 1,55,26,2,1,2
Word Endings 1,55,27,2,2,3
Word Endings 1,55,28,3,2,3
Word Endings 1,55,29,3,3,4
Word Endings 1,55,30,4,3,4
Word Endings 1,60,16,0,0,0
Word Endings 1,60,17,0,0,0
Word Endings 1,60,18,0,0,1
Word Endings 1,60,19,1,0,1
Word Endings 1,60,20,1,1,1
Word Endings 1,60,21,1,1,1
Word Endings 1,60,22,1,1,1
Word Endings 1,60,23,1,1,2
Word Endings 1,60,24,2,1,2
Word Endings 1,60,25,2,1,2
Word Endings 1,60,26,2,2,3
Word Endings 1,60,27,3,2,3
Word Endings 1,60,28,3,3,4
Word Endings 1,60,29,4,3,5
Word Endings 1,60,30,4,4,5
Word Endings 1,65,16,0,0,0
Word Endings 1,65,17,0,0,1
Word Endings 1,65,18,1,0,1
Word Endings 1,65,19,1,1,1
Word Endings 1,65,20,1,1,1
Word Endings 1,65,21,1,1,1
Word Endings 1,65,22,1,1,2
Word Endings 1,65,23,2,1,2
Word Endings 1,65,24,2,2,2
Word Endings 1,65,25,2,2,3
Word Endings 1,65,26,3,2,4
Word Endings 1,65,27,4,3,4
Word Endings 1,65,28,4,3,5
Word Endings 1,65,29,5,4,6
Word Endings 1,65,30,6,5,7
Word Endings 1,70,16,0,0,1
Word Endings 1,70,17,1,0,1
Word Endings 1,70,18,1,1,1
Word Endings 1,70,19,1,1,1
Word Endings 1,70,20,1,1,1
Word Endings 1,70,21,1,1,2
Word Endings 1,70,22,2,1,2
Word Endings 1,70,23,2,2,3
Word Endings 1,70,24,3,2,3
Word Endings 1,70,25,3,2,4
Word Endings 1,70,26,4,3,5
Word Endings 1,70,27,4,4,5
Word Endings 1,70,28,5,4,6
Word Endings 1,70,29,6,5,7
Word Endings 1,70,30,7,6,8
Word Endings 1,75,16,1,1,1
Word Endings 1,75,17,1,1,1
Word Endings 1,75,18,1,1,1
Word Endings 1,75,19,1,1,2
Word Endings 1,75,20,2,1,2
Word Endings 1,75,21,2,1,2
Word Endings 1,75,22,2,2,3
Word Endings 1,75,23,3,2,3
Word Endings 1,75,24,3,3,4
Word Endings 1,75,25,4,3,5
Word Endings 1,75,26,5,4,6
Word Endings 1,75,27,6,5,7
Word Endings 1,75,28,7,6,8
Word Endings 1,75,29,7,7,9
Word Endings 1,75,30,8,8,10
Word Endings 1,80,16,1,1,1
Word Endings 1,80,17,1,1,1
Word Endings 1,80,18,1,1,2
Word Endings 1,80,19,2,1,2
Word Endings 1,80,20,2,2,2
Word Endings 1,80,21,3,2,3
Word Endings 1,80,22,3,2,4
Word Endings 1,80,23,4,3,4
Word Endings 1,80,24,5,3,5
Word Endings 1,80,25,5,4,6
Word Endings 1,80,26,6,5,7
Word Endings 1,80,27,7,6,8
Word Endings 1,80,28,8,7,9
Word Endings 1,80,29,9,8,11
Word Endings 1,80,30,10,10,12
Word Endings 1,85,16,1,1,1
Word Endings 1,85,17,1,1,2
Word Endings 1,85,18,2,1,2
Word Endings 1,85,19,2,2,3
Word Endings 1,85,20,3,2,3
Word Endings 1,85,21,3,3,4
Word Endings 1,85,22,4,3,5
Word Endings 1,85,23,5,4,6
Word Endings 1,85,24,6,5,7
Word Endings 1,85,25,7,5,8
Word Endings 1,85,26,8,7,9
Word Endings 1,85,27,9,8,11
Word Endings 1,85,28,10,9,12
Word Endings 1,85,29,12,11,13
Word Endings 1,85,30,13,13,14
Word Endings 1,90,16,1,1,2
Word Endings 1,90,17,2,2,2
Word Endings 1,90,18,2,2,3
Word Endings 1,90,19,3,2,4
Word Endings 1,90,20,4,3,5
Word Endings 1,90,21,5,4,6
Word Endings 1,90,22,6,4,7
Word Endings 1,90,23,7,5,8
Word Endings 1,90,24,8,6,9
Word Endings 1,90,25,9,7,11
Word Endings 1,90,26,11,9,12
Word Endings 1,90,27,12,10,14
Word Endings 1,90,28,13,12,15
Word Endings 1,90,29,15,14,16
Word Endings 1,90,30,16,16,18
Word Endings 1,95,16,2,2,3
Word Endings 1,95,17,3,2,4
Word Endings 1,95,18,4,3,5
Word Endings 1,95,19,4,4,6
Word Endings 1,95,20,6,4,7
Word Endings 1,95,21,7,5,8
Word Endings 1,95,22,8,6,10
Word Endings 1,95,23,10,8,12
Word Endings 1,95,24,12,9,13
Word Endings 1,95,25,14,11,15
Word Endings 1,95,26,15,13,17
Word Endings 1,95,27,17,15,18
Word Endings 1,95,28,18,17,20
Word Endings 1,95,29,20,19,21
Word Endings 1,95,30,21,22,23
Word Endings 1,99,16,4,3,5
Word Endings 1,99,17,5,4,7
Word Endings 1,99,18,6,5,8
Word Endings 1,99,19,8,6,10
Word Endings 1,99,20,10,8,12
Word Endings 1,99,21,12,10,15
Word Endings 1,99,22,15,11,17
Word Endings 1,99,23,17,13,19
Word Endings 1,99,24,20,16,22
Word Endings 1,99,25,22,18,24
Word Endings 1,99,26,24,21,26
Word Endings 1,99,27,26,23,28
Word Endings 1,99,28,28,26,29
Word Endings 1,99,29,29,29,30
Word Endings 1,99,30,30,31,32
Word Forms 1 Nouns,5,16,0,0,0
Word Forms 1 Nouns,5,17,0,0,0
Word Forms 1 Nouns,5,18,0,0,0
Word Forms 1 Nouns,5,19,0,0,0
Word Forms 1 Nouns,5,20,0,0,0
Word Forms 1 Nouns,5,21,0,0,0
Word Forms 1 Nouns,5,22,0,0,0
Word Forms 1 Nouns,5,23,0,0,0
Word Forms 1 Nouns,5,24,0,0,0
Word Forms 1 Nouns,5,25,0,0,0
Word Forms 1 Nouns,5,26,0,0,0
Word Forms 1 Nouns,5,27,0,0,0
Word Forms 1 Nouns,5,28,0,0,1
Word Forms 1 Nouns,5,29,0,0,1
Word Forms 1 Nouns,5,30,1,0,1
Word Forms 1 Nouns,10,16,0,0,0
Word Forms 1 Nouns,10,17,0,0,0
Word Forms 1 Nouns,10,18,0,0,0
Word Forms 1 Nouns,10,19,0,0,0
Word Forms 1 Nouns,10,20,0,0,0
Word Forms 1 Nouns,10,21,0,0,0
Word Forms 1 Nouns,10,22,0,0,0
Word Forms 1 Nouns,10,23,0,0,0
Word Forms 1 Nouns,10,24,0,0,0
Word Forms 1 Nouns,10,25,0,0,0
Word Forms 1 Nouns,10,26,0,0,1
Word Forms 1 Nouns,10,27,1,0,1
Word Forms 1 Nouns,10,28,1,1,1
Word Forms 1 Nouns,10,29,1,1,2
Word Forms 1 Nouns,10,30,2,1,3
Word Forms 1 Nouns,15,16,0,0,0
Word Forms 1 Nouns,15,17,0,0,0
Word Forms 1 Nouns,15,18,0,0,0
Word Forms 1 Nouns,15,19,0,0,0
Word Forms 1 Nouns,15,20,0,0,0
Word Forms 1 Nouns,15,21,0,0,0
Word Forms 1 Nouns,15,22,0,0,0
Word Forms 1 Nouns,15,23,0,0,0
Word Forms 1 Nouns,15,24,0,0,0
Word Forms 1 Nouns,15,25,0,0,1
Word Forms 1 Nouns,15,26,1,1,1
Word Forms 1 Nouns,15,27,1,1,2
Word Forms 1 Nouns,15,28,1,1,2
Word Forms 1 Nouns,15,29,2,1,3
Word Forms 1 Nouns,15,30,3,2,4
Word Forms 1 Nouns,20,16,0,0,0
Word Forms 1 Nouns,20,17,0,0,0
Word Forms 1 Nouns,20,18,0,0,0
Word Forms 1 Nouns,20,19,0,0,0
Word Forms 1 Nouns,20,20,0,0,0
Word Forms 1 Nouns,20,21,0,0,0
Word Forms 1 Nouns,20,22,0,0,0
Word Forms 1 Nouns,20,23,0,0,1
Word Forms 1 Nouns,20,24,1,0,1
Word Forms 1 Nouns,20,25,1,1,1
Word Forms 1 Nouns,20,26,1,1,2
Word Forms 1 Nouns,20,27,2,1,2
Word Forms 1 Nouns,20,28,2,2,3
Word Forms 1 Nouns,20,29,3,2,4
Word Forms 1 Nouns,20,30,4,3,5
Word Forms 1 Nouns,25,16,0,0,0
Word Forms 1 Nouns,25,17,0,0,0
Word Forms 1 Nouns,25,18,0,0,0
Word Forms 1 Nouns,25,19,0,0,0
Word Forms 1 Nouns,25,20,0,0,0
Word Forms 1 Nouns,25,21,0,0,0
Word Forms 1 Nouns,25,22,0,0,1
Word Forms 1 Nouns,25,23,1,0,1
Word Forms 1 Nouns,25,24,1,1,1
Word Forms 1 Nouns,25,25,1,1,2
Word Forms 1 Nouns,25,26,2,1,2
Word Forms 1 Nouns,25,27,2,2,3
Word Forms 1 Nouns,25,28,3,2,4
Word Forms 1 Nouns,25,29,4,3,5
Word Forms 1 Nouns,25,30,5,4,7
Word Forms 1 Nouns,30,16,0,0,0
Word Forms 1 Nouns,30,17,0,0,0
Word Forms 1 Nouns,30,18,0,0,0
Word Forms 1 Nouns,30,19,0,0,0
Word Forms 1 Nouns,30,20,0,0,0
Word Forms 1 Nouns,30,21,0,0,1
Word Forms 1 Nouns,30,22,1,0,1
Word Forms 1 Nouns,30,23,1,1,1
Word Forms 1 Nouns,30,24,1,1,2
Word Forms 1 Nouns,30,25,2,1,2
Word Forms 1 Nouns,30,26,2,2,3
Word Forms 1 Nouns,30,27,3,2,4
Word Forms 1 Nouns,30,28,4,3,5
Word Forms 1 Nouns,30,29,5,4,7
Word Forms 1 Nouns,30,30,6,5,8
Word Forms 1 Nouns,35,16,0,0,0
Word Forms 1 Nouns,35,17,0,0,0
Word Forms 1 Nouns,35,18,0,0,0
Word Forms 1 Nouns,35,19,0,0,0
Word Forms 1 Nouns,35,20,0,0,1
Word Forms 1 Nouns,35,21,1,0,1
Word Forms 1 Nouns,35,22,1,1,1
Word Forms 1 Nouns,35,23,1,1,2
Word Forms 1 Nouns,35,24,2,1,2
Word Forms 1 Nouns,35,25,2,2,3
Word Forms 1 Nouns,35,26,3,2,4
Word Forms 1 Nouns,35,27,4,3,5
Word Forms 1 Nouns,35,28,5,4,7
Word Forms 1 Nouns,35,29,6,5,8
Word Forms 1 Nouns,35,30,8,6,10
Word Forms 1 Nouns,40,16,0,0,0
Word Forms 1 Nouns,40,17,0,0,0
Word Forms 1 Nouns,40,18,0,0,0
Word Forms 1 Nouns,40,19,0,0,1
Word Forms 1 Nouns,40,20,1,0,1
Word Forms 1 Nouns,40,21,1,1,1
Word Forms 1 Nouns,40,22,1,1,2
Word Forms 1 Nouns,40,23,2,1,2
Word Forms 1 Nouns,40,24,2,2,3
Word Forms 1 Nouns,40,25,3,2,4
Word Forms 1 Nouns,40,26,4,3,5
Word Forms 1 Nouns,40,27,5,4,6
Word Forms 1 Nouns,40,28,6,5,8
Word Forms 1 Nouns,40,29,7,6,9
Word Forms 1 Nouns,40,30,9,7,11
Word Forms 1 Nouns,45,16,0,0,0
Word Forms 1 Nouns,45,17,0,0,0
Word Forms 1 Nouns,45,18,0,0,1
Word Forms 1 Nouns,45,19,1,0,1
Word Forms 1 Nouns,45,20,1,1,1
Word Forms 1 Nouns,45,21,1,1,1
Word Forms 1 Nouns,45,22,2,1,2
Word Forms 1 Nouns,45,23,2,2,3
Word Forms 1 Nouns,45,24,3,2,4
Word Forms 1 Nouns,45,25,4,3,5
Word Forms 1 Nouns,45,26,5,4,6
Word Forms 1 Nouns,45,27,6,5,7
Word Forms 1 Nouns,45,28,7,6,9
Word Forms 1 Nouns,45,29,9,7,11
Word Forms 1 Nouns,45,30,10,9,12
Word Forms 1 Nouns,50,16,0,0,0
Word Forms 1 Nouns,50,17,0,0,0
Word Forms 1 Nouns,50,18,1,0,1
Word Forms 1 Nouns,50,19,1,1,1
Word Forms 1 Nouns,50,20,1,1,1
Word Forms 1 Nouns,50,21,1,1,2
Word Forms 1 Nouns,50,22,2,2,3
Word Forms 1 Nouns,50,23,3,2,3
Word Forms 1 Nouns,50,24,4,3,4
Word Forms 1 Nouns,50,25,4,3,6
Word Forms 1 Nouns,50,26,6,4,7
Word Forms 1 Nouns,50,27,7,5,9
Word Forms 1 Nouns,50,28,8,7,10
Word Forms 1 Nouns,50,29,10,8,12
Word Forms 1 Nouns,50,30,12,10,14
Word Forms 1 Nouns,55,16,0,0,0
Word Forms 1 Nouns,55,17,1,0,1
Word Forms 1 Nouns,55,18,1,1,1
Word Forms 1 Nouns,55,19,1,1,1
Word Forms 1 Nouns,55,20,1,1,2
Word Forms 1 Nouns,55,21,2,1,2
Word Forms 1 Nouns,55,22,3,2,3
Word Forms 1 Nouns,55,23,3,3,4
Word Forms 1 Nouns,55,24,4,3,5
Word Forms 1 Nouns,55,25,5,4,7
Word Forms 1 Nouns,55,26,7,5,8
Word Forms 1 Nouns,55,27,8,6,10
Word Forms 1 Nouns,55,28,10,8,12
Word Forms 1 Nouns,55,29,11,9,13
Word Forms 1 Nouns,55,30,13,11,15
Word Forms 1 Nouns,60,16,0,0,1
Word Forms 1 Nouns,60,17,1,1,1
Word Forms 1 Nouns,60,18,1,1,1
Word Forms 1 Nouns,60,19,1,1,2
Word Forms 1 Nouns,60,20,2,1,2
Word Forms 1 Nouns,60,21,2,2,3
Word Forms 1 Nouns,60,22,3,2,4
Word Forms 1 Nouns,60,23,4,3,5
Word Forms 1 Nouns,60,24,5,4,6
Word Forms 1 Nouns,60,25,6,5,8
Word Forms 1 Nouns,60,26,8,6,9
Word Forms 1 Nouns,60,27,9,8,11
Word Forms 1 Nouns,60,28,11,9,13
Word Forms 1 Nouns,60,29,13,11,15
Word Forms 1 Nouns,60,30,14,13,16
Word Forms 1 Nouns,65,16,1,1,1
Word Forms 1 Nouns,65,17,1,1,1
Word Forms 1 Nouns,65,18,1,1,2
Word Forms 1 Nouns,65,19,2,1,2
Word Forms 1 Nouns,65,20,2,2,3
Word Forms 1 Nouns,65,21,3,2,4
Word Forms 1 Nouns,65,22,4,3,5
Word Forms 1 Nouns,65,23,5,4,6
Word Forms 1 Nouns,65,24,6,5,7
Word Forms 1 Nouns,65,25,8,6,9
Word Forms 1 Nouns,65,26,9,7,11
Word Forms 1 Nouns,65,27,11,9,13
Word Forms 1 Nouns,65,28,12,10,14
Word Forms 1 Nouns,65,29,14,12,16
Word Forms 1 Nouns,65,30,16,14,18
Word Forms 1 Nouns,70,16,1,1,1
Word Forms 1 Nouns,70,17,1,1,2
Word Forms 1 Nouns,70,18,2,1,2
Word Forms 1 Nouns,70,19,2,2,3
Word Forms 1 Nouns,70,20,3,2,4
Word Forms 1 Nouns,70,21,4,3,5
Word Forms 1 Nouns,70,22,5,4,6
Word Forms 1 Nouns,70,23,6,5,7
Word Forms 1 Nouns,70,24,7,6,9
Word Forms 1 Nouns,70,25,9,7,10
Word Forms 1 Nouns,70,26,10,8,12
Word Forms 1 Nouns,70,27,12,10,14
Word Forms 1 Nouns,70,28,14,12,16
Word Forms 1 Nouns,70,29,15,14,17
Word Forms 1 Nouns,70,30,17,16,19
Word Forms 1 Nouns,75,16,1,1,1
Word Forms 1 Nouns,75,17,2,1,2
Word Forms 1 Nouns,75,18,2,2,3
Word Forms 1 Nouns,75,19,3,2,3
Word Forms 1 Nouns,75,20,4,3,4
Word Forms 1 Nouns,75,21,5,4,6
Word Forms 1 Nouns,75,22,6,5,7
Word Forms 1 Nouns,75,23,7,6,8
Word Forms 1 Nouns,75,24,9,7,10
Word Forms 1 Nouns,75,25,10,8,12
Word Forms 1 Nouns,75,26,12,10,14
Word Forms 1 Nouns,75,27,14,11,16
Word Forms 1 Nouns,75,28,15,13,17
Word Forms 1 Nouns,75,29,17,15,19
Word Forms 1 Nouns,75,30,19,17,20
Word Forms 1 Nouns,80,16,2,1,2
Word Forms 1 Nouns,80,17,2,2,3
Word Forms 1 Nouns,80,18,3,2,3
Word Forms 1 Nouns,80,19,3,3,4
Word Forms 1 Nouns,80,20,4,4,5
Word Forms 1 Nouns,80,21,6,4,7
Word Forms 1 Nouns,80,22,7,6,8
Word Forms 1 Nouns,80,23,9,7,10
Word Forms 1 Nouns,80,24,10,8,12
Word Forms 1 Nouns,80,25,12,10,14
Word Forms 1 Nouns,80,26,14,11,15
Word Forms 1 Nouns,80,27,15,13,17
Word Forms 1 Nouns,80,28,17,15,19
Word Forms 1 Nouns,80,29,18,17,20
Word Forms 1 Nouns,80,30,20,19,21
Word Forms 1 Nouns,85,16,2,2,3
Word Forms 1 Nouns,85,17,3,2,3
Word Forms 1 Nouns,85,18,3,3,4
Word Forms 1 Nouns,85,19,4,4,5
Word Forms 1 Nouns,85,20,6,5,7
Word Forms 1 Nouns,85,21,7,6,8
Word Forms 1 Nouns,85,22,9,7,10
Word Forms 1 Nouns,85,23,10,8,12
Word Forms 1 Nouns,85,24,12,10,14
Word Forms 1 Nouns,85,25,14,11,16
Word Forms 1 Nouns,85,26,15,13,17
Word Forms 1 Nouns,85,27,17,15,19
Word Forms 1 Nouns,85,28,19,17,20
Word Forms 1 Nouns,85,29,20,18,21
Word Forms 1 Nouns,85,30,21,20,22
Word Forms 1 Nouns,90,16,3,3,4
Word Forms 1 Nouns,90,17,4,3,5
Word Forms 1 Nouns,90,18,5,4,6
Word Forms 1 Nouns,90,19,6,5,7
Word Forms 1 Nouns,90,20,7,6,9
Word Forms 1 Nouns,90,21,9,7,10
Word Forms 1 Nouns,90,22,11,9,12
Word Forms 1 Nouns,90,23,12,10,14
Word Forms 1 Nouns,90,24,14,12,16
Word Forms 1 Nouns,90,25,16,13,18
Word Forms 1 Nouns,90,26,18,15,19
Word Forms 1 Nouns,90,27,19,17,21
Word Forms 1 Nouns,90,28,20,19,22
Word Forms 1 Nouns,90,29,22,20,23
Word Forms 1 Nouns,90,30,23,22,23
Word Forms 1 Nouns,95,16,4,4,5
Word Forms 1 Nouns,95,17,5,5,7
Word Forms 1 Nouns,95,18,7,6,8
Word Forms 1 Nouns,95,19,8,7,10
Word Forms 1 Nouns,95,20,10,8,11
Word Forms 1 Nouns,95,21,12,10,13
Word Forms 1 Nouns,95,22,14,11,15
Word Forms 1 Nouns,95,23,16,13,17
Word Forms 1 Nouns,95,24,17,15,19
Word Forms 1 Nouns,95,25,19,16,20
Word Forms 1 Nouns,95,26,20,18,22
Word Forms 1 Nouns,95,27,22,20,23
Word Forms 1 Nouns,95,28,23,21,23
Word Forms 1 Nouns,95,29,23,22,24
Word Forms 1 Nouns,95,30,24,23,24
Word Forms 1 Nouns,99,16,8,7,9
Word Forms 1 Nouns,99,17,9,8,11
Word Forms 1 Nouns,99,18,11,10,13
Word Forms 1 Nouns,99,19,13,11,15
Word Forms 1 Nouns,99,20,15,13,17
Word Forms 1 Nouns,99,21,17,15,18
Word Forms 1 Nouns,99,22,19,16,20
Word Forms 1 Nouns,99,23,20,18,22
Word Forms 1 Nouns,99,24,22,20,23
Word Forms 1 Nouns,99,25,23,21,23
Word Forms 1 Nouns,99,26,23,22,24
Word Forms 1 Nouns,99,27,24,23,24
Word Forms 1 Nouns,99,28,24,24,25
Word Forms 1 Nouns,99,29,25,24,25
Word Forms 1 Nouns,99,30,25,25,25
Total Produced,0,30,0,0,0
Total Produced,0,29,0,0,0
Total Produced,0,28,0,0,0
Total Produced,0,27,0,0,0
Total Produced,0,26,0,0,0
Total Produced,0,25,0,0,0
Total Produced,0,24,0,0,0
Total Produced,0,23,0,0,0
Total Produced,0,22,0,0,0
Total Produced,0,21,0,0,0
Total Produced,0,20,0,0,0
Total Produced,0,19,0,0,0
Total Produced,0,18,0,0,0
Total Produced,0,17,0,0,0
Total Produced,0,16,0,0,0
Complexity,0,30,0,0,0
Complexity,0,29,0,0,0
Complexity,0,28,0,0,0
Complexity,0,27,0,0,0
Complexity,0,26,0,0,0
Complexity,0,25,0,0,0
Complexity,0,24,0,0,0
Complexity,0,23,0,0,0
Complexity,0,22,0,0,0
Complexity,0,21,0,0,0
Complexity,0,20,0,0,0
Complexity,0,19,0,0,0
Complexity,0,18,0,0,0
Complexity,0,17,0,0,0
Complexity,0,16,0,0,0
Word Forms 1 Nouns,0,30,0,0,0
Word Forms 1 Nouns,0,29,0,0,0
Word Forms 1 Nouns,0,28,0,0,0
Word Forms 1 Nouns,0,27,0,0,0
Word Forms 1 Nouns,0,26,0,0,0
Word Forms 1 Nouns,0,25,0,0,0
Word Forms 1 Nouns,0,24,0,0,0
Word Forms 1 Nouns,0,23,0,0,0
Word Forms 1 Nouns,0,22,0,0,0
Word Forms 1 Nouns,0,21,0,0,0
Word Forms 1 Nouns,0,20,0,0,0
Word Forms 1 Nouns,0,19,0,0,0
Word Forms 1 Nouns,0,18,0,0,0
Word Forms 1 Nouns,0,17,0,0,0
Word Forms 1 Nouns,0,16,0,0,0
Word Endings 1,0,30,0,0,0
Word Endings 1,0,29,0,0,0
Word Endings 1,0,28,0,0,0
Word Endings 1,0,27,0,0,0
Word Endings 1,0,26,0,0,0
Word Endings 1,0,25,0,0,0
Word Endings 1,0,24,0,0,0
Word Endings 1,0,23,0,0,0
Word Endings 1,0,22,0,0,0
Word Endings 1,0,21,0,0,0
Word Endings 1,0,20,0,0,0
Word Endings 1,0,19,0,0,0
Word Endings 1,0,18,0,0,0
Word Endings 1,0,17,0,0,0
Word Endings 1,0,16,0,0,0
Combining,999,16,0,22,35
Combining,999,17,0,33,50
Combining,999,18,0,44,66
Combining,999,19,0,54,78
Combining,999,20,0,68,70
Combining,999,21,0,73,73
Combining,999,22,0,73,86
Combining,999,23,0,96,85
Combining,999,24,0,86,86
Combining,999,25,0,88,98
Combining,999,26,0,89,96
Combining,999,27,0,92,96
Combining,999,28,0,95,98
Combining,999,29,0,100,97
Combining,999,30,0,100,100
