title,percentile,age,raw_score,raw_score_boy,raw_score_girl
Produces,5,16,3,2,6
Produces,5,17,4,2,7
Produces,5,18,5,3,9
Produces,5,19,6,3,11
Produces,5,20,7,4,13
Produces,5,21,8,5,16
Produces,5,22,10,5,18
Produces,5,23,11,6,21
Produces,5,24,13,8,24
Produces,5,25,16,9,27
Produces,5,26,18,10,30
Produces,5,27,21,12,33
Produces,5,28,24,14,37
Produces,5,29,27,16,40
Produces,5,30,31,18,44
Produces,10,16,5,3,8
Produces,10,17,6,4,10
Produces,10,18,8,5,13
Produces,10,19,9,6,15
Produces,10,20,11,7,18
Produces,10,21,13,8,21
Produces,10,22,16,10,25
Produces,10,23,18,12,28
Produces,10,24,21,14,32
Produces,10,25,25,16,36
Produces,10,26,28,19,40
Produces,10,27,32,22,45
Produces,10,28,36,25,49
Produces,10,29,41,28,53
Produces,10,30,45,32,58
Produces,15,16,7,5,11
Produces,15,17,9,6,13
Produces,15,18,10,7,16
Produces,15,19,13,9,19
Produces,15,20,15,10,22
Produces,15,21,18,12,26
Produces,15,22,21,14,30
Produces,15,23,24,17,34
Produces,15,24,28,20,39
Produces,15,25,32,23,43
Produces,15,26,36,26,48
Produces,15,27,41,30,53
Produces,15,28,46,35,57
Produces,15,29,51,39,62
Produces,15,30,56,44,67
Produces,20,16,9,6,13
Produces,20,17,11,8,15
Produces,20,18,13,9,19
Produces,20,19,16,11,22
Produces,20,20,18,13,26
Produces,20,21,22,16,30
Produces,20,22,25,19,34
Produces,20,23,29,22,39
Produces,20,24,34,25,44
Produces,20,25,38,29,49
Produces,20,26,43,34,54
Produces,20,27,49,38,59
Produces,20,28,54,43,64
Produces,20,29,59,48,69
Produces,20,30,65,54,74
Produces,25,16,11,8,15
Produces,25,17,13,10,18
Produces,25,18,15,11,21
Produces,25,19,18,14,25
Produces,25,20,22,16,29
Produces,25,21,26,19,33
Produces,25,22,30,23,38
Produces,25,23,34,27,43
Produces,25,24,39,31,48
Produces,25,25,44,35,54
Produces,25,26,50,40,59
Produces,25,27,55,45,64
Produces,25,28,61,51,70
Produces,25,29,66,56,75
Produces,25,30,71,62,80
Produces,30,16,12,9,17
Produces,30,17,15,11,20
Produces,30,18,18,14,24
Produces,30,19,21,16,28
Produces,30,20,25,20,32
Produces,30,21,29,23,37
Produces,30,22,34,27,42
Produces,30,23,39,31,47
Produces,30,24,44,36,53
Produces,30,25,50,41,58
Produces,30,26,55,46,64
Produces,30,27,61,52,69
Produces,30,28,67,58,74
Produces,30,29,72,64,79
Produces,30,30,77,70,84
Produces,35,16,14,11,18
Produces,35,17,17,13,22
Produces,35,18,20,16,26
Produces,35,19,24,19,30
Produces,35,20,28,23,35
Produces,35,21,33,27,40
Produces,35,22,38,31,45
Produces,35,23,43,36,51
Produces,35,24,49,41,56
Produces,35,25,55,47,62
Produces,35,26,61,52,68
Produces,35,27,66,58,73
Produces,35,28,72,64,78
Produces,35,29,77,70,83
Produces,35,30,82,76,87
Produces,40,16,16,13,20
Produces,40,17,19,16,24
Produces,40,18,23,19,28
Produces,40,19,27,22,33
Produces,40,20,31,26,38
Produces,40,21,36,30,43
Produces,40,22,42,35,49
Produces,40,23,48,41,54
Produces,40,24,53,46,60
Produces,40,25,59,52,66
Produces,40,26,65,58,71
Produces,40,27,71,64,77
Produces,40,28,76,70,82
Produces,40,29,81,76,86
Produces,40,30,86,81,90
Produces,45,16,18,15,22
Produces,45,17,21,18,26
Produces,45,18,25,21,31
Produces,45,19,30,25,35
Produces,45,20,35,29,41
Produces,45,21,40,34,46
Produces,45,22,46,39,52
Produces,45,23,52,45,58
Produces,45,24,58,51,63
Produces,45,25,64,57,69
Produces,45,26,70,63,75
Produces,45,27,75,69,80
Produces,45,28,80,75,85
Produces,45,29,85,80,89
Produces,45,30,89,85,93
Produces,50,16,20,17,24
Produces,50,17,24,20,28
Produces,50,18,28,24,33
Produces,50,19,33,28,38
Produces,50,20,38,33,43
Produces,50,21,44,38,49
Produces,50,22,50,44,55
Produces,50,23,56,50,61
Produces,50,24,62,56,67
Produces,50,25,68,62,73
Produces,50,26,74,68,78
Produces,50,27,79,74,83
Produces,50,28,84,80,88
Produces,50,29,88,85,91
Produces,50,30,92,89,95
Produces,55,16,22,19,26
Produces,55,17,26,22,31
Produces,55,18,31,27,35
Produces,55,19,36,31,41
Produces,55,20,41,36,46
Produces,55,21,47,42,52
Produces,55,22,54,48,58
Produces,55,23,60,54,64
Produces,55,24,66,61,70
Produces,55,25,72,67,76
Produces,55,26,78,73,81
Produces,55,27,83,79,86
Produces,55,28,87,84,90
Produces,55,29,91,88,93
Produces,55,30,94,92,96
Produces,60,16,24,21,28
Produces,60,17,29,25,33
Produces,60,18,34,30,38
Produces,60,19,39,35,43
Produces,60,20,45,40,49
Produces,60,21,51,46,55
Produces,60,22,57,52,61
Produces,60,23,64,59,67
Produces,60,24,70,65,73
Produces,60,25,76,72,79
Produces,60,26,81,78,84
Produces,60,27,86,83,88
Produces,60,28,90,87,92
Produces,60,29,93,91,95
Produces,60,30,96,94,97
Produces,65,16,27,24,31
Produces,65,17,32,28,36
Produces,65,18,37,33,41
Produces,65,19,42,38,46
Produces,65,20,49,44,52
Produces,65,21,55,50,58
Produces,65,22,61,57,64
Produces,65,23,68,64,70
Produces,65,24,74,70,76
Produces,65,25,80,76,81
Produces,65,26,85,82,86
Produces,65,27,89,86,90
Produces,65,28,92,90,94
Produces,65,29,95,94,96
Produces,65,30,97,96,98
Produces,70,16,30,27,33
Produces,70,17,35,31,38
Produces,70,18,40,36,44
Produces,70,19,46,42,49
Produces,70,20,52,48,55
Produces,70,21,59,55,61
Produces,70,22,66,62,68
Produces,70,23,72,68,73
Produces,70,24,78,75,79
Produces,70,25,83,80,84
Produces,70,26,88,85,89
Produces,70,27,92,90,93
Produces,70,28,94,93,95
Produces,70,29,97,96,97
Produces,70,30,98,98,99
Produces,75,16,33,30,36
Produces,75,17,38,35,41
Produces,75,18,44,40,47
Produces,75,19,50,46,53
Produces,75,20,56,53,59
Produces,75,21,63,60,65
Produces,75,22,70,66,71
Produces,75,23,76,73,77
Produces,75,24,82,79,82
Produces,75,25,87,84,87
Produces,75,26,91,89,91
Produces,75,27,94,93,94
Produces,75,28,96,95,97
Produces,75,29,98,97,98
Produces,75,30,99,99,99
Produces,80,16,36,33,39
Produces,80,17,42,39,44
Produces,80,18,48,45,50
Produces,80,19,54,51,56
Produces,80,20,61,58,62
Produces,80,21,68,65,68
Produces,80,22,74,72,74
Produces,80,23,80,78,80
Produces,80,24,85,83,85
Produces,80,25,90,88,90
Produces,80,26,93,92,93
Produces,80,27,96,95,96
Produces,80,28,98,97,98
Produces,80,29,99,98,99
Produces,80,30,99,99,100
Produces,85,16,40,38,43
Produces,85,17,46,44,48
Produces,85,18,52,50,54
Produces,85,19,59,57,60
Produces,85,20,66,64,66
Produces,85,21,73,70,72
Produces,85,22,79,77,78
Produces,85,23,84,83,84
Produces,85,24,89,88,88
Produces,85,25,93,92,92
Produces,85,26,95,95,95
Produces,85,27,97,97,97
Produces,85,28,99,98,99
Produces,85,29,99,99,100
Produces,85,30,100,100,100
Produces,90,16,46,43,48
Produces,90,17,52,50,53
Produces,90,18,58,56,59
Produces,90,19,65,63,65
Produces,90,20,72,70,71
Produces,90,21,78,77,77
Produces,90,22,84,83,83
Produces,90,23,89,88,87
Produces,90,24,93,92,91
Produces,90,25,96,95,95
Produces,90,26,97,97,97
Produces,90,27,99,99,99
Produces,90,28,99,99,99
Produces,90,29,100,100,100
Produces,90,30,100,100,100
Produces,95,16,53,52,54
Produces,95,17,60,59,60
Produces,95,18,67,66,66
Produces,95,19,73,72,72
Produces,95,20,80,79,78
Produces,95,21,85,85,83
Produces,95,22,90,90,88
Produces,95,23,94,93,92
Produces,95,24,96,96,95
Produces,95,25,98,98,97
Produces,95,26,99,99,99
Produces,95,27,100,100,99
Produces,95,28,100,100,100
Produces,95,29,100,100,100
Produces,95,30,100,100,100
Produces,99,16,67,67,67
Produces,99,17,74,74,72
Produces,99,18,80,80,78
Produces,99,19,85,86,83
Produces,99,20,90,90,88
Produces,99,21,94,94,92
Produces,99,22,97,97,95
Produces,99,23,98,98,97
Produces,99,24,99,99,99
Produces,99,25,100,100,99
Produces,99,26,100,100,100
Produces,99,27,100,100,100
Produces,99,28,100,100,100
Produces,99,29,100,100,100
Produces,99,30,100,100,100
