[
    {
        "page":"front",
        "contents":[
            {
                "fieldset":"Información básica",
                "fields":[
                    {
                        "field":"form_filler",
                        "div":[
                            "form_filler_other"
                        ]
                    },
                    {
                        "field":"source_id"
                    },
                    {
                        "field":"child_dob"
                    },
                    {
                        "field":"age"
                    },
                    {
                        "field":"sex"
                    },
                    {
                        "field":"country",
                        "div":[
                            "zip_code"
                        ]
                    },
                    {
                        "field":"mother_yob_confirmation"
                    },
                    {
                        "field":"birth_weight_confirmation_lb",
                        "widget_type":"Select"
                    },
                    {
                        "field":"birth_order"
                    },
                    {
                        "field":"multi_birth_boolean",
                        "div":[
                            "multi_birth"
                        ]
                    },
                    {
                        "field":"birth_weight_lb",
                        "widget_type":"Select"
                    }
                ]           
            },{
                "fieldset": "Información sobre la salud del niño/a",
                "fields": [
                    {
                        "field":"born_on_due_date",
                        "div":[
                            "early_or_late",
                            "due_date_diff"
                        ]
                    },
                    {
                        "field":"ear_infections_boolean",
                        "div":[
                            "ear_infections"
                        ]
                    },
                    {
                        "field":"hearing_loss_boolean",
                        "div":[
                            "hearing_loss"
                        ]
                    },
                    {
                        "field":"vision_problems_boolean",
                        "div":[
                            "vision_problems"
                        ]
                    },
                    {
                        "field":"illnesses_boolean",
                        "div":[
                            "illnesses"
                        ]
                    },
                    {
                        "field":"worried_boolean",
                        "div":[
                            "worried"
                        ]
                    },
                    {
                        "field":"learning_disability_boolean",
                        "div":[
                            "learning_disability"
                        ]
                    }
                ]
            },
            {
                "fieldset":"Información familiar",
                "fields":[
                    {
                        "field":"place_of_residence"
                    },{
                        "field":"primary_caregiver",
                        "div":[
                            "primary_caregiver_other"
                        ]
                    },
                    {
                        "field":"mother_yob"
                    },
                    {
                        "field":"mother_education",
                        "choices": [
                            {
                                "key":"",
                                "value":"--------"
                            },
                            {
                                "key":5,
                                "value":"5"
                            },
                            {
                                "key":6,
                                "value":"6"
                            },
                            {
                                "key":7,
                                "value":"7 (primaria completa)"
                            },
                            {
                                "key":8,
                                "value":"8"
                            },
                            {
                                "key":9,
                                "value":"9"
                            },
                            {
                                "key":10,
                                "value":"10"
                            },
                            {
                                "key":11,
                                "value":"11"
                            },
                            {
                                "key":12,
                                "value":"12 (secundaria completa)"
                            },
                            {
                                "key":13,
                                "value":"13"
                            },
                            {
                                "key":14,
                                "value":"14"
                            },
                            {
                                "key":15,
                                "value":"15 (Terciario completo)"
                            }, {
                                "key":16,
                                "value":"16"
                            },
                            {
                                "key":17,
                                "value":"17 (Universitario completo)"
                            },
                            {
                                "key":18,
                                "value":"18 (título de posgrado)"
                            },
                            {
                                "key":19,
                                "value":"19"
                            },
                            {
                                "key":20,
                                "value":"20"
                            },
                            {
                                "key":21,
                                "value":"21"
                            },
                            {
                                "key":22,
                                "value":"22"
                            },
                            {
                                "key":23,
                                "value":"23+"
                            },
                            {
                                "key":0,
                                "value":"Prefiero no contestar"
                            }
                        ]
                    },
                    {
                        "field":"secondary_caregiver",
                        "div":[
                            "secondary_caregiver_other"
                        ]
                    },
                    {
                        "field":"father_yob"
                    },
                    {
                        "field":"father_education",
                        "choices":[
                            {
                                "key":"",
                                "value":"--------"
                            },
                            {
                                "key":5,
                                "value":"5"
                            },
                            {
                                "key":6,
                                "value":"6"
                            },
                            {
                                "key":7,
                                "value":"7 (primaria completa)"
                            },
                            {
                                "key":8,
                                "value":"8"
                            },
                            {
                                "key":9,
                                "value":"9"
                            },
                            {
                                "key":10,
                                "value":"10"
                            },
                            {
                                "key":11,
                                "value":"11"
                            },
                            {
                                "key":12,
                                "value":"12 (secundaria completa)"
                            },
                            {
                                "key":13,
                                "value":"13"
                            },
                            {
                                "key":14,
                                "value":"14"
                            },
                            {
                                "key":15,
                                "value":"15 (Terciario completo)"
                            }, {
                                "key":16,
                                "value":"16"
                            },
                            {
                                "key":17,
                                "value":"17 (Universitario completo)"
                            },
                            {
                                "key":18,
                                "value":"18 (título de posgrado)"
                            },
                            {
                                "key":19,
                                "value":"19"
                            },
                            {
                                "key":20,
                                "value":"20"
                            },
                            {
                                "key":21,
                                "value":"21"
                            },
                            {
                                "key":22,
                                "value":"22"
                            },
                            {
                                "key":23,
                                "value":"23+"
                            },
                            {
                                "key":0,
                                "value":"Prefiero no contestar"
                            }
                        ]
                    }
                ]
            },{
                "fieldset" : "Ocupación",
                "HTML" : "<p>Por favor describí con claridad el trabajo de la madre o cuidador/a principal y del padre o cuidador/a secundario/a. Por ejemplo, si es empleado/a, indicá  también dónde trabaja (Ej. en un negocio de ropa, en casa de familia, administrativo/a etc.). Si es maestra/o,  aclará también el nivel (inicial, primaria, secundaria etc.). Si alguno/a de ustedes está desempleado/a o si es ama/o  de casa, por favor indicalo. </p>",
                "fields" : [
                    {
                        "field":"primary_caregiver_occupation"
                    },{
                        "field":"primary_caregiver_occupation_description"
                    },{
                        "field":"secondary_caregiver_occupation"
                    },{
                        "field":"secondary_caregiver_occupation_description"
                    }
                ]
            },
            {
                "fieldset":"Información del Tutor",
                "fields":[
                    {
                        "field":"caregiver_info"
                    }
                ]
            },
            {
                "fieldset":"Contacto con otras lenguas",
                "fields":[
                    {
                        "field":"other_languages_boolean",
                        "divs":[
                            {
                                "field":"other_languages",
                                "css":"make-selectize",
                                "div":[
                                    "language_from",
                                    "language_days_per_week",
                                    "language_hours_per_day"
                                ]
                            }
                        ]
                    }
                ]
            },{
                "fieldset": "Escolarización",
                "fields" : [
                    {
                        "field":"services_boolean",
                        "div":[
                            "services",
                            "kindergarten_since_when",
                            "kindergarten_hpd",
                            "kindergarten_dpw"
                        ]
                    },{

                    }
                ]
            }
        ]
    }
]
