[
    {
        "page":"back",
        "help-text":"We willen graag wat meer weten over de ontwikkeling van uw kind en zijn/haar omgeving.",
        "contents":[
            {
                "fieldset":"Gezondheid en ontwikkeling van uw kind",
                "fields":[
                    {
                        "field":"born_on_due_date",
                        "div":[
                            "early_or_late",
                            "due_date_diff"
                        ]
                    },
                    {
                        "field":"birth_weight_kg",
                        "widget_type":"Select",
                        "choices":[
                            {
                                "key":"",
                                "value":"--------"
                            },
                            {
                                "key":"2.5",
                                "value":"2.5 kg of minder"
                            },
                            {
                                "key":"2.6",
                                "value":"2.6 kg tot 4.5 kg"
                            },
                            {
                                "key":"4.6",
                                "value":"4.6 kg of meer"
                            },
                            {
                                "key":"0",
                                "value":"Zeg ik liever niet /  weet ik niet (meer)"
                            }
                        ]
                    },
                    {
                        "field":"ear_infections_boolean",
                        "div":[
                            "ear_infections"
                        ]
                    },
                    {
                        "field":"hearing_loss_boolean",
                        "div":[
                            "hearing_loss"
                        ]
                    },
                    {
                        "field":"vision_problems_boolean",
                        "div":[
                            "vision_problems"
                        ]
                    },
                    {
                        "field":"illnesses_boolean",
                        "div":[
                            "illnesses"
                        ]
                    },
                    {
                        "field":"services_boolean",
                        "div":[
                            "services"
                        ]
                    },
                    {
                        "field":"worried_boolean",
                        "div":[
                            "worried"
                        ]
                    },
                    {
                        "field":"learning_disability_boolean",
                        "div":[
                            "learning_disability"
                        ]
                    },
                    {
                        "field":"birth_order"
                    },
                    {
                        "field":"multi_birth_boolean",
                        "div":[
                            "multi_birth"
                        ]
                    }
                ]
            },
            {
                "fieldset":"De omgeving van het kind",
                "fields":[
                    {
                        "field":"caregiver_info",
                        "div":[
                            "caregiver_other"
                        ]
                    },
                    {
                        "field":"other_languages_boolean",
                        "divs":[
                            {
                                "field":"other_languages",
                                "css":"make-selectize",
                                "div":[
                                    "language_from",
                                    "language_days_per_week",
                                    "language_hours_per_day"
                                ]
                            }
                        ]
                    }
                ]
            },
            {
                "fieldset":"De ouders van het kind",
                "fields":[
                    {
                        "field":"primary_caregiver",
                        "div":[
                            "primary_caregiver_other"
                        ]
                    },
                    {
                        "field":"mother_yob"
                    },
                    {
                        "field":"mother_education",
                        "choices":[
                            {
                                "key":"",
                                "value":"--------"
                            },
                            {
                                "key":8,
                                "value":"Basisonderwijs"
                            },
                            {
                                "key":12,
                                "value":"VMBO/MAVO"
                            },
                            {
                                "key":13,
                                "value":"HAVO"
                            },
                            {
                                "key":14,
                                "value":"VWO"
                            },
                            {
                                "key":15,
                                "value":"MBO"
                            },
                            {
                                "key":16,
                                "value":"HBO"
                            },
                            {
                                "key":17,
                                "value":"WO Bachelor"
                            },
                            {
                                "key":18,
                                "value":"WO Master of hoger"
                            },
                            {
                                "key":0,
                                "value":"Zeg ik liever niet"
                            }
                        ],
                        "help":"Selecteer de hoogst afgeronde opleiding"
                    },
                    {
                        "field":"secondary_caregiver",
                        "div":[
                            "secondary_caregiver_other"
                        ]
                    },
                    {
                        "field":"father_yob"
                    },
                    {
                        "field":"father_education",
                        "choices":[
                            {
                                "key":"",
                                "value":"--------"
                            },
                            {
                                "key":8,
                                "value":"Basisonderwijs"
                            },
                            {
                                "key":12,
                                "value":"VMBO/MAVO"
                            },
                            {
                                "key":13,
                                "value":"HAVO"
                            },
                            {
                                "key":14,
                                "value":"VWO"
                            },
                            {
                                "key":15,
                                "value":"MBO"
                            },
                            {
                                "key":16,
                                "value":"HBO"
                            },
                            {
                                "key":17,
                                "value":"WO Bachelor"
                            },
                            {
                                "key":18,
                                "value":"WO Master of hoger"
                            },
                            {
                                "key":0,
                                "value":"Zeg ik liever niet"
                            }
                        ],
                        "help":"Selecteer de hoogst afgeronde opleiding"
                    },
                    {
                        "field":"annual_income",
                        "widget_type":"Select",
                        "choices":[
                            {
                                "key":"",
                                "value":"--------"
                            },
                            {
                                "key":"0-2000",
                                "value":"€0 - €2000"
                            },
                            {
                                "key":"2001-3000",
                                "value":"€2001 - €3000"
                            },
                            {
                                "key":"3001-3800",
                                "value":"€3001 - €3800"
                            },
                            {
                                "key":"3801 or more",
                                "value":"€3801 of meer"
                            },
                            {
                                "key":"Prefer not to disclose",
                                "value":"Zeg ik liever niet / weet ik niet"
                            }
                        ],
                        "help":"Wat is het totale maandelijkse besteedbare gezinsinkomen (netto) in het huishouden van uw kind? Tel hierbij ook alle toeslagen en uitkeringen die u krijgt (bijv. kinderbijslag)."
                    }
                ]
            }
        ]
    },
    {
        "page":"front",
        "contents":[
            {
                "fieldset":"Algemene vragen",
                "fields":[
                    {
                        "field":"form_filler",
                        "div":[
                            "form_filler_other"
                        ]
                    },
                    {
                        "field":"child_dob"
                    },
                    {
                        "field":"age"
                    },
                    {
                        "field":"sex"
                    },
                    {
                        "field":"country",
                        "div":[
                            "zip_code"
                        ]
                    },
                    {
                        "field":"mother_yob_confirmation"
                    },
                    {
                        "field":"birth_weight_confirmation_lb",
                        "widget_type":"Select"
                    }
                ]
            }
        ]
    }
]