aoa,language,measure,lexical_classes,words
19.945057096656218,English,produces,nouns,airplane
25.933152935311583,English,produces,function_words,all
18.81211292707376,English,produces,adjectives,all gone
23.83003060359967,English,produces,nouns,animal
27.26098475273726,English,produces,function_words,another
18.08790925878088,English,produces,nouns,apple
21.518484667395093,English,produces,nouns,arm
24.156369712282103,English,produces,adjectives,asleep
24.996618568535755,English,produces,other,aunt
26.132430666635567,English,produces,function_words,away
16.57348641132658,English,produces,other,baa baa
16.036001655876344,English,produces,other,baby
30.169566549625525,English,produces,other,babysitter
24.440929703196602,English,produces,other,babysitter's name
25.588274313665828,English,produces,function_words,back
24.319255244651938,English,produces,adjectives,bad
14.128892177221102,English,produces,nouns,ball
17.5612980434313,English,produces,nouns,balloon
16.789367193241546,English,produces,nouns,banana
17.938709576997226,English,produces,other,bath
23.06083717686412,English,produces,nouns,bathroom
21.664762407846123,English,produces,nouns,bathtub
25.92631939944609,English,produces,"nouns, other",beach
28.374408218236567,English,produces,nouns,beads
19.220548020343422,English,produces,nouns,bear
20.443007264485413,English,produces,nouns,bed
24.656537745428746,English,produces,nouns,bedroom
20.94844648810881,English,produces,nouns,bee
20.226188332960547,English,produces,nouns,belly button
23.021088622006925,English,produces,nouns,bib
21.395401034976913,English,produces,nouns,bicycle
22.015977632750023,English,produces,adjectives,big
17.455818973982943,English,produces,nouns,bird
21.728868258596957,English,produces,verbs,bite
20.271361713841095,English,produces,nouns,blanket
21.139943757507705,English,produces,nouns,block
23.385170634996083,English,produces,verbs,blow
22.560103605415243,English,produces,adjectives,blue
16.569088870209963,English,produces,nouns,book
22.385282319331697,English,produces,nouns,boots
18.34130377943689,English,produces,nouns,bottle
22.19626676326619,English,produces,nouns,bowl
21.983051341222577,English,produces,nouns,box
22.95519268274865,English,produces,other,boy
21.319856597584934,English,produces,nouns,bread
24.163660227137505,English,produces,verbs,break
23.62085341261171,English,produces,other,breakfast
25.992264196234377,English,produces,verbs,bring
22.984679453053417,English,produces,adjectives,broken
23.238058616418243,English,produces,nouns,broom
26.580722847274814,English,produces,other,brother
21.473045929036253,English,produces,nouns,brush
18.287122785804616,English,produces,nouns,bubbles
21.111058028570476,English,produces,nouns,bug
25.23983845531983,English,produces,verbs,bump
20.347053255764276,English,produces,nouns,bunny
20.796942803157194,English,produces,nouns,bus
23.894083193497632,English,produces,nouns,butter
22.605107127129557,English,produces,nouns,butterfly
21.94152879922924,English,produces,nouns,button
13.162862681728468,English,produces,other,bye
21.81084185353303,English,produces,nouns,cake
22.150229852246845,English,produces,nouns,candy
17.628663575831165,English,produces,nouns,car
25.315308741736214,English,produces,adjectives,careful
23.321273284176883,English,produces,nouns,carrots
17.66768391741107,English,produces,nouns,cat
21.75579425460477,English,produces,nouns,cereal
20.635938540902576,English,produces,nouns,chair
23.00716895013353,English,produces,nouns,cheek
23.068354001033757,English,produces,nouns,cheerios
18.090844120668045,English,produces,nouns,cheese
22.462393545369466,English,produces,nouns,chicken (animal)
22.310515102264038,English,produces,nouns,chicken (food)
30.751653953877465,English,produces,other,child
19.68797850777993,English,produces,other,child's own name
19.28856201357554,English,produces,other,choo choo
26.352716897359034,English,produces,"nouns, other",church*
23.572594221881378,English,produces,verbs,clean (action)
23.23706236963285,English,produces,adjectives,clean (description)
22.49508214609616,English,produces,nouns,clock
23.848909449805316,English,produces,verbs,close
22.553631145573956,English,produces,nouns,coat
24.288062485782852,English,produces,other,cockadoodledoo
24.192355614331486,English,produces,nouns,coffee
20.82421608807785,English,produces,adjectives,cold
24.37981712102665,English,produces,nouns,comb
18.233429884479776,English,produces,nouns,cookie
23.845198549358606,English,produces,nouns,couch
19.86022817681121,English,produces,nouns,cow
19.064502508334005,English,produces,nouns,cracker
24.946140601177426,English,produces,nouns,crib
22.7057876219358,English,produces,verbs,cry
19.449937419503495,English,produces,nouns,cup
26.35000332275868,English,produces,adjectives,cute
11.009743543462907,English,produces,other,daddy*
22.996413102185446,English,produces,verbs,dance
25.10572095557262,English,produces,adjectives,dark
27.628419068711754,English,produces,other,day
25.55543254902818,English,produces,nouns,deer
19.33149408881273,English,produces,nouns,diaper
23.825021322252528,English,produces,other,dinner
21.831728735348637,English,produces,adjectives,dirty
26.121042359649046,English,produces,nouns,dish
14.734720313191687,English,produces,nouns,dog
21.701270483629564,English,produces,nouns,doll
25.39564727951007,English,produces,"function_words, other",don't
27.22442804780056,English,produces,nouns,donkey
19.873733733224018,English,produces,nouns,door
19.65454223976105,English,produces,function_words,down
24.871033846317992,English,produces,verbs,draw
26.53369685461615,English,produces,nouns,drawer
24.839983712181912,English,produces,nouns,dress (object)
20.907520909756556,English,produces,verbs,drink (action)
20.74586858508741,English,produces,nouns,drink (beverage)
24.284696591164046,English,produces,verbs,drive
25.2452307727448,English,produces,adjectives,dry (description)
17.12857655407812,English,produces,nouns,duck
18.288678278304104,English,produces,nouns,ear
20.04184071030269,English,produces,verbs,eat
21.6908377639005,English,produces,nouns,egg
22.21462906918967,English,produces,nouns,elephant
25.74935702833048,English,produces,adjectives,empty
17.46776577024241,English,produces,nouns,eye
23.19777624195169,English,produces,nouns,face
22.859495805328923,English,produces,verbs,fall
25.098355441152865,English,produces,adjectives,fast
25.922702436903467,English,produces,verbs,feed
29.221726353763273,English,produces,adjectives,fine
21.48509548451398,English,produces,nouns,finger
27.14348376052338,English,produces,verbs,finish
23.622865543380726,English,produces,nouns,firetruck
18.764242507583884,English,produces,nouns,fish (animal)
21.86913555757372,English,produces,nouns,fish (food)
20.25965250167084,English,produces,nouns,flower
23.036069383958274,English,produces,nouns,food
20.666283558828603,English,produces,nouns,foot
21.677264521845874,English,produces,nouns,fork
21.80424908673193,English,produces,nouns,frog
25.770306251862372,English,produces,nouns,garage
27.830644378728344,English,produces,nouns,garden
27.36240055650954,English,produces,adjectives,gentle
23.451213063141612,English,produces,verbs,get
23.586514115344695,English,produces,nouns,giraffe
23.63829849806222,English,produces,other,girl
24.96939561349524,English,produces,verbs,give
24.824761057269907,English,produces,nouns,glass
22.768362428917843,English,produces,nouns,glasses
19.42787997676779,English,produces,verbs,go
23.32983407651098,English,produces,adjectives,good
17.724730274675135,English,produces,other,night night
26.173311504523042,English,produces,nouns,goose
17.683314467186367,English,produces,other,grandma*
18.71800730920088,English,produces,other,grandpa*
16.805946027428085,English,produces,other,grrr
19.46565702881603,English,produces,nouns,hair
25.16943337906528,English,produces,nouns,hammer
20.97340565248544,English,produces,nouns,hand
23.72717285362001,English,produces,adjectives,happy
26.802705604692584,English,produces,adjectives,hard
18.349045705660608,English,produces,nouns,hat
21.23587499665888,English,produces,nouns,head
19.732520374718284,English,produces,other,hello
22.334183289425177,English,produces,verbs,help
28.668240719735127,English,produces,function_words,her
14.795778441207759,English,produces,other,hi
25.059595038536624,English,produces,nouns,high chair
29.245603007734445,English,produces,function_words,his
23.76654386494505,English,produces,verbs,hit
21.513473188813634,English,produces,"nouns, other",home
20.194385535420295,English,produces,nouns,horse
17.807481140233513,English,produces,adjectives,hot
22.41876399240582,English,produces,"nouns, other",house
28.847506063400267,English,produces,function_words,how
21.636179316793303,English,produces,verbs,hug
23.763239551570535,English,produces,adjectives,hungry
26.28132958727571,English,produces,verbs,hurry
23.938969405960997,English,produces,adjectives,hurt
23.47805808288394,English,produces,function_words,i
21.61660469477009,English,produces,nouns,ice cream
21.216430396112333,English,produces,function_words,in
21.56649189180515,English,produces,function_words,inside
25.600744163246144,English,produces,function_words,it
23.29706197134178,English,produces,nouns,jacket
26.804299560486633,English,produces,nouns,jeans
17.915164077638558,English,produces,nouns,juice
22.516874151969446,English,produces,verbs,jump
21.137350309661375,English,produces,nouns,keys
23.890004769010478,English,produces,verbs,kick
20.965867627440876,English,produces,verbs,kiss
23.485571800844347,English,produces,nouns,kitchen
17.938761901329162,English,produces,nouns,kitty
22.185383204736986,English,produces,nouns,knee
26.801546841410225,English,produces,other,lady
25.912923940647605,English,produces,nouns,lamb
27.026321414147805,English,produces,nouns,lamp
26.73213466699537,English,produces,other,later
22.5288364646839,English,produces,nouns,leg
20.125635451340287,English,produces,nouns,light
22.450103724351052,English,produces,nouns,lion
24.708468419191757,English,produces,adjectives,little (description)
26.683909010429335,English,produces,nouns,living room
23.35147823627662,English,produces,verbs,look
22.526208956502188,English,produces,verbs,love
23.866278833625877,English,produces,other,lunch
24.766938881724844,English,produces,other,man
21.664502788351033,English,produces,function_words,me
25.201713535590606,English,produces,nouns,meat
23.66865858275272,English,produces,nouns,medicine
17.18314589229507,English,produces,other,meow
18.19947539613423,English,produces,nouns,milk
19.78976836426457,English,produces,function_words,mine
11.268020810167934,English,produces,other,mommy*
22.849130300477093,English,produces,nouns,money
21.120777139047476,English,produces,nouns,monkey
16.846707337215634,English,produces,other,moo
20.6697509980124,English,produces,nouns,moon
19.78502817220817,English,produces,function_words,more
26.100998984611188,English,produces,other,morning
24.64069028011429,English,produces,nouns,motorcycle
22.601354807863274,English,produces,nouns,mouse
20.168338469220714,English,produces,nouns,mouth
24.068529324739707,English,produces,function_words,my
22.20541413062043,English,produces,other,nap
31.24246532107906,English,produces,adjectives,naughty
24.83126734443331,English,produces,nouns,necklace
24.65047611643061,English,produces,adjectives,nice
24.031693140790917,English,produces,other,night
15.113622282176253,English,produces,other,no
30.13116577478961,English,produces,function_words,none
17.470132194236683,English,produces,nouns,nose
26.9435399646844,English,produces,function_words,not
24.80845867044902,English,produces,other,now
21.432617718520337,English,produces,function_words,off
28.212974950566544,English,produces,adjectives,old
21.40871103599503,English,produces,function_words,on
21.527222088205285,English,produces,verbs,open
22.39513551819081,English,produces,nouns,orange (food)
27.74556981513724,English,produces,function_words,other
17.707334224509683,English,produces,other,ouch
21.67122686886453,English,produces,function_words,out
19.850145402367986,English,produces,"nouns, other",outside
26.101798205147656,English,produces,nouns,oven
19.05819161506108,English,produces,nouns,owie/boo boo
23.285747993139264,English,produces,nouns,owl
22.867609583684015,English,produces,nouns,pajamas
21.954492941961497,English,produces,nouns,pants
22.251424550947632,English,produces,nouns,paper
22.801684840523635,English,produces,"nouns, other",park
25.185388565168015,English,produces,"nouns, other",party
21.788840800292657,English,produces,nouns,"noodles, spaghetti"
24.851901412021135,English,produces,other,pattycake
24.02002073267756,English,produces,nouns,peas
19.007958747210886,English,produces,other,peekaboo
23.316553218626844,English,produces,nouns,pen
25.995387728483756,English,produces,nouns,penguin
25.899808926847342,English,produces,nouns,penny
26.371425635031542,English,produces,other,people
31.10062584858403,English,produces,other,person
23.57471441259777,English,produces,nouns,picture
20.60808813326565,English,produces,nouns,pig
21.996332340711806,English,produces,nouns,pillow
21.311949512656962,English,produces,nouns,pizza
25.79789586106765,English,produces,nouns,plant
23.374245251661137,English,produces,nouns,plate
22.32708302675137,English,produces,verbs,play
31.846447806138844,English,produces,nouns,play pen
18.668596622034936,English,produces,other,please
26.997939927745534,English,produces,nouns,pony
23.062879304803936,English,produces,nouns,pool
21.052838251722527,English,produces,nouns,potty
23.953948743430647,English,produces,adjectives,pretty
25.326417543663254,English,produces,verbs,pull
20.569973096762865,English,produces,nouns,puppy
24.19030920002338,English,produces,nouns,purse
23.994665227205488,English,produces,verbs,push
25.90435169754799,English,produces,verbs,put
17.920675471585014,English,produces,other,quack quack
26.448043123760108,English,produces,nouns,radio
21.889031760590925,English,produces,nouns,rain
23.644995911159388,English,produces,nouns,raisin
22.059962166304786,English,produces,verbs,read
23.537563279457792,English,produces,adjectives,red
24.93481425870804,English,produces,nouns,refrigerator
23.53184538001762,English,produces,verbs,ride
21.741607826740037,English,produces,nouns,rock
25.964353519548254,English,produces,nouns,rocking chair
23.061077119589065,English,produces,verbs,run
29.7316102185798,English,produces,function_words,same
26.38305571757238,English,produces,verbs,say
25.759842344860846,English,produces,adjectives,scared
23.33887084442678,English,produces,"nouns, other",school
25.03994299755925,English,produces,nouns,scissors
22.308514826550983,English,produces,verbs,see
22.986849437996526,English,produces,nouns,sheep
18.902722064640656,English,produces,other,shh/shush/hush
21.52258983161671,English,produces,nouns,shirt
16.275887277324067,English,produces,nouns,shoe
24.21731580628167,English,produces,nouns,shorts
25.204578122573306,English,produces,nouns,shovel
26.466713803968013,English,produces,verbs,show
25.753888962136134,English,produces,adjectives,sick
23.814982317600276,English,produces,verbs,sing
24.776624592225204,English,produces,nouns,sink
26.390281679123664,English,produces,other,sister
23.79401797652861,English,produces,nouns,sky
22.43663702486211,English,produces,verbs,sleep
24.71464983073631,English,produces,adjectives,sleepy
22.612825900768915,English,produces,nouns,slide (object)
26.047088344344587,English,produces,verbs,smile
24.723397127480418,English,produces,nouns,snow
22.188302011218397,English,produces,nouns,soap
20.825559528348197,English,produces,nouns,sock
25.398822774237352,English,produces,adjectives,soft
25.553538806572945,English,produces,function_words,some
24.74753318509626,English,produces,verbs,splash
19.93048586167053,English,produces,nouns,spoon
24.51736281478854,English,produces,nouns,squirrel
24.372493357023288,English,produces,nouns,stairs
22.12057214962219,English,produces,nouns,star
22.095158015399527,English,produces,verbs,stop
23.179896125491993,English,produces,"nouns, other",store
25.821369496125932,English,produces,nouns,stove
24.719538253504375,English,produces,nouns,stroller
22.589778582589073,English,produces,nouns,sun
24.219406521696328,English,produces,nouns,sweater
23.977545279675127,English,produces,verbs,swim
22.622646504175872,English,produces,verbs,swing (action)
21.65196730686704,English,produces,nouns,swing (object)
23.06130779334994,English,produces,nouns,table
26.05625424547373,English,produces,verbs,take
27.66424536035298,English,produces,other,teacher
22.744500898729413,English,produces,nouns,teddybear
20.749210118497455,English,produces,nouns,telephone
17.94359552000918,English,produces,other,thank you
23.34078857223241,English,produces,function_words,that
24.97787547848855,English,produces,function_words,there
25.224583188901708,English,produces,adjectives,thirsty
24.319582309716697,English,produces,function_words,this
23.870682233601343,English,produces,verbs,throw
22.74245193857686,English,produces,verbs,tickle
23.333480560579325,English,produces,nouns,tiger
25.097067944036006,English,produces,adjectives,tired
22.979520987880623,English,produces,nouns,toast
28.191320991605473,English,produces,other,today
20.738600826794446,English,produces,nouns,toe
28.07114061259129,English,produces,other,tomorrow
22.99044393134395,English,produces,nouns,tongue
29.796839116913436,English,produces,other,tonight
21.371145799272927,English,produces,nouns,tooth
21.25577825053984,English,produces,nouns,toothbrush
25.186021922629354,English,produces,verbs,touch
22.59961902865037,English,produces,nouns,towel
21.274508067305977,English,produces,nouns,toy (object)
20.834308519220208,English,produces,nouns,train
24.003929668146803,English,produces,nouns,trash
19.97866844178716,English,produces,nouns,tree
18.97350902515595,English,produces,nouns,truck
21.280166270367946,English,produces,nouns,tummy
25.837241464394005,English,produces,nouns,turkey
22.32077335969348,English,produces,nouns,turtle
21.410459445185705,English,produces,nouns,tv
13.805913921535074,English,produces,other,uh oh
25.300751495563087,English,produces,other,uncle
25.914507704584253,English,produces,function_words,under
19.20915305748331,English,produces,function_words,up
24.051300020438863,English,produces,nouns,vacuum
18.1768466186572,English,produces,other,vroom
25.557643944450867,English,produces,"other, verbs",wait
22.29568480292948,English,produces,verbs,walk
24.397545416723965,English,produces,"function_words, other",wanna/want to
23.071736834454132,English,produces,verbs,wash
25.22119100502757,English,produces,verbs,watch (action)
23.872988917397045,English,produces,nouns,watch (object)
19.008019614782043,English,produces,nouns,water (beverage)
19.480802064296466,English,produces,nouns,water (not beverage)
22.118684162228607,English,produces,adjectives,wet
23.359042690031988,English,produces,function_words,what
30.08306634962265,English,produces,function_words,when
24.786177014954923,English,produces,function_words,where
27.35016425177888,English,produces,function_words,who
27.16590510100429,English,produces,function_words,why
24.409635502560338,English,produces,nouns,window
25.112834863671747,English,produces,verbs,wipe
15.93159411213891,English,produces,other,woof woof
23.37766158564402,English,produces,"nouns, other",work (place)
26.355726353416728,English,produces,verbs,write
26.126549868396797,English,produces,nouns,backyard
18.098208229609956,English,produces,other,yes
23.527341198701233,English,produces,function_words,you
28.257594387934077,English,produces,function_words,your
21.611166473149282,English,produces,adjectives,yucky
17.457157115104405,English,produces,other,yum yum
24.15727573804518,English,produces,nouns,zipper
25.144853963765286,English,produces,"nouns, other",zoo
14.517643581849578,English,understands,nouns,airplane
19.82108221349761,English,understands,function_words,all
10.085697620113699,English,understands,adjectives,all gone
17.00573587237067,English,understands,nouns,animal
18.766549698839896,English,understands,function_words,another
14.21361574847023,English,understands,nouns,apple
15.880148643394167,English,understands,nouns,arm
16.607453036243722,English,understands,adjectives,asleep
22.372127811373694,English,understands,other,aunt
19.696969240903975,English,understands,function_words,away
12.514551740389738,English,understands,other,baa baa
11.235296907038956,English,understands,other,baby
27.54585946164492,English,understands,other,babysitter
17.595623824584674,English,understands,other,babysitter's name
17.967898803029904,English,understands,function_words,back
17.661347198258312,English,understands,adjectives,bad
9.836244781708453,English,understands,nouns,ball
12.311867256484751,English,understands,nouns,balloon
11.735514081741032,English,understands,nouns,banana
9.133862271635293,English,understands,other,bath
13.932606185473748,English,understands,nouns,bathroom
12.049068974329646,English,understands,nouns,bathtub
21.256390992759215,English,understands,nouns,beach
21.597377772827528,English,understands,nouns,beads
14.477635039008675,English,understands,nouns,bear
13.11032779975507,English,understands,nouns,bed
15.189958488961635,English,understands,nouns,bedroom
17.206499950336596,English,understands,nouns,bee
14.00446325259476,English,understands,nouns,belly button
14.366940702559097,English,understands,nouns,bib
16.370869254982832,English,understands,nouns,bicycle
17.481061099811626,English,understands,adjectives,big
12.620889100251283,English,understands,nouns,bird
12.920385163831838,English,understands,verbs,bite
12.932721997284792,English,understands,nouns,blanket
14.233800343618132,English,understands,nouns,block
14.442469221826958,English,understands,verbs,blow
20.07613637066362,English,understands,adjectives,blue
10.290630682114365,English,understands,nouns,book
17.960316345234112,English,understands,nouns,boots
7.432072767155658,English,understands,nouns,bottle
15.311236014719512,English,understands,nouns,bowl
16.181035532077182,English,understands,nouns,box
18.16929900169374,English,understands,other,boy
14.794584788614504,English,understands,nouns,bread
18.41941271662462,English,understands,verbs,break
13.352627768073367,English,understands,other,breakfast
13.605315368258502,English,understands,verbs,bring
18.303508643210563,English,understands,adjectives,broken
15.985169451459418,English,understands,nouns,broom
-175.87255353966466,English,understands,other,brother
13.273937599788413,English,understands,nouns,brush
14.291923127046651,English,understands,nouns,bubbles
17.123015213228758,English,understands,nouns,bug
18.13446051871948,English,understands,verbs,bump
14.103807801187573,English,understands,nouns,bunny
17.000382675745872,English,understands,nouns,bus
19.304850010783714,English,understands,nouns,butter
17.37534906698994,English,understands,nouns,butterfly
15.795608741962756,English,understands,nouns,button
7.609319041065008,English,understands,other,bye
18.75983567001422,English,understands,nouns,cake
17.924330437427862,English,understands,nouns,candy
11.37868257548312,English,understands,nouns,car
13.917030077531296,English,understands,adjectives,careful
16.66483213011288,English,understands,nouns,carrots
11.636906410525617,English,understands,nouns,cat
14.248307424408122,English,understands,nouns,cereal
13.702234353939264,English,understands,nouns,chair
18.147471558682238,English,understands,nouns,cheek
12.547265585387429,English,understands,nouns,cheerios
13.6412899350428,English,understands,nouns,cheese
16.423280967812545,English,understands,nouns,chicken (animal)
17.624084805773958,English,understands,nouns,chicken (food)
24.354600757862887,English,understands,other,child
6.360959829714522,English,understands,other,child's own name
15.452256210646556,English,understands,other,choo choo
22.475780498874926,English,understands,nouns,church*
16.1611218565552,English,understands,verbs,clean (action)
17.138248649650723,English,understands,adjectives,clean (description)
17.40253553000704,English,understands,nouns,clock
14.205794351016914,English,understands,verbs,close
16.347300337069296,English,understands,nouns,coat
16.89077820473892,English,understands,other,cockadoodledoo
18.698691613838868,English,understands,nouns,coffee
15.654392054040112,English,understands,adjectives,cold
15.623605680664262,English,understands,nouns,comb
12.048743620380922,English,understands,nouns,cookie
15.617766010954648,English,understands,nouns,couch
14.31368574963084,English,understands,nouns,cow
12.0002267087196,English,understands,nouns,cracker
14.76275964553796,English,understands,nouns,crib
15.296232026469669,English,understands,verbs,cry
11.514863988386727,English,understands,nouns,cup
21.04867250788599,English,understands,adjectives,cute
0.6107185678687284,English,understands,other,daddy*
12.288490837628382,English,understands,verbs,dance
19.80368277129804,English,understands,adjectives,dark
21.92930558019508,English,understands,other,day
19.845438447100094,English,understands,nouns,deer
10.289580916428118,English,understands,nouns,diaper
14.316421121613615,English,understands,other,dinner
15.300695987660234,English,understands,adjectives,dirty
17.791012368688484,English,understands,nouns,dish
9.997201989658047,English,understands,nouns,dog
14.559962237371982,English,understands,nouns,doll
11.593057802741468,English,understands,other,don't
19.970468231913383,English,understands,nouns,donkey
12.806497640055017,English,understands,nouns,door
13.053422360825026,English,understands,function_words,down
17.039647376515102,English,understands,verbs,draw
17.4375543074467,English,understands,nouns,drawer
19.301277578146948,English,understands,nouns,dress (object)
11.469187211038017,English,understands,verbs,drink (action)
12.239543686488094,English,understands,nouns,drink (beverage)
17.067777919744138,English,understands,verbs,drive
19.438385273541346,English,understands,adjectives,dry (description)
13.164739783927459,English,understands,nouns,duck
13.493482130218206,English,understands,nouns,ear
11.122593390672156,English,understands,verbs,eat
17.315008125156293,English,understands,nouns,egg
17.007965243337242,English,understands,nouns,elephant
17.073666080665962,English,understands,adjectives,empty
12.760345133092864,English,understands,nouns,eye
16.41730881116726,English,understands,nouns,face
16.064335624024526,English,understands,verbs,fall
19.55588933977032,English,understands,adjectives,fast
17.7209043330635,English,understands,verbs,feed
22.13448987638516,English,understands,adjectives,fine
14.941209970332137,English,understands,nouns,finger
19.843345254738697,English,understands,verbs,finish
17.59316929924216,English,understands,nouns,firetruck
14.397749190733123,English,understands,nouns,fish (animal)
18.23090648740531,English,understands,nouns,fish (food)
14.433707749630127,English,understands,nouns,flower
15.437753699996325,English,understands,nouns,food
12.767722814615801,English,understands,nouns,foot
15.834629739195634,English,understands,nouns,fork
16.477041072817265,English,understands,nouns,frog
17.689144826770026,English,understands,nouns,garage
20.690166965884092,English,understands,nouns,garden
15.287159780763837,English,understands,adjectives,gentle
13.37026009494287,English,understands,verbs,get
18.01093386877375,English,understands,nouns,giraffe
19.444938242584303,English,understands,other,girl
12.478028147391939,English,understands,verbs,give
17.74904004168374,English,understands,nouns,glass
14.909378375474619,English,understands,nouns,glasses
12.820622580168065,English,understands,verbs,go
13.924355185338825,English,understands,adjectives,good
9.949399760513373,English,understands,other,night night
19.634181709004256,English,understands,nouns,goose
10.10008098592593,English,understands,other,grandma*
12.568971930713573,English,understands,other,grandpa*
13.628097436627945,English,understands,other,grrr
12.824708208512865,English,understands,nouns,hair
18.572987280008867,English,understands,nouns,hammer
13.71366675022432,English,understands,nouns,hand
18.34463632574067,English,understands,adjectives,happy
21.72003456930836,English,understands,adjectives,hard
13.217180220986341,English,understands,nouns,hat
14.683170785075985,English,understands,nouns,head
12.565365719093522,English,understands,other,hello
16.57479980513744,English,understands,verbs,help
21.700792798201256,English,understands,function_words,her
8.994601438218696,English,understands,other,hi
13.150453636712653,English,understands,nouns,high chair
21.139167469407134,English,understands,function_words,his
15.45237380436108,English,understands,verbs,hit
14.806970936407758,English,understands,nouns,home
14.923341588415518,English,understands,nouns,horse
13.364374758437647,English,understands,adjectives,hot
16.368705364644498,English,understands,nouns,house
22.69812895299949,English,understands,function_words,how
11.748019905616903,English,understands,verbs,hug
13.955337037043503,English,understands,adjectives,hungry
18.50317099782739,English,understands,verbs,hurry
17.63347199628303,English,understands,adjectives,hurt
18.985542059074643,English,understands,function_words,i
16.578492260180013,English,understands,nouns,ice cream
15.076861586310898,English,understands,function_words,in
16.454166508006104,English,understands,function_words,inside
19.339890545445606,English,understands,function_words,it
16.583632212860714,English,understands,nouns,jacket
20.706361001591848,English,understands,nouns,jeans
11.340708228407797,English,understands,nouns,juice
16.696817529328136,English,understands,verbs,jump
11.839747713659142,English,understands,nouns,keys
16.42982366336553,English,understands,verbs,kick
10.261854537427865,English,understands,verbs,kiss
14.600702506877331,English,understands,nouns,kitchen
11.475457564818266,English,understands,nouns,kitty
17.840996379583526,English,understands,nouns,knee
21.192632912773608,English,understands,other,lady
18.184726582182094,English,understands,nouns,lamb
18.726695860142865,English,understands,nouns,lamp
19.99007769366848,English,understands,other,later
16.24319573806843,English,understands,nouns,leg
14.165600874486088,English,understands,nouns,light
16.915308631496625,English,understands,nouns,lion
19.594898176898894,English,understands,adjectives,little (description)
17.719642301688463,English,understands,nouns,living room
12.330053819986484,English,understands,verbs,look
15.24796641134936,English,understands,verbs,love
14.263059530613212,English,understands,other,lunch
19.858219814398556,English,understands,other,man
17.003383301932246,English,understands,function_words,me
20.062699121591457,English,understands,nouns,meat
17.0301580102944,English,understands,nouns,medicine
12.312747766377091,English,understands,other,meow
11.705218249983384,English,understands,nouns,milk
16.56747307794955,English,understands,function_words,mine
2.75069219871237,English,understands,other,mommy*
18.622211247678997,English,understands,nouns,money
16.345913800415083,English,understands,nouns,monkey
13.659197174971819,English,understands,other,moo
16.772427021490653,English,understands,nouns,moon
12.988075237245354,English,understands,function_words,more
21.967753121964567,English,understands,other,morning
18.74572383878965,English,understands,nouns,motorcycle
17.56793531038997,English,understands,nouns,mouse
12.473390994165738,English,understands,nouns,mouth
18.67068549668847,English,understands,function_words,my
12.589384230725074,English,understands,other,nap
25.360625135505803,English,understands,adjectives,naughty
18.210835443002956,English,understands,nouns,necklace
17.60820112562449,English,understands,adjectives,nice
18.828296491512127,English,understands,other,night
7.4221314659167605,English,understands,other,no
20.440184289841444,English,understands,function_words,none
11.637847170463845,English,understands,nouns,nose
20.287054582963886,English,understands,function_words,not
19.2855839341953,English,understands,other,now
14.660897349406733,English,understands,function_words,off
23.342196925197406,English,understands,adjectives,old
14.912223316984578,English,understands,function_words,on
13.815656126336169,English,understands,verbs,open
17.01050274271988,English,understands,nouns,orange (food)
20.304210615123726,English,understands,function_words,other
13.284261163723892,English,understands,other,ouch
14.932481589945153,English,understands,function_words,out
11.427534300988576,English,understands,nouns,outside
17.689025130328478,English,understands,nouns,oven
15.271116144663448,English,understands,nouns,owie/boo boo
17.93746250249706,English,understands,nouns,owl
14.517793450919525,English,understands,nouns,pajamas
15.481479455350419,English,understands,nouns,pants
16.2860360929518,English,understands,nouns,paper
16.91509984595436,English,understands,nouns,park
23.140784927269806,English,understands,nouns,party
15.877663560330882,English,understands,nouns,"noodles, spaghetti"
9.752221583565376,English,understands,other,pattycake
16.87488234161228,English,understands,nouns,peas
7.351520471740057,English,understands,other,peekaboo
16.325657287320876,English,understands,nouns,pen
20.09519627532861,English,understands,nouns,penguin
21.157418820048576,English,understands,nouns,penny
20.131628403478633,English,understands,other,people
23.75385308560453,English,understands,other,person
16.21700875957968,English,understands,nouns,picture
14.941752620823856,English,understands,nouns,pig
15.470045134832073,English,understands,nouns,pillow
16.993772690382084,English,understands,nouns,pizza
17.828531000733975,English,understands,nouns,plant
16.482094238958517,English,understands,nouns,plate
14.916018706281722,English,understands,verbs,play
29.9456766034802,English,understands,nouns,play pen
15.351679291140801,English,understands,other,please
20.232320497537405,English,understands,nouns,pony
18.30166467476724,English,understands,nouns,pool
16.71334663536765,English,understands,nouns,potty
17.921011471846843,English,understands,adjectives,pretty
17.304515867087165,English,understands,verbs,pull
14.261318101265974,English,understands,nouns,puppy
16.410323620992305,English,understands,nouns,purse
15.87755559435798,English,understands,verbs,push
15.642007135671305,English,understands,verbs,put
13.382360999638307,English,understands,other,quack quack
18.97322678925909,English,understands,nouns,radio
17.70183683768073,English,understands,nouns,rain
17.102782965066382,English,understands,nouns,raisin
14.20442230929593,English,understands,verbs,read
20.854167745749805,English,understands,adjectives,red
15.170022576467622,English,understands,nouns,refrigerator
15.476301348101185,English,understands,verbs,ride
16.485912500427194,English,understands,nouns,rock
17.012112034947986,English,understands,nouns,rocking chair
16.281729900927633,English,understands,verbs,run
22.552636447114825,English,understands,function_words,same
16.25386215691991,English,understands,verbs,say
22.19373553285574,English,understands,adjectives,scared
20.927217067733473,English,understands,nouns,school
19.431972515768695,English,understands,nouns,scissors
15.063131702565158,English,understands,verbs,see
17.099949484635392,English,understands,nouns,sheep
13.395650990029726,English,understands,other,shh/shush/hush
14.853145764857407,English,understands,nouns,shirt
11.28185347686645,English,understands,nouns,shoe
18.32832600313188,English,understands,nouns,shorts
18.6926587292855,English,understands,nouns,shovel
15.501051286087016,English,understands,verbs,show
22.421546721731563,English,understands,adjectives,sick
15.975341930320047,English,understands,verbs,sing
17.47413375233555,English,understands,nouns,sink
-70.28527451957798,English,understands,other,sister
17.94029533685334,English,understands,nouns,sky
14.1250060084946,English,understands,verbs,sleep
14.938294477123556,English,understands,adjectives,sleepy
15.362339527363746,English,understands,nouns,slide (object)
17.677598600220854,English,understands,verbs,smile
23.764445042257023,English,understands,nouns,snow
16.43663093771686,English,understands,nouns,soap
12.183660617797297,English,understands,nouns,sock
17.44769601977741,English,understands,adjectives,soft
19.06720776349751,English,understands,function_words,some
14.202025894824102,English,understands,verbs,splash
13.038043202570682,English,understands,nouns,spoon
18.809436169854415,English,understands,nouns,squirrel
14.75301787960798,English,understands,nouns,stairs
18.226622200223684,English,understands,nouns,star
13.493006441787896,English,understands,verbs,stop
16.67561674504846,English,understands,nouns,store
18.64625312035651,English,understands,nouns,stove
12.714624491382306,English,understands,nouns,stroller
18.239051226518697,English,understands,nouns,sun
20.017993341931312,English,understands,nouns,sweater
19.778478453112083,English,understands,verbs,swim
15.377346937966163,English,understands,verbs,swing (action)
14.397665362915133,English,understands,nouns,swing (object)
15.228856968514709,English,understands,nouns,table
17.234971862939844,English,understands,verbs,take
25.567205303401515,English,understands,other,teacher
13.413325478028987,English,understands,nouns,teddybear
11.744938335909108,English,understands,nouns,telephone
13.071969266687749,English,understands,other,thank you
17.1238960173645,English,understands,function_words,that
16.97830434519403,English,understands,function_words,there
15.580012386541496,English,understands,adjectives,thirsty
17.728875688699663,English,understands,function_words,this
13.55345485264632,English,understands,verbs,throw
13.969215916461442,English,understands,verbs,tickle
17.88343011945425,English,understands,nouns,tiger
15.573527369723093,English,understands,adjectives,tired
17.041655372896212,English,understands,nouns,toast
24.055486784846913,English,understands,other,today
14.245131383190412,English,understands,nouns,toe
23.059041453419372,English,understands,other,tomorrow
15.72470452712812,English,understands,nouns,tongue
30.606478052266258,English,understands,other,tonight
14.392555546402798,English,understands,nouns,tooth
13.528504855228652,English,understands,nouns,toothbrush
15.63225361780646,English,understands,verbs,touch
15.941659707776735,English,understands,nouns,towel
12.911742432388628,English,understands,nouns,toy (object)
15.842913244343361,English,understands,nouns,train
15.828334765250789,English,understands,nouns,trash
15.179496715620225,English,understands,nouns,tree
14.414421789431016,English,understands,nouns,truck
13.499701303220643,English,understands,nouns,tummy
20.303744570194034,English,understands,nouns,turkey
18.286493572517372,English,understands,nouns,turtle
13.18643671019545,English,understands,nouns,tv
10.525906497202907,English,understands,other,uh oh
23.327357877895842,English,understands,other,uncle
17.11503864158702,English,understands,function_words,under
13.25590062322074,English,understands,function_words,up
15.260270248082453,English,understands,nouns,vacuum
14.094919398121439,English,understands,other,vroom
15.803983608760328,English,understands,other,wait
13.50874840975435,English,understands,verbs,walk
15.651373678047307,English,understands,other,wanna/want to
14.922625565309078,English,understands,verbs,wash
17.286841258178196,English,understands,verbs,watch (action)
17.141282484749805,English,understands,nouns,watch (object)
12.705945377384486,English,understands,nouns,water (beverage)
13.375405834214588,English,understands,nouns,water (not beverage)
16.44597897412118,English,understands,adjectives,wet
16.627099421961535,English,understands,function_words,what
22.648719837598073,English,understands,function_words,when
14.846758039638116,English,understands,function_words,where
17.980775944895214,English,understands,function_words,who
22.1117117080706,English,understands,function_words,why
15.183425235452912,English,understands,nouns,window
15.995057597098162,English,understands,verbs,wipe
12.064234103222118,English,understands,other,woof woof
18.563250103801334,English,understands,nouns,work (place)
18.645637875876726,English,understands,verbs,write
17.007824077367886,English,understands,nouns,backyard
11.953443702122637,English,understands,other,yes
16.89370478743141,English,understands,function_words,you
18.87962676273742,English,understands,function_words,your
14.291699855483637,English,understands,adjectives,yucky
11.739780053265402,English,understands,other,yum yum
17.982333863079607,English,understands,nouns,zipper
19.859689366883938,English,understands,nouns,zoo
23.633988005217297,Spanish,produces,function_words,"un, una, unas, unos"
25.686721630114388,Spanish,produces,function_words,mucho
33.85496467607582,Spanish,produces,other,después
24.219953692392565,Spanish,produces,function_words,otro/otra vez
21.19790590031054,Spanish,produces,nouns,avión
26.109217915880702,Spanish,produces,function_words,todo
19.47708522063995,Spanish,produces,function_words,ya
21.062948054778502,Spanish,produces,function_words,también
26.856896148877212,Spanish,produces,adjectives,enojado
25.199463686191464,Spanish,produces,nouns,animal
24.436490470085324,Spanish,produces,nouns,hormiga
22.055728010994866,Spanish,produces,nouns,manzana
20.0344715156676,Spanish,produces,nouns,brazos
27.528187492837237,Spanish,produces,nouns,atole
19.666189109346156,Spanish,produces,other,tía
24.802164133785674,Spanish,produces,other,bee/mee
16.816996497158108,Spanish,produces,other,bebé
34.66572296282074,Spanish,produces,other,nana
28.323147254953636,Spanish,produces,function_words,atrás
27.184187123569785,Spanish,produces,adjectives,malo
18.130465793315015,Spanish,produces,nouns,pelota
18.87854787890023,Spanish,produces,nouns,globo/bomba
21.715664230781073,Spanish,produces,nouns,plátano/banana
22.946966847937695,Spanish,produces,other,¡pum!
20.93423846912078,Spanish,produces,nouns,baño
24.16982435649411,Spanish,produces,nouns,tina
30.862883651629634,Spanish,produces,function_words,"estar, ser"
30.969858231188493,Spanish,produces,"nouns, other",playa
23.50731758211744,Spanish,produces,nouns,frijoles
22.09425793792325,Spanish,produces,nouns,oso
20.349378747135002,Spanish,produces,nouns,cama
29.119965104838432,Spanish,produces,nouns,recámara
28.872153729463513,Spanish,produces,nouns,abeja
24.773271052582583,Spanish,produces,nouns,ombligo
24.820019116600488,Spanish,produces,nouns,babero
23.91181344130393,Spanish,produces,nouns,bicicleta
26.45358926857944,Spanish,produces,adjectives,grande
22.727017250513462,Spanish,produces,nouns,pájaro
25.480701541969005,Spanish,produces,verbs,morder
23.639155603740218,Spanish,produces,nouns,cobija
21.013692200492827,Spanish,produces,other,¡salud!
26.943799079428914,Spanish,produces,verbs,soplar
26.875652825539042,Spanish,produces,adjectives,azul
26.298466629127383,Spanish,produces,nouns,barco
24.69946357169371,Spanish,produces,nouns,libro
26.105068397618872,Spanish,produces,nouns,botas
20.336409254618264,Spanish,produces,nouns,botella/mamila
23.84778053057939,Spanish,produces,nouns,caja
21.25348374888985,Spanish,produces,other,niño
16.72293670701088,Spanish,produces,nouns,pan
25.68262375218596,Spanish,produces,verbs,romper
23.331393878842253,Spanish,produces,nouns,chichi/pecho
27.252607641133345,Spanish,produces,adjectives,roto
23.30573409962408,Spanish,produces,nouns,escoba
26.770256117294547,Spanish,produces,other,hermano
22.066538204180983,Spanish,produces,nouns,cepillo
24.117166412778587,Spanish,produces,nouns,conejo
26.350619954969183,Spanish,produces,nouns,mariposa
24.063735927028464,Spanish,produces,nouns,botón
16.39430559431961,Spanish,produces,other,adíos/byebye
22.192901653914344,Spanish,produces,nouns,pastel
28.55942561726942,Spanish,produces,verbs,poder
27.648335055815487,Spanish,produces,nouns,vela
20.439818393052697,Spanish,produces,nouns,dulce
19.228099492536522,Spanish,produces,nouns,carro/coche
20.537038392533223,Spanish,produces,adjectives,cuidado
19.512875058079153,Spanish,produces,nouns,gato
28.472784523390796,Spanish,produces,nouns,cereal
20.41089951613367,Spanish,produces,nouns,silla
25.207989710498016,Spanish,produces,nouns,cachete
22.917310672597193,Spanish,produces,nouns,queso
22.220071446190566,Spanish,produces,nouns,pollito
20.49861945776028,Spanish,produces,nouns,pollo
21.742694400293182,Spanish,produces,other,(nombre del niño/a)
21.250294342610253,Spanish,produces,nouns,chile
25.27599658888912,Spanish,produces,other,tutú
28.29637853470093,Spanish,produces,"nouns, other",iglesia/templo
29.045002077718426,Spanish,produces,nouns,cigarros
27.056274565984996,Spanish,produces,adjectives,limpio
21.361797410020856,Spanish,produces,verbs,subir
24.922536606556818,Spanish,produces,verbs,cerrar
28.60532262956878,Spanish,produces,nouns,ropero/closet
26.74990760430132,Spanish,produces,nouns,trapo
26.23434239820698,Spanish,produces,nouns,nube
27.24444031180294,Spanish,produces,other,quiquiriquí
24.390692957731225,Spanish,produces,nouns,café
23.13446429924374,Spanish,produces,adjectives,frío
24.083705564520553,Spanish,produces,verbs,peinar(se)
22.935064872883594,Spanish,produces,nouns,peine
19.520399900097363,Spanish,produces,nouns,galleta
33.11455756959153,Spanish,produces,nouns,sofá
21.942150414644278,Spanish,produces,nouns,vaca
23.148206119221122,Spanish,produces,nouns,cuna
23.82674457131531,Spanish,produces,verbs,llorar
23.469688368210907,Spanish,produces,nouns,taza
28.07979755797944,Spanish,produces,adjectives,guapo
12.714317976110083,Spanish,produces,other,papá/papi
22.959071903141382,Spanish,produces,verbs,bailar
30.72855905834112,Spanish,produces,adjectives,oscuro
29.108880725493965,Spanish,produces,other,día
32.14224110090007,Spanish,produces,nouns,venado
20.04450209075473,Spanish,produces,nouns,pañal
37.22116729025603,Spanish,produces,adjectives,diferente
24.97680756986609,Spanish,produces,adjectives,sucio
17.920952075851808,Spanish,produces,nouns,perro
22.747707240960324,Spanish,produces,nouns,muñeca
24.199396669320848,Spanish,produces,nouns,burro
21.970011366176475,Spanish,produces,nouns,puerta
23.977648380130958,Spanish,produces,function_words,abajo
27.008137803057583,Spanish,produces,verbs,dibujar
25.997588002437656,Spanish,produces,nouns,cajón
25.917830570312553,Spanish,produces,nouns,vestido
28.61098352603302,Spanish,produces,nouns,tambor
20.855482618136723,Spanish,produces,verbs,secar(se)
21.472310614916843,Spanish,produces,nouns,pato
20.20123074470999,Spanish,produces,nouns,orejas
20.4214988816114,Spanish,produces,other,temprano
26.16911567535805,Spanish,produces,nouns,aretes
21.481361348465953,Spanish,produces,verbs,comer(se)
27.974400152692603,Spanish,produces,verbs,desayunar
28.096955795374633,Spanish,produces,verbs,cenar
20.50321673688935,Spanish,produces,nouns,huevo
24.299129110575862,Spanish,produces,nouns,elefante
34.15305510654989,Spanish,produces,adjectives,vacío
20.189736351630895,Spanish,produces,nouns,ojos
22.17055247621707,Spanish,produces,nouns,cara
23.172704401907865,Spanish,produces,verbs,caer(se)
32.20168807371538,Spanish,produces,other,familia
32.48672303755545,Spanish,produces,"nouns, other",campo
20.523438581030046,Spanish,produces,nouns,dedos
19.90954192413686,Spanish,produces,verbs,acabar(se)
20.88260071415263,Spanish,produces,nouns,camión de bomberos
25.198361773859837,Spanish,produces,nouns,pescado
22.97813612763071,Spanish,produces,nouns,flor
23.249176692422793,Spanish,produces,nouns,mosca
21.24359303142691,Spanish,produces,nouns,comida
20.664528938825462,Spanish,produces,nouns,pies
29.48428454818035,Spanish,produces,function_words,para
26.624171815292556,Spanish,produces,nouns,tenedor
26.171247852717503,Spanish,produces,nouns,rana
30.135134506327844,Spanish,produces,adjectives,lleno
19.973228435878838,Spanish,produces,nouns,cochera/garaje
27.230127483712202,Spanish,produces,"nouns, other",jardín
28.44318956542667,Spanish,produces,nouns,jirafa
20.85265756855232,Spanish,produces,other,niña
24.21968794681105,Spanish,produces,verbs,dar
19.893106195266625,Spanish,produces,nouns,vaso
24.356085144168002,Spanish,produces,nouns,lentes
24.134675656673352,Spanish,produces,verbs,ir(se)
20.669410263608192,Spanish,produces,nouns,cabra
29.543563913740066,Spanish,produces,other,padrino
28.739277665429842,Spanish,produces,other,madrina
21.207332055644233,Spanish,produces,other,buenas día
25.144040620800343,Spanish,produces,other,buenas noches
18.557423438472238,Spanish,produces,other,abuela
20.807249204022288,Spanish,produces,other,abuelo
23.974476944311903,Spanish,produces,nouns,uvas
29.98164146771436,Spanish,produces,adjectives,verde
20.509702079069065,Spanish,produces,nouns,pelo
22.62945650068908,Spanish,produces,nouns,jamón
29.607964735818076,Spanish,produces,nouns,martillo
19.86926560580067,Spanish,produces,nouns,manos (body_parts)
19.788676938892834,Spanish,produces,other,manos (games_routines)
21.344832218393712,Spanish,produces,adjectives,contento
35.35640358547283,Spanish,produces,adjectives,difícil
27.2398710247453,Spanish,produces,nouns,sombrero
29.430335027127565,Spanish,produces,verbs,tener
30.238893883419752,Spanish,produces,other,tengo manita
23.862750150151733,Spanish,produces,function_words,él (pronouns)
20.46337672081686,Spanish,produces,nouns,cabeza
28.48689893368085,Spanish,produces,adjectives,pesado
25.925238434855,Spanish,produces,verbs,ayudar
24.022281643851716,Spanish,produces,nouns,gallina
26.143669688371062,Spanish,produces,function_words,ella
23.599846409047988,Spanish,produces,function_words,aquí
18.49422165312328,Spanish,produces,other,hola
30.396668356251368,Spanish,produces,function_words,lo
32.682017049995515,Spanish,produces,nouns,hipopótamo
30.67394066677097,Spanish,produces,function_words,su
24.667783506207037,Spanish,produces,verbs,pegar(se)
18.19867303779951,Spanish,produces,other,pipí (coche)
20.50496538779888,Spanish,produces,nouns,caballo
21.69158963464374,Spanish,produces,adjectives,caliente
24.144634579443434,Spanish,produces,nouns,salchicha
20.6436844883069,Spanish,produces,"nouns, other",casa
29.40579751651422,Spanish,produces,function_words,cómo
25.41694637677377,Spanish,produces,adjectives,hambre
28.744610560538437,Spanish,produces,verbs,apurar(se)
24.388538646641344,Spanish,produces,verbs,doler
21.179520253494662,Spanish,produces,function_words,yo
25.343824545889373,Spanish,produces,nouns,helado/nieve
28.557797567500394,Spanish,produces,function_words,en
27.261888913584247,Spanish,produces,function_words,adentro
29.45168841534189,Spanish,produces,function_words,le
21.080715456460336,Spanish,produces,nouns,jugo
23.745738928016404,Spanish,produces,verbs,brincar
19.675453952499243,Spanish,produces,nouns,llaves
33.555749994942396,Spanish,produces,other,acerrín
19.83621595395465,Spanish,produces,other,besitos
24.43140886863911,Spanish,produces,nouns,cocina
26.04455431510731,Spanish,produces,nouns,rodilla
24.673326812886337,Spanish,produces,nouns,cuchillo
27.22174905584715,Spanish,produces,nouns,borrego
24.226824966668225,Spanish,produces,nouns,piernas
20.659775260236255,Spanish,produces,nouns,luz
24.60002750935871,Spanish,produces,nouns,león
28.02549454437352,Spanish,produces,adjectives,"chico, poco"
25.954555551181702,Spanish,produces,nouns,sala
20.216519015373457,Spanish,produces,nouns,paleta
26.516674068274693,Spanish,produces,verbs,mirar
21.08172564761881,Spanish,produces,other,ojitos
24.997600340006805,Spanish,produces,other,señor
27.216389810591835,Spanish,produces,function_words,me
21.442207300959076,Spanish,produces,nouns,carne
24.112279800458577,Spanish,produces,nouns,medicina
18.774500848717853,Spanish,produces,other,miau
17.282001343060283,Spanish,produces,nouns,leche
18.93138297240071,Spanish,produces,function_words,"mía, mías, mío, míos"
25.412258305716854,Spanish,produces,nouns,espejo
12.636021466947316,Spanish,produces,other,mamá/mami
21.89864635597374,Spanish,produces,nouns,dinero
25.672395319247425,Spanish,produces,nouns,mono
22.375896996865713,Spanish,produces,other,muu
22.263917250948573,Spanish,produces,nouns,luna
19.15689861108927,Spanish,produces,function_words,más
22.315249532658886,Spanish,produces,nouns,moto
24.16987447702721,Spanish,produces,nouns,ratón
19.69370152031808,Spanish,produces,nouns,boca
27.88404049616973,Spanish,produces,nouns,bigote
21.815689910227572,Spanish,produces,other,hacer la meme
29.210178014367997,Spanish,produces,nouns,collar
28.693944294143588,Spanish,produces,adjectives,nuevo
27.841208714834018,Spanish,produces,other,noche
15.650012593581343,Spanish,produces,"function_words, other",no
22.491607430446642,Spanish,produces,function_words,no hay
21.09663470893761,Spanish,produces,nouns,nariz
27.8902068389083,Spanish,produces,function_words,nada
26.801457905222826,Spanish,produces,other,ahorita/ahora
28.581065452923603,Spanish,produces,function_words,de
32.08080205621064,Spanish,produces,adjectives,viejo
35.565812235987465,Spanish,produces,function_words,encima
19.979668046572698,Spanish,produces,other,uno dos tres
21.287230471104007,Spanish,produces,verbs,abrir
22.422375641014717,Spanish,produces,nouns,naranja
13.843934451891775,Spanish,produces,other,¡ay!
25.714530355530197,Spanish,produces,function_words,afuera
32.943417802071394,Spanish,produces,nouns,horno
30.24992710630284,Spanish,produces,nouns,búho
24.590998286947787,Spanish,produces,nouns,chupón/chupete
25.76343106081479,Spanish,produces,verbs,pintar
26.37623214763846,Spanish,produces,nouns,pijama
22.553487439332265,Spanish,produces,nouns,pantalón
21.678218053023244,Spanish,produces,nouns,papel
27.38401198111142,Spanish,produces,"nouns, other",parque
25.193401629376815,Spanish,produces,"nouns, other",fiesta
25.57642450296895,Spanish,produces,other,tortillitas
21.957859091228073,Spanish,produces,nouns,lápiz
31.746869612868807,Spanish,produces,nouns,pingüino
32.67900202688516,Spanish,produces,other,persona
23.275369817170677,Spanish,produces,nouns,fotos
30.081639965263157,Spanish,produces,nouns,cuadro
27.35897768467139,Spanish,produces,nouns,puerco
23.851020319677573,Spanish,produces,nouns,almohada
26.49604893599582,Spanish,produces,nouns,planta
21.315651254385877,Spanish,produces,nouns,plato
23.301565492914822,Spanish,produces,verbs,jugar
22.55446143584821,Spanish,produces,other,por favor
29.674697517490568,Spanish,produces,nouns,alberca/piscina
26.48363728275348,Spanish,produces,nouns,bacinica
24.69183249170071,Spanish,produces,adjectives,bonita
20.588224427301483,Spanish,produces,nouns,bolsa
28.756157271576086,Spanish,produces,verbs,empujar
24.590513428703986,Spanish,produces,verbs,"meter(se), poner(se)"
24.04942610553261,Spanish,produces,other,cuacuá
27.527854699182374,Spanish,produces,nouns,quesadilla
25.58093669150646,Spanish,produces,nouns,radio
24.41807179320382,Spanish,produces,nouns,lluvia
30.355553862795254,Spanish,produces,verbs,leer
27.803016384831523,Spanish,produces,adjectives,rojo
26.760539078127607,Spanish,produces,nouns,refrigerador
22.784276762032512,Spanish,produces,nouns,arroz
24.579486511634745,Spanish,produces,nouns,piedra
28.4710915923575,Spanish,produces,nouns,techo
24.296397664065868,Spanish,produces,nouns,cuarto
24.10286602421333,Spanish,produces,verbs,correr
30.59531786320768,Spanish,produces,adjectives,triste
33.21813580439501,Spanish,produces,adjectives,igual
29.295183432472538,Spanish,produces,verbs,decir
20.08124242923667,Spanish,produces,adjectives,miedo
23.27030052229199,Spanish,produces,"nouns, other",escuela
25.721878438939065,Spanish,produces,nouns,tijeras
20.97991826700648,Spanish,produces,verbs,ver
31.08819740559581,Spanish,produces,function_words,se
18.763198035686525,Spanish,produces,other,shh
17.86246536571278,Spanish,produces,nouns,zapato
27.79698762664976,Spanish,produces,nouns,shorts
30.350728150317398,Spanish,produces,verbs,enseñar
27.623142742449463,Spanish,produces,nouns,regadera/ducha
27.884580136401503,Spanish,produces,adjectives,enfermo
23.873124790435096,Spanish,produces,verbs,cantar
29.158102891999057,Spanish,produces,nouns,lavabo
25.556938520416395,Spanish,produces,other,hermana
24.68018674212367,Spanish,produces,verbs,sentar(se)
27.644960042269297,Spanish,produces,nouns,falda
24.520346058473514,Spanish,produces,nouns,cielo
21.92078486467285,Spanish,produces,verbs,dormir(se)
20.618741853591338,Spanish,produces,adjectives,sueño
27.31036099931109,Spanish,produces,nouns,resbaladilla
30.618378946411323,Spanish,produces,nouns,nieve
21.178558283543257,Spanish,produces,nouns,jabón
20.609021884219615,Spanish,produces,nouns,calcetines
21.281431987616383,Spanish,produces,nouns,soda/refresco
34.71567118748332,Spanish,produces,adjectives,suave
18.649306112010926,Spanish,produces,nouns,sopa
22.809246613655336,Spanish,produces,nouns,araña
21.829135594218563,Spanish,produces,nouns,cuchara
30.930178407236884,Spanish,produces,nouns,ardilla
20.16690267484083,Spanish,produces,nouns,escalera
25.456285324395544,Spanish,produces,nouns,estrella
27.292449462658226,Spanish,produces,verbs,parar(se)
23.507207614245857,Spanish,produces,"nouns, other",tienda/mercado
26.085343076318974,Spanish,produces,nouns,estufa
20.136724607959927,Spanish,produces,"nouns, other",calle
28.40699951040941,Spanish,produces,nouns,carreola
21.81784155289796,Spanish,produces,nouns,sol
23.762851151772793,Spanish,produces,nouns,suéter
25.66185109424462,Spanish,produces,nouns,columpio
27.406361577586022,Spanish,produces,nouns,playera
21.141109105334362,Spanish,produces,nouns,mesa
25.540539807854874,Spanish,produces,verbs,"llevar(se), tomar(se)"
27.9876254431321,Spanish,produces,verbs,sacar
25.731936066003126,Spanish,produces,other,maestra
22.41836121414155,Spanish,produces,nouns,osito
22.234562559459576,Spanish,produces,nouns,teléfono
18.350455628137883,Spanish,produces,other,gracias
21.48206197951629,Spanish,produces,function_words,"aquel, aquella, esa, ese, eso"
24.848485653026433,Spanish,produces,function_words,"el (articles), la, las, los"
33.44841107422399,Spanish,produces,function_words,les
21.851810300159375,Spanish,produces,function_words,"ahí, alla/allí"
31.491701376858842,Spanish,produces,function_words,"éstas, éstos"
32.56740238604953,Spanish,produces,function_words,"ellas, ellos"
20.067021360426775,Spanish,produces,adjectives,sed
23.047228322330877,Spanish,produces,function_words,"ésta, éste, esto"
29.831034705619867,Spanish,produces,function_words,"esas, esos"
24.64372532897193,Spanish,produces,verbs,"aventar, tirar"
25.502099826109898,Spanish,produces,other,cosquillitas
28.539220274798783,Spanish,produces,nouns,tigre
28.516326809657055,Spanish,produces,adjectives,cansado
30.583331400828765,Spanish,produces,other,hoy
28.51426225739826,Spanish,produces,other,mañana
22.560890234634527,Spanish,produces,nouns,lengua
21.520300499309513,Spanish,produces,nouns,dientes
23.96820074240303,Spanish,produces,nouns,cepillo de dientes
21.348386626926402,Spanish,produces,nouns,tortilla
27.401932997364607,Spanish,produces,verbs,tocar
25.03411070643938,Spanish,produces,nouns,toalla
22.588338751576224,Spanish,produces,nouns,juguete
22.318179866253583,Spanish,produces,nouns,tren
21.629921764220764,Spanish,produces,nouns,basura
22.741786407187313,Spanish,produces,nouns,árbol
26.28783061548625,Spanish,produces,nouns,camión/troca
20.95118092566313,Spanish,produces,nouns,panza
34.73717751106487,Spanish,produces,nouns,guajolote
23.9100736961329,Spanish,produces,verbs,apagar
28.999226572075578,Spanish,produces,verbs,prender
27.06395241701513,Spanish,produces,nouns,tortuga
21.553316456045824,Spanish,produces,nouns,televisión
20.749235127666076,Spanish,produces,other,pío pío
24.47748342101053,Spanish,produces,adjectives,feo
20.694683616079644,Spanish,produces,other,tío
22.01228118472774,Spanish,produces,nouns,calzón
23.949488079867827,Spanish,produces,function_words,arriba
35.91699309339866,Spanish,produces,nouns,aspiradora
29.748722754916482,Spanish,produces,verbs,esperar(se)
24.360623089849906,Spanish,produces,verbs,caminar
25.84353354800661,Spanish,produces,verbs,querer
24.728178087536552,Spanish,produces,verbs,lavar(se)
24.799623935992276,Spanish,produces,nouns,reloj
13.29688757477936,Spanish,produces,nouns,agua
20.51213811699813,Spanish,produces,verbs,mojar(se)
21.4848100556504,Spanish,produces,function_words,qué
20.166700383974398,Spanish,produces,function_words,dónde está
29.029990013209115,Spanish,produces,function_words,cuál
27.598377671869287,Spanish,produces,function_words,quién
27.772720990999936,Spanish,produces,function_words,por qué
23.584289926398785,Spanish,produces,nouns,ventana
27.07769459839008,Spanish,produces,nouns,lobo
26.49555188544733,Spanish,produces,other,señora
14.240926708195772,Spanish,produces,other,guaguá
21.126064253089275,Spanish,produces,verbs,trabajar
26.985763713886897,Spanish,produces,verbs,escribir
27.98631766749715,Spanish,produces,adjectives,amarillo
16.742626225354222,Spanish,produces,"function_words, other",sí
32.0105783948267,Spanish,produces,other,ayer
22.377893289015507,Spanish,produces,function_words,"te, tú"
24.72949157257326,Spanish,produces,function_words,"tuya, tuyas, tuyo, tuyos"
21.748270684846023,Spanish,produces,adjectives,fuchi
13.127848852707412,Spanish,produces,other,¡am!
30.468747226948594,Spanish,produces,nouns,cierre
33.054058393069504,Spanish,produces,"nouns, other",zoológico
18.691600324255923,Spanish,understands,function_words,"un, una, unas, unos"
19.181863997645102,Spanish,understands,function_words,mucho
21.063825646897314,Spanish,understands,other,después
16.201879095775123,Spanish,understands,function_words,otro/otra vez
15.864908930845736,Spanish,understands,nouns,avión
18.78502026031502,Spanish,understands,function_words,todo
16.248118782253666,Spanish,understands,function_words,ya
21.364363171251462,Spanish,understands,function_words,también
17.51764508711238,Spanish,understands,adjectives,enojado
17.666327967044694,Spanish,understands,nouns,animal
18.02183969303445,Spanish,understands,nouns,hormiga
14.198658679176834,Spanish,understands,nouns,manzana
15.44845809058699,Spanish,understands,nouns,brazos
19.464525759891135,Spanish,understands,nouns,atole
14.817931722686264,Spanish,understands,other,tía
17.534684665550046,Spanish,understands,other,bee/mee
10.758122035870459,Spanish,understands,other,bebé
21.93938271884361,Spanish,understands,other,nana
19.0096789164088,Spanish,understands,function_words,atrás
20.148110681396663,Spanish,understands,adjectives,malo
9.196355460906409,Spanish,understands,nouns,pelota
11.251825813028097,Spanish,understands,nouns,globo/bomba
13.070789627915312,Spanish,understands,nouns,plátano/banana
17.360560239101645,Spanish,understands,other,¡pum!
12.960905232672337,Spanish,understands,nouns,baño
15.23688332657833,Spanish,understands,nouns,tina
17.813060251798117,Spanish,understands,function_words,"estar, ser"
20.224034369381716,Spanish,understands,nouns,playa
16.6360218717654,Spanish,understands,nouns,frijoles
20.211201666067048,Spanish,understands,nouns,oso
10.720646863245957,Spanish,understands,nouns,cama
19.829017509581213,Spanish,understands,nouns,recámara
19.854667993855553,Spanish,understands,nouns,abeja
16.10716902676154,Spanish,understands,nouns,ombligo
15.303139783147227,Spanish,understands,nouns,babero
16.87963611712968,Spanish,understands,nouns,bicicleta
20.357653292107795,Spanish,understands,adjectives,grande
14.804751405409089,Spanish,understands,nouns,pájaro
12.699706277108533,Spanish,understands,verbs,morder
14.967248612682583,Spanish,understands,nouns,cobija
18.09016576161976,Spanish,understands,other,¡salud!
14.05702845640253,Spanish,understands,verbs,soplar
22.099232197164035,Spanish,understands,adjectives,azul
18.7830638124239,Spanish,understands,nouns,barco
17.084419466329063,Spanish,understands,nouns,libro
19.921962674556436,Spanish,understands,nouns,botas
10.048897929139573,Spanish,understands,nouns,botella/mamila
17.412834008880544,Spanish,understands,nouns,caja
16.47810703189149,Spanish,understands,other,niño
10.537674030340487,Spanish,understands,nouns,pan
17.120900568819522,Spanish,understands,verbs,romper
17.183178909506903,Spanish,understands,nouns,chichi/pecho
19.454725330391586,Spanish,understands,adjectives,roto
15.406971005948467,Spanish,understands,nouns,escoba
17.639851747347976,Spanish,understands,other,hermano
13.64732369123421,Spanish,understands,nouns,cepillo
19.283382300153146,Spanish,understands,nouns,conejo
19.141120050782977,Spanish,understands,nouns,mariposa
18.716816874772924,Spanish,understands,nouns,botón
5.3731905489431915,Spanish,understands,other,adíos/byebye
17.409488148200467,Spanish,understands,nouns,pastel
19.463170767644794,Spanish,understands,verbs,poder
20.584642948603275,Spanish,understands,nouns,vela
12.201169869487375,Spanish,understands,nouns,dulce
10.532390041368386,Spanish,understands,nouns,carro/coche
16.334446191943723,Spanish,understands,adjectives,cuidado
13.300384338441617,Spanish,understands,nouns,gato
19.23192409871446,Spanish,understands,nouns,cereal
13.092261292120343,Spanish,understands,nouns,silla
17.805389611053805,Spanish,understands,nouns,cachete
17.50983667500752,Spanish,understands,nouns,queso
15.8232201200662,Spanish,understands,nouns,pollito
14.586591053596395,Spanish,understands,nouns,pollo
11.58340388936658,Spanish,understands,other,(nombre del niño/a)
16.567099636920236,Spanish,understands,nouns,chile
19.02523163674745,Spanish,understands,other,tutú
19.398046192285786,Spanish,understands,nouns,iglesia/templo
20.325895617243162,Spanish,understands,nouns,cigarros
19.24127143048829,Spanish,understands,adjectives,limpio
14.236034771497454,Spanish,understands,verbs,subir
14.555459761274113,Spanish,understands,verbs,cerrar
18.27885836939803,Spanish,understands,nouns,ropero/closet
17.923160731696562,Spanish,understands,nouns,trapo
19.482191114305053,Spanish,understands,nouns,nube
18.020399329823952,Spanish,understands,other,quiquiriquí
20.208168581184978,Spanish,understands,nouns,café
16.37676766587497,Spanish,understands,adjectives,frío
12.238914766733963,Spanish,understands,verbs,peinar(se)
13.101653586778511,Spanish,understands,nouns,peine
9.340541553405686,Spanish,understands,nouns,galleta
18.940609158107847,Spanish,understands,nouns,sofá
17.351197075920457,Spanish,understands,nouns,vaca
11.960899484385916,Spanish,understands,nouns,cuna
12.62864019747044,Spanish,understands,verbs,llorar
16.36550699358763,Spanish,understands,nouns,taza
22.00049445123035,Spanish,understands,adjectives,guapo
6.080959106397372,Spanish,understands,other,papá/papi
9.984071304752199,Spanish,understands,verbs,bailar
20.818861566660715,Spanish,understands,adjectives,oscuro
20.222845571965593,Spanish,understands,other,día
20.701654657705628,Spanish,understands,nouns,venado
9.360429978276235,Spanish,understands,nouns,pañal
20.78951864505902,Spanish,understands,adjectives,diferente
18.214275492139983,Spanish,understands,adjectives,sucio
9.66429548593813,Spanish,understands,nouns,perro
14.493519898974883,Spanish,understands,nouns,muñeca
18.51296640679188,Spanish,understands,nouns,burro
13.41808114147681,Spanish,understands,nouns,puerta
14.898102713695199,Spanish,understands,function_words,abajo
17.4613877186974,Spanish,understands,verbs,dibujar
17.741719429253237,Spanish,understands,nouns,cajón
18.284913628577115,Spanish,understands,nouns,vestido
18.533478193079667,Spanish,understands,nouns,tambor
18.614322581099728,Spanish,understands,verbs,secar(se)
17.659587269851666,Spanish,understands,nouns,pato
15.635286709014128,Spanish,understands,nouns,orejas
21.331333972793423,Spanish,understands,other,temprano
18.927265308546094,Spanish,understands,nouns,aretes
9.994243453968219,Spanish,understands,verbs,comer(se)
17.237899771905422,Spanish,understands,verbs,desayunar
18.284694730462917,Spanish,understands,verbs,cenar
14.862012525241855,Spanish,understands,nouns,huevo
20.839214842836064,Spanish,understands,nouns,elefante
20.099529405414405,Spanish,understands,adjectives,vacío
12.49637533893899,Spanish,understands,nouns,ojos
15.192785301199434,Spanish,understands,nouns,cara
14.752617605312347,Spanish,understands,verbs,caer(se)
20.342969533290646,Spanish,understands,other,familia
20.51865832249248,Spanish,understands,nouns,campo
14.820482252511876,Spanish,understands,nouns,dedos
15.478876703918559,Spanish,understands,verbs,acabar(se)
19.75735739649558,Spanish,understands,nouns,camión de bomberos
19.816071597671026,Spanish,understands,nouns,pescado
16.662222909719098,Spanish,understands,nouns,flor
17.530054158138284,Spanish,understands,nouns,mosca
10.18543219564891,Spanish,understands,nouns,comida
12.8066149845047,Spanish,understands,nouns,pies
20.37352694649947,Spanish,understands,function_words,para
18.296342084854714,Spanish,understands,nouns,tenedor
19.473704352209367,Spanish,understands,nouns,rana
21.209473717156182,Spanish,understands,adjectives,lleno
20.113211586981073,Spanish,understands,nouns,cochera/garaje
19.077480709460186,Spanish,understands,nouns,jardín
20.00937118738639,Spanish,understands,nouns,jirafa
15.800775541926036,Spanish,understands,other,niña
12.133259849053836,Spanish,understands,verbs,dar
12.418649050009158,Spanish,understands,nouns,vaso
16.670847435834464,Spanish,understands,nouns,lentes
15.904117648689057,Spanish,understands,verbs,ir(se)
21.045179369635253,Spanish,understands,nouns,cabra
21.40945995352353,Spanish,understands,other,padrino
20.75592223200922,Spanish,understands,other,madrina
18.659423379896026,Spanish,understands,other,buenas día
17.82833648246944,Spanish,understands,other,buenas noches
10.621865163788373,Spanish,understands,other,abuela
14.430370354164468,Spanish,understands,other,abuelo
17.951572446258794,Spanish,understands,nouns,uvas
21.46268402527798,Spanish,understands,adjectives,verde
13.41280100752557,Spanish,understands,nouns,pelo
16.432726694260722,Spanish,understands,nouns,jamón
19.547462325445874,Spanish,understands,nouns,martillo
11.277909311577757,Spanish,understands,nouns,manos (body_parts)
12.362653460069794,Spanish,understands,other,manos (games_routines)
18.450176396431296,Spanish,understands,adjectives,contento
20.28441654669559,Spanish,understands,adjectives,difícil
17.179005543236926,Spanish,understands,nouns,sombrero
19.45232543484058,Spanish,understands,verbs,tener
19.61669511286343,Spanish,understands,other,tengo manita
16.981910227242714,Spanish,understands,function_words,él (pronouns)
12.102086699072458,Spanish,understands,nouns,cabeza
19.73765434528845,Spanish,understands,adjectives,pesado
17.447127521472513,Spanish,understands,verbs,ayudar
17.996523231894102,Spanish,understands,nouns,gallina
18.41209791877159,Spanish,understands,function_words,ella
15.589560749450388,Spanish,understands,function_words,aquí
11.869115569842348,Spanish,understands,other,hola
20.303871201314706,Spanish,understands,function_words,lo
20.691189510698358,Spanish,understands,nouns,hipopótamo
20.694315757227127,Spanish,understands,function_words,su
14.087467707188805,Spanish,understands,verbs,pegar(se)
14.469963749957948,Spanish,understands,other,pipí (coche)
15.850146472808238,Spanish,understands,nouns,caballo
13.60471468977297,Spanish,understands,adjectives,caliente
18.07580328531401,Spanish,understands,nouns,salchicha
14.41970837126618,Spanish,understands,nouns,casa
20.308091539344204,Spanish,understands,function_words,cómo
15.266329945002935,Spanish,understands,adjectives,hambre
18.158711312745947,Spanish,understands,verbs,apurar(se)
16.79381733848582,Spanish,understands,verbs,doler
17.579289592015655,Spanish,understands,function_words,yo
18.235090745789485,Spanish,understands,nouns,helado/nieve
20.04128892360073,Spanish,understands,function_words,en
16.161861383253857,Spanish,understands,function_words,adentro
20.40493051281896,Spanish,understands,function_words,le
13.66034385153359,Spanish,understands,nouns,jugo
14.493165516872336,Spanish,understands,verbs,brincar
13.050836547617555,Spanish,understands,nouns,llaves
32.53613635227928,Spanish,understands,other,acerrín
10.123540228640241,Spanish,understands,other,besitos
14.926891844652873,Spanish,understands,nouns,cocina
19.70778267614112,Spanish,understands,nouns,rodilla
18.034730274342134,Spanish,understands,nouns,cuchillo
19.429507333997822,Spanish,understands,nouns,borrego
17.411224936974694,Spanish,understands,nouns,piernas
14.131012286415688,Spanish,understands,nouns,luz
18.739174802601198,Spanish,understands,nouns,león
19.3683175086625,Spanish,understands,adjectives,"chico, poco"
18.244843535832633,Spanish,understands,nouns,sala
13.149486953045939,Spanish,understands,nouns,paleta
13.261880484984808,Spanish,understands,verbs,mirar
11.637082964312143,Spanish,understands,other,ojitos
18.923201529270287,Spanish,understands,other,señor
20.938794295132926,Spanish,understands,function_words,me
16.72632382721613,Spanish,understands,nouns,carne
15.93350583777275,Spanish,understands,nouns,medicina
12.78528552715364,Spanish,understands,other,miau
2.9753466341412356,Spanish,understands,nouns,leche
14.145109051632463,Spanish,understands,function_words,"mía, mías, mío, míos"
15.332825269827874,Spanish,understands,nouns,espejo
6.372346885374281,Spanish,understands,other,mamá/mami
15.858335599874968,Spanish,understands,nouns,dinero
20.22071733617396,Spanish,understands,nouns,mono
17.09450858020507,Spanish,understands,other,muu
16.812171202992662,Spanish,understands,nouns,luna
13.088517047260687,Spanish,understands,function_words,más
18.10716254528073,Spanish,understands,nouns,moto
19.24930415050809,Spanish,understands,nouns,ratón
11.004652126133418,Spanish,understands,nouns,boca
19.723656333585666,Spanish,understands,nouns,bigote
14.682011075981388,Spanish,understands,other,hacer la meme
21.014348112256396,Spanish,understands,nouns,collar
20.262870458020306,Spanish,understands,adjectives,nuevo
18.93376522064777,Spanish,understands,other,noche
7.824547186404605,Spanish,understands,other,no
13.782041913149472,Spanish,understands,function_words,no hay
14.247349794113124,Spanish,understands,nouns,nariz
18.611044476528722,Spanish,understands,function_words,nada
18.737710934037636,Spanish,understands,other,ahorita/ahora
19.8562785810758,Spanish,understands,function_words,de
21.9240128841599,Spanish,understands,adjectives,viejo
20.00502674985509,Spanish,understands,function_words,encima
17.245242532958724,Spanish,understands,other,uno dos tres
12.916542024047814,Spanish,understands,verbs,abrir
15.721118678240867,Spanish,understands,nouns,naranja
8.785590981124173,Spanish,understands,other,¡ay!
15.54556948638988,Spanish,understands,function_words,afuera
20.481414088233077,Spanish,understands,nouns,horno
21.698802067328085,Spanish,understands,nouns,búho
16.980687421774928,Spanish,understands,nouns,chupón/chupete
17.79728802715731,Spanish,understands,verbs,pintar
18.485720288865465,Spanish,understands,nouns,pijama
15.784550695191372,Spanish,understands,nouns,pantalón
14.780340632764794,Spanish,understands,nouns,papel
19.736033110544415,Spanish,understands,nouns,parque
17.861883662713236,Spanish,understands,nouns,fiesta
15.149953731743246,Spanish,understands,other,tortillitas
15.747555629675302,Spanish,understands,nouns,lápiz
20.662218168274094,Spanish,understands,nouns,pingüino
21.301702981692547,Spanish,understands,other,persona
16.096670462432822,Spanish,understands,nouns,fotos
23.132789078732,Spanish,understands,nouns,cuadro
19.05142347069083,Spanish,understands,nouns,puerco
14.863414205459383,Spanish,understands,nouns,almohada
16.996785683113096,Spanish,understands,nouns,planta
13.416884351781604,Spanish,understands,nouns,plato
13.462109385176145,Spanish,understands,verbs,jugar
18.416880055537728,Spanish,understands,other,por favor
22.29121347207505,Spanish,understands,nouns,alberca/piscina
18.868227705687513,Spanish,understands,nouns,bacinica
17.827093519772763,Spanish,understands,adjectives,bonita
15.206063906193501,Spanish,understands,nouns,bolsa
17.592726372417605,Spanish,understands,verbs,empujar
14.645042154970813,Spanish,understands,verbs,"meter(se), poner(se)"
16.927852610554098,Spanish,understands,other,cuacuá
19.04544229074667,Spanish,understands,nouns,quesadilla
15.768507906088722,Spanish,understands,nouns,radio
16.74786718152858,Spanish,understands,nouns,lluvia
19.055246917543894,Spanish,understands,verbs,leer
23.59643734297297,Spanish,understands,adjectives,rojo
17.316417101529925,Spanish,understands,nouns,refrigerador
17.56552420064371,Spanish,understands,nouns,arroz
16.808540277780068,Spanish,understands,nouns,piedra
19.960947130325295,Spanish,understands,nouns,techo
14.672838363403812,Spanish,understands,nouns,cuarto
15.073155315730807,Spanish,understands,verbs,correr
22.832916385311872,Spanish,understands,adjectives,triste
20.66827801552533,Spanish,understands,adjectives,igual
18.48974446972825,Spanish,understands,verbs,decir
19.702167843196975,Spanish,understands,adjectives,miedo
17.203905222415315,Spanish,understands,nouns,escuela
18.464625044504498,Spanish,understands,nouns,tijeras
14.78309039221475,Spanish,understands,verbs,ver
20.863078899933384,Spanish,understands,function_words,se
14.085758873764041,Spanish,understands,other,shh
10.017120051573357,Spanish,understands,nouns,zapato
19.398212395687537,Spanish,understands,nouns,shorts
18.980351816410273,Spanish,understands,verbs,enseñar
18.42145269401079,Spanish,understands,nouns,regadera/ducha
20.451174615619067,Spanish,understands,adjectives,enfermo
13.69463080892923,Spanish,understands,verbs,cantar
18.787216983915005,Spanish,understands,nouns,lavabo
17.445917357424257,Spanish,understands,other,hermana
12.810565898739014,Spanish,understands,verbs,sentar(se)
19.889079150819835,Spanish,understands,nouns,falda
16.74577571444064,Spanish,understands,nouns,cielo
11.573858329822855,Spanish,understands,verbs,dormir(se)
15.962062937555798,Spanish,understands,adjectives,sueño
18.288793258868097,Spanish,understands,nouns,resbaladilla
19.704111037916267,Spanish,understands,nouns,nieve
14.370805471811133,Spanish,understands,nouns,jabón
12.28761358897286,Spanish,understands,nouns,calcetines
14.189460647470153,Spanish,understands,nouns,soda/refresco
21.580293691578277,Spanish,understands,adjectives,suave
11.875055548236586,Spanish,understands,nouns,sopa
17.905374864970717,Spanish,understands,nouns,araña
11.71393562156243,Spanish,understands,nouns,cuchara
21.272947277477193,Spanish,understands,nouns,ardilla
15.885304029613408,Spanish,understands,nouns,escalera
18.068829860814315,Spanish,understands,nouns,estrella
14.31368069328433,Spanish,understands,verbs,parar(se)
15.598825943701447,Spanish,understands,nouns,tienda/mercado
17.432576938983242,Spanish,understands,nouns,estufa
10.659966789081313,Spanish,understands,nouns,calle
16.087597129847357,Spanish,understands,nouns,carreola
17.015375523661497,Spanish,understands,nouns,sol
15.851739487426455,Spanish,understands,nouns,suéter
17.912524455934655,Spanish,understands,nouns,columpio
17.675799533456395,Spanish,understands,nouns,playera
13.470083628870913,Spanish,understands,nouns,mesa
13.972208724353308,Spanish,understands,verbs,"llevar(se), tomar(se)"
15.822213999034693,Spanish,understands,verbs,sacar
20.10531325307429,Spanish,understands,other,maestra
14.770597518220018,Spanish,understands,nouns,osito
13.137968882826245,Spanish,understands,nouns,teléfono
14.638923560836533,Spanish,understands,other,gracias
15.139842493890109,Spanish,understands,function_words,"aquel, aquella, esa, ese, eso"
17.553940165805965,Spanish,understands,function_words,"el (articles), la, las, los"
20.4936182463259,Spanish,understands,function_words,les
13.602284618474329,Spanish,understands,function_words,"ahí, alla/allí"
20.415174745608788,Spanish,understands,function_words,"éstas, éstos"
21.310515229266663,Spanish,understands,function_words,"ellas, ellos"
16.54251795439266,Spanish,understands,adjectives,sed
17.409419610604505,Spanish,understands,function_words,"ésta, éste, esto"
20.063313570935918,Spanish,understands,function_words,"esas, esos"
12.689273208659754,Spanish,understands,verbs,"aventar, tirar"
9.155540370519454,Spanish,understands,other,cosquillitas
19.076673146341555,Spanish,understands,nouns,tigre
19.695495192128533,Spanish,understands,adjectives,cansado
21.041676914254175,Spanish,understands,other,hoy
21.92414260223485,Spanish,understands,other,mañana
14.940155693780785,Spanish,understands,nouns,lengua
14.430930198039013,Spanish,understands,nouns,dientes
16.51537733349093,Spanish,understands,nouns,cepillo de dientes
13.009272078082942,Spanish,understands,nouns,tortilla
15.248130213181081,Spanish,understands,verbs,tocar
16.97257629981297,Spanish,understands,nouns,toalla
11.820575024061187,Spanish,understands,nouns,juguete
17.804140830329292,Spanish,understands,nouns,tren
14.537181624216219,Spanish,understands,nouns,basura
15.249185262086982,Spanish,understands,nouns,árbol
18.885281737494687,Spanish,understands,nouns,camión/troca
14.238035817425374,Spanish,understands,nouns,panza
21.23061902598773,Spanish,understands,nouns,guajolote
15.25410125220902,Spanish,understands,verbs,apagar
17.694379899463346,Spanish,understands,verbs,prender
19.726434638884044,Spanish,understands,nouns,tortuga
11.419875912846466,Spanish,understands,nouns,televisión
14.891569946199516,Spanish,understands,other,pío pío
18.967695819629245,Spanish,understands,adjectives,feo
15.970443753081808,Spanish,understands,other,tío
17.182490751332484,Spanish,understands,nouns,calzón
14.579364067992854,Spanish,understands,function_words,arriba
24.52515212387713,Spanish,understands,nouns,aspiradora
17.981755845796062,Spanish,understands,verbs,esperar(se)
10.951084808726764,Spanish,understands,verbs,caminar
15.929737996262878,Spanish,understands,verbs,querer
15.99420870650044,Spanish,understands,verbs,lavar(se)
18.2878377915484,Spanish,understands,nouns,reloj
6.632426333250777,Spanish,understands,nouns,agua
16.170844543218927,Spanish,understands,verbs,mojar(se)
17.40573363277282,Spanish,understands,function_words,qué
12.351242851054339,Spanish,understands,function_words,dónde está
18.53221657921007,Spanish,understands,function_words,cuál
17.41313551598385,Spanish,understands,function_words,quién
21.804466852724605,Spanish,understands,function_words,por qué
14.305065333850914,Spanish,understands,nouns,ventana
19.708803064610663,Spanish,understands,nouns,lobo
19.42924463905916,Spanish,understands,other,señora
9.573803583468377,Spanish,understands,other,guaguá
19.55888812619732,Spanish,understands,verbs,trabajar
16.984287239407102,Spanish,understands,verbs,escribir
22.124806420974323,Spanish,understands,adjectives,amarillo
10.265470163871322,Spanish,understands,other,sí
21.351312239062008,Spanish,understands,other,ayer
17.84850282079741,Spanish,understands,function_words,"te, tú"
18.4994964110103,Spanish,understands,function_words,"tuya, tuyas, tuyo, tuyos"
12.940396598463726,Spanish,understands,adjectives,fuchi
6.454034702870737,Spanish,understands,other,¡am!
20.76597994278553,Spanish,understands,nouns,cierre
19.5322999720575,Spanish,understands,nouns,zoológico
